series,index,angle_deg,input_present,output_present,cp2k_version,run_type,basis,scf_converged,program_ended,scf_steps,multiplicity,relative_cutoff_ha,input_sha256,output_sha256,atoms,lower_c,upper_c,hydrogen,separation_angstrom,xyz_sha256,input_cutoff,input_ngrids,input_eps_default,input_eps_scf,input_max_scf,input_scf_guess,input_added_mos,input_electronic_temperature,input_periodic,alpha_present,alpha_rows,alpha_fermi_ha,alpha_emin_ev,alpha_emax_ev,alpha_sha256,alpha_output_mos,alpha_electrons,alpha_rows_match_output,beta_present,beta_rows,beta_fermi_ha,beta_emin_ev,beta_emax_ev,beta_sha256,beta_output_mos,beta_electrons,beta_rows_match_output
DZVP_IL_25/IL_25_z2-15,0,30.0,True,True,2023.1,ENERGY,DZVP-MOLOPT-GTH,True,True,50,2,20.0,e33c6bb8e60137e11924b33f0ad48c6a46f9cd4386fdfd698740344fb2aed195,47721fff8f9953c3283e9ada045da10261ac8c2dfe46fddc759127dafe5b6247,2358,1250,1009,99,2.15,ec5ae62614c979d6267ad9033f9795b23375187483b0cefb847712c1b6fc823a,300,5,1.0E-10,1.0E-5,6000,ATOMIC,300,[K]  300,XYZ,True,4868,0.031399,-21.371358400071998,2.4104932402559998,2d44641eff568305afa8a591117df90cfee45b74f69fc3d296555c7c46210b97,4868,4568,True,True,4867,0.031399,-21.371331188687996,2.397159662096,24fe08057fd634442d731daefd04ba06f8ff4efedb0c7f5e3010170870a44aec,4867,4567,True
DZVP_IL_25/IL_25_z2-15,10,36.0,True,True,2023.1,ENERGY,DZVP-MOLOPT-GTH,True,True,34,2,20.0,e33c6bb8e60137e11924b33f0ad48c6a46f9cd4386fdfd698740344fb2aed195,0f669348173d653d236b10ffabfc9da22f83cf746ee63d60b7a82aae15cad564,2348,1250,999,99,2.15,7ff61654f4a0e16a5cba992ef1d2a539d8e1b353976f7cafc90a38dabc5806f2,300,5,1.0E-10,1.0E-5,6000,ATOMIC,300,[K]  300,XYZ,True,4848,0.031979,-21.458870211016,2.394765060304,925079766130da8a314c3df64187d3929ca560b7add84487a9330ad3ea4565aa,4848,4548,True,True,4847,0.031979,-21.458870211016,2.385159441752,007d37ed0197ff91798e70c413fa29abf1088666e4272d7234038df62d0f7fbc,4847,4547,True
DZVP_IL_25/IL_25_z2-15,11,36.6,True,True,2023.1,ENERGY,DZVP-MOLOPT-GTH,True,True,32,1,20.0,e33c6bb8e60137e11924b33f0ad48c6a46f9cd4386fdfd698740344fb2aed195,3c21f6b1cad9337ce744d4677fa3efbf77cb03e30851b0a8dfffdf64f7410513,2350,1250,1002,98,2.15,899f0ab83e6b9ab1a6359b9661ff35151c258efb31c36405e3db948917036008,300,5,1.0E-10,1.0E-5,6000,ATOMIC,300,[K]  300,XYZ,True,4853,0.031957,-21.44433933196,2.414248411248,d4b1c5b09e7a858bd15096a2b9f40191d1dcc04ed393443350b3820a1a7ef776,4853,4553,True,True,4853,0.031957,-21.44433933196,2.414248411248,d4b1c5b09e7a858bd15096a2b9f40191d1dcc04ed393443350b3820a1a7ef776,4853,4553,True
DZVP_IL_25/IL_25_z2-15,12,37.2,True,True,2023.1,ENERGY,DZVP-MOLOPT-GTH,True,True,36,1,20.0,e33c6bb8e60137e11924b33f0ad48c6a46f9cd4386fdfd698740344fb2aed195,19c2edab71aa41d2a7b9cc61781d66114b681374469854b4d832b8d5297578e6,2346,1250,998,98,2.15,73fcb144cb370aae40e79405cf5eefa2462668d394b7555a66787239b59aa751,300,5,1.0E-10,1.0E-5,6000,ATOMIC,300,[K]  300,XYZ,True,4845,0.031086,-21.44284270584,2.4334052255839995,90d637b943bdfd089f576400320c9dd3afcc7a69f4a5fb4b632554b0c6bb7f8f,4845,4545,True,True,4845,0.031086,-21.44284270584,2.4334052255839995,90d637b943bdfd089f576400320c9dd3afcc7a69f4a5fb4b632554b0c6bb7f8f,4845,4545,True
DZVP_IL_25/IL_25_z2-15,13,37.8,True,True,2023.1,ENERGY,DZVP-MOLOPT-GTH,True,True,29,1,20.0,e33c6bb8e60137e11924b33f0ad48c6a46f9cd4386fdfd698740344fb2aed195,3d92e25b93b7987e0bf192070270207c4ac372b06fb2a437003abaed2a51005d,2346,1250,998,98,2.15,eb1c28a3574a1c56015a3e2b8f8af2cec49c26b996b53ef36a5d8afb1d58f908,300,5,1.0E-10,1.0E-5,6000,ATOMIC,300,[K]  300,XYZ,True,4845,0.030676,-21.42325050936,2.443636705968,01a0e81e033f53bfe6227181a0ffc81c7fbebd2cb7cd4d794862bbe2bb56d7ce,4845,4545,True,True,4845,0.030676,-21.42325050936,2.443636705968,01a0e81e033f53bfe6227181a0ffc81c7fbebd2cb7cd4d794862bbe2bb56d7ce,4845,4545,True
DZVP_IL_25/IL_25_z2-15,14,38.4,True,True,2023.1,ENERGY,DZVP-MOLOPT-GTH,True,True,34,2,20.0,e33c6bb8e60137e11924b33f0ad48c6a46f9cd4386fdfd698740344fb2aed195,0640f20feb856b3b9cc87fe1f1dac0412c63aec3e036e59848aad5b23f95d532,2342,1250,995,97,2.15,6082c48e60e6a8d0d0a98aa5752f1d89a25d00a7cec70d60f56b5718996e8c4b,300,5,1.0E-10,1.0E-5,6000,ATOMIC,300,[K]  300,XYZ,True,4839,0.031527,-21.473618781143998,2.43895634792,809e74a23f3e574f0484ff2e3bbcf9f6fe67dc766134bfa3b9cdb5a826762f0d,4839,4539,True,True,4838,0.031527,-21.473618781143998,2.43433041264,1ef3bab0a2cfda383ed97257b48d1561e2e5b18576108edde4c00e1d24d3958f,4838,4538,True
DZVP_IL_25/IL_25_z2-15,15,39.0,True,True,2023.1,ENERGY,DZVP-MOLOPT-GTH,True,True,33,2,20.0,e33c6bb8e60137e11924b33f0ad48c6a46f9cd4386fdfd698740344fb2aed195,9b25a7e98929050389163a13eb29e99dbe54b20046029ac20dc03d620d180dfc,2344,1250,997,97,2.15,0ecd01e9141299baecd91e96558ac2e75981767f86ee8ef788cf1fff4796f43e,300,5,1.0E-10,1.0E-5,6000,ATOMIC,300,[K]  300,XYZ,True,4843,0.030153,-21.403358987656,2.484617050272,85e1534468072714fad8faabec8944369b826085e477cc03c4a729f27cc24afe,4843,4543,True,True,4842,0.030153,-21.403358987656,2.477759781504,3d6246365cc44d7cf47d0c6bfac5188e0a45e6f6d4dc2e8dd30c30dc0ef1bd38,4842,4542,True
DZVP_IL_25/IL_25_z2-15,16,39.6,True,True,2023.1,ENERGY,DZVP-MOLOPT-GTH,True,True,38,2,20.0,e33c6bb8e60137e11924b33f0ad48c6a46f9cd4386fdfd698740344fb2aed195,d79b425539e79601c55014258e3472b08f34bbb41486ea1ecb7171044feda747,2348,1250,1001,97,2.15,7b5769d3079fedbfc808ac550fd6410340a366f8a802e3342052413cc40376fb,300,5,1.0E-10,1.0E-5,6000,ATOMIC,300,[K]  300,XYZ,True,4851,0.030742,-21.420447736808,2.482168025712,d7a0545dbe3468fc25b4a26447bfdfe55badeff36a20a12941aa2be4d40190b7,4851,4551,True,True,4850,0.030742,-21.420447736808,2.478086318112,8722b3c60dc4a192dda215839567d6565d04d41484dff6fc585a915779455d27,4850,4550,True
DZVP_IL_25/IL_25_z2-15,17,40.2,True,True,2023.1,ENERGY,DZVP-MOLOPT-GTH,True,True,27,1,20.0,e33c6bb8e60137e11924b33f0ad48c6a46f9cd4386fdfd698740344fb2aed195,c8fa83d5ffcc6f58b1d9100497f04ba1d01f381009b472defa6c2262f3e4cd54,2342,1250,996,96,2.15,0115f306fd30a96ed5a1185cccfb8ffbf594bad71c66cfdff218807d9aa2abdd,300,5,1.0E-10,1.0E-5,6000,ATOMIC,300,[K]  300,XYZ,True,4840,0.030309,-21.409563183208,2.489270196936,e54e0b8827d44085004abbc18a6c9d14680e4ce5e4e679dab2dd057b37c87a71,4840,4540,True,True,4840,0.030309,-21.409563183208,2.489270196936,e54e0b8827d44085004abbc18a6c9d14680e4ce5e4e679dab2dd057b37c87a71,4840,4540,True
DZVP_IL_25/IL_25_z2-15,18,40.8,True,True,2023.1,ENERGY,DZVP-MOLOPT-GTH,True,True,31,1,20.0,e33c6bb8e60137e11924b33f0ad48c6a46f9cd4386fdfd698740344fb2aed195,b179d4b8ef96b10d8296522d170864369fdd41cb73836d06c2ab7595f6347e33,2336,1250,990,96,2.15,7f01c68056a69fce50e7e810a9699f4762d471eadd33439afe07e5a424784ce8,300,5,1.0E-10,1.0E-5,6000,ATOMIC,300,[K]  300,XYZ,True,4828,0.029579,-21.416774199968,2.480154383296,919e8edbcadbf36fa49c96f871275612067b352397058327dfe4f2949201d2a8,4828,4528,True,True,4828,0.029579,-21.416774199968,2.480154383296,919e8edbcadbf36fa49c96f871275612067b352397058327dfe4f2949201d2a8,4828,4528,True
DZVP_IL_25/IL_25_z2-15,19,41.4,True,True,2023.1,ENERGY,DZVP-MOLOPT-GTH,True,True,31,1,20.0,e33c6bb8e60137e11924b33f0ad48c6a46f9cd4386fdfd698740344fb2aed195,41cc45b477c937c954056bb91ac74d64cab2d44d489e7d0e53751afad2f7973f,2334,1250,988,96,2.15,a0b32b18bfeba2552dbeddc88b67ec8a1c1fe7d5be6c7cc5d184ccfd5b8b22af,300,5,1.0E-10,1.0E-5,6000,ATOMIC,300,[K]  300,XYZ,True,4824,0.030072,-21.434271119880002,2.451446373176,16a4e899462bff919109cda8341cba2979b0455093dc47c5a2bd221469ca72af,4824,4524,True,True,4824,0.030072,-21.434271119880002,2.451446373176,16a4e899462bff919109cda8341cba2979b0455093dc47c5a2bd221469ca72af,4824,4524,True
DZVP_IL_25/IL_25_z2-15,1,30.6,True,True,2023.1,ENERGY,DZVP-MOLOPT-GTH,True,True,52,2,20.0,e33c6bb8e60137e11924b33f0ad48c6a46f9cd4386fdfd698740344fb2aed195,5e72cbb5471d5f0717f2fe7a08d29251fa8a3ee572590dafbcab46daafcf7569,2358,1250,1009,99,2.15,f594ccec6a6c699fc92b852d39d44390171c3b70f919bd35e6e54c50532748a3,300,5,1.0E-10,1.0E-5,6000,ATOMIC,300,[K]  300,XYZ,True,4868,0.030969,-21.377236059016,2.407200662792,5cc98b4a6b6b9ee7fb374f67989c73053f9d12fec31f6e615f9633f463bf81ea,4868,4568,True,True,4867,0.030969,-21.377236059016,2.40426183332,d3660ddc58dee566b9306828c6e73de2c8ef9cf74f74a12c6fbfe108d47fb651,4867,4567,True
DZVP_IL_25/IL_25_z2-15,20,42.0,True,True,2023.1,ENERGY,DZVP-MOLOPT-GTH,True,True,29,2,20.0,e33c6bb8e60137e11924b33f0ad48c6a46f9cd4386fdfd698740344fb2aed195,259be14ba2541cf1b26fd9477ca9f87b4dbba2984537b0c4ee1fe745d6d4b8f3,2334,1250,989,95,2.15,b96c11798f95fc3324052126a28b37bdea255813ebac869543d64af7cdc5a72e,300,5,1.0E-10,1.0E-5,6000,ATOMIC,300,[K]  300,XYZ,True,4826,0.029839,-21.432937762063997,2.43215350192,b562c38e7b2e8968e59a58e44e9939902d0194f3cd0e69a0170054a7e8abdd85,4826,4526,True,True,4825,0.029839,-21.432937762063997,2.4256499811439998,9eabf8c4406e715221835b34e2a845e1ecf213ac5129ec4c8137b787744f7901,4825,4525,True
DZVP_IL_25/IL_25_z2-15,21,42.6,True,True,2023.1,ENERGY,DZVP-MOLOPT-GTH,True,True,29,2,20.0,e33c6bb8e60137e11924b33f0ad48c6a46f9cd4386fdfd698740344fb2aed195,e593264a8d7137de9735e87099bba09c04cb7365a6a8d8236f936fb5a323a209,2334,1250,989,95,2.15,f83b4480604caef5293f24bd9d9f6b2050a1eb3d87b4b4c71c1dc3f2c7882327,300,5,1.0E-10,1.0E-5,6000,ATOMIC,300,[K]  300,XYZ,True,4826,0.029747,-21.424148485032,2.415173598304,35d6b6e72c09b8ac9d3a622976d3eeda9eac019bbda3412b6d7265148eca0606,4826,4526,True,True,4825,0.029747,-21.424121273647998,2.4109286223999997,2a79564ea994cc8085c78b36d6380cf8c59237a4211a181637650c06a4ed4b97,4825,4525,True
DZVP_IL_25/IL_25_z2-15,22,43.2,True,True,2023.1,ENERGY,DZVP-MOLOPT-GTH,True,True,26,1,20.0,e33c6bb8e60137e11924b33f0ad48c6a46f9cd4386fdfd698740344fb2aed195,c50e9626b4a734c7a8da0451015bde331d0376ea0ba9e32c60f8c9d9cac90018,2332,1250,988,94,2.15,a924d7b716f04bba98e877e597e32cbebfb4bd672a7a8c8bbaa07fd6dfdc7458,300,5,1.0E-10,1.0E-5,6000,ATOMIC,300,[K]  300,XYZ,True,4823,0.029647,-21.406569930967997,2.38426146608,f2a350b90dc2d952d2f598246cb54e3b688b3357b8ea53dfe0b881f120bc61ce,4823,4523,True,True,4823,0.029647,-21.406569930967997,2.38426146608,54afe898c76a5a0a8f224bd4f6e97933d598748da66f662b02e7e2635c8b527e,4823,4523,True
DZVP_IL_25/IL_25_z2-15,23,43.8,True,True,2023.1,ENERGY,DZVP-MOLOPT-GTH,True,True,28,2,20.0,e33c6bb8e60137e11924b33f0ad48c6a46f9cd4386fdfd698740344fb2aed195,ff6462d781f827fbac3572df833116e347844ac9ff2869ac7002c71720c37070,2328,1250,985,93,2.15,cdbd678b15f1ed2143f8cd982fe8012c7038e389150fad982a36307b1e24d6fa,300,5,1.0E-10,1.0E-5,6000,ATOMIC,300,[K]  300,XYZ,True,4817,0.028635,-21.37821566884,2.391173157616,a7bc5a56c24f6ea62ac417cd4d6d7f4348cc8c9b04cde33eb515e1f5def540a0,4817,4517,True,True,4816,0.028635,-21.37821566884,2.387227506936,41f9a525e73e40029e84089b2892aa8fb9f9a674e73fad9f3d054a2ea372f93d,4816,4516,True
DZVP_IL_25/IL_25_z2-15,24,44.4,True,True,2023.1,ENERGY,DZVP-MOLOPT-GTH,True,True,28,1,20.0,e33c6bb8e60137e11924b33f0ad48c6a46f9cd4386fdfd698740344fb2aed195,4983f89202b69c6326ccd48f47e3f67df5b83fafd1eb32fec626c4236b8464bf,2330,1250,986,94,2.15,25502eb729cf3b1bd7aeae71accfd0d87639ca34478caa0307fa96e9b62cb30e,300,5,1.0E-10,1.0E-5,6000,ATOMIC,300,[K]  300,XYZ,True,4819,0.02837,-21.37032436748,2.382057343976,d0799c49a1aa792cbcd8524d1712a105ad88f7e4d01cb600abcb060f6ce6f2ca,4819,4519,True,True,4819,0.02837,-21.37032436748,2.382057343976,d0799c49a1aa792cbcd8524d1712a105ad88f7e4d01cb600abcb060f6ce6f2ca,4819,4519,True
DZVP_IL_25/IL_25_z2-15,25,45.0,True,True,2023.1,ENERGY,DZVP-MOLOPT-GTH,True,True,33,1,20.0,e33c6bb8e60137e11924b33f0ad48c6a46f9cd4386fdfd698740344fb2aed195,eec5a29d44a7ba6a1ab9385a2226dbf6211bed08eeb5ea7a6683eb4aebf3f6a2,2328,1250,984,94,2.15,11f8f1922082b1042b023d898c9c38f6da08f26c59fd47a390fe019600713920,300,5,1.0E-10,1.0E-5,6000,ATOMIC,300,[K]  300,XYZ,True,4815,0.028138,-21.373099928648,2.3590909358800003,cd167ed189b749dda896fd8540811b57bc4160be697bea2cfdbbd43932a1fd4e,4815,4515,True,True,4815,0.028138,-21.373099928648,2.3590909358800003,cd167ed189b749dda896fd8540811b57bc4160be697bea2cfdbbd43932a1fd4e,4815,4515,True
DZVP_IL_25/IL_25_z2-15,26,45.6,True,True,2023.1,ENERGY,DZVP-MOLOPT-GTH,True,True,73,2,20.0,e33c6bb8e60137e11924b33f0ad48c6a46f9cd4386fdfd698740344fb2aed195,7777a885b1147456424c8c49002795e8988ca31694adf308d6244d77c5892419,2324,1250,983,91,2.15,41efb1c1afa69b621193fdf090a82ac9bcccb9b3294b3e71adccd19e56ebe279,300,5,1.0E-10,1.0E-5,6000,ATOMIC,300,[K]  300,XYZ,True,4812,0.02836,-21.392120686064,2.321212689352,34bc517b9f7879b2e579471d0ce38be04f37535be971e86d667fb3cd7425ab98,4812,4512,True,True,4811,0.02836,-21.392120686064,2.314709168576,bb4dbd514ecc96b1f8b99a0af90859aba17716e92f118bcf5af23cbdde53b12d,4811,4511,True
DZVP_IL_25/IL_25_z2-15,27,46.2,True,True,2023.1,ENERGY,DZVP-MOLOPT-GTH,True,True,104,2,20.0,e33c6bb8e60137e11924b33f0ad48c6a46f9cd4386fdfd698740344fb2aed195,2afba9fe0432db6cd10d1fd1f3d49a94b3bf426a3ccf3e299dde195a85ce87f6,2324,1250,983,91,2.15,99d6ed55d5eb4115cf6b92c9db16e83658a00f7888d061aae46e7f04234f1820,300,5,1.0E-10,1.0E-5,6000,ATOMIC,300,[K]  300,XYZ,True,4812,0.027834,-21.385671588056002,2.339716430472,3ca2bad154257515e9b8ed24fd0393ef554de011b31fdacbd2958357230d0245,4812,4512,True,True,4811,0.027834,-21.385671588056002,2.330192446072,24d99bffafac8450284bb3b68950d71a7d48404b64608ad1be141b7218aa27b6,4811,4511,True
DZVP_IL_25/IL_25_z2-15,28,46.8,True,True,2023.1,ENERGY,DZVP-MOLOPT-GTH,False,False,,2,20.0,e33c6bb8e60137e11924b33f0ad48c6a46f9cd4386fdfd698740344fb2aed195,4a37b6d85472c4cd2a96e3bcbe39783254332af6c9f8b552365ff501228663ac,2322,1250,981,91,2.15,3a6c9769ee41896c53390800ae33f9c46d7658745a4cd22e4eb854d771566e9d,300,5,1.0E-10,1.0E-5,6000,ATOMIC,300,[K]  300,XYZ,False,,,,,,,,,False,,,,,,,,
DZVP_IL_25/IL_25_z2-15,29,47.4,True,True,2023.1,ENERGY,DZVP-MOLOPT-GTH,True,True,38,1,20.0,e33c6bb8e60137e11924b33f0ad48c6a46f9cd4386fdfd698740344fb2aed195,014b60c900f59d43f4f9d9483742f410f08fa7eec2e70efbd49a777391d6f587,2318,1250,978,90,2.15,a5f6606483b17454b033cff4675ef6df74cca568f843b9b29eea13b445059875,300,5,1.0E-10,1.0E-5,6000,ATOMIC,300,[K]  300,XYZ,True,4801,0.027233,-21.364446708535997,2.34072325168,50304526e44a5d3a220d000b3fc8051adb7b1c257ae8a07c72df08b30ef60031,4801,4501,True,True,4801,0.027233,-21.364446708535997,2.34072325168,34b5450638493121413a25e87508f13a72de6b76fd64f8a85cd9c70d6ce8f057,4801,4501,True
DZVP_IL_25/IL_25_z2-15,2,31.2,True,True,2023.1,ENERGY,DZVP-MOLOPT-GTH,True,True,78,2,20.0,e33c6bb8e60137e11924b33f0ad48c6a46f9cd4386fdfd698740344fb2aed195,2d31e2db439ebefe0f789698d25ce46666e1c417957a1e03ab42c221a9314326,2352,1250,1005,97,2.15,7dc84cf8d6873f63c13192c18d5655f229f2b1db9bfeab3e6bd509442fbb8fbb,300,5,1.0E-10,1.0E-5,6000,ATOMIC,300,[K]  300,XYZ,True,4859,0.031128,-21.394079905712,2.3723156685039997,c82715c7a085d42d3387a69a905ce5e603f57e8d8a667cf34033c6fa2d68d1b1,4859,4559,True,True,4858,0.031128,-21.394107117096,2.365376765584,438086c10490a70aff34394c993636697dcdaa7cc7519e84cca157e6dceff6d2,4858,4558,True
DZVP_IL_25/IL_25_z2-15,30,48.0,True,True,2023.1,ENERGY,DZVP-MOLOPT-GTH,True,True,39,1,20.0,e33c6bb8e60137e11924b33f0ad48c6a46f9cd4386fdfd698740344fb2aed195,43540ccda6aa81d8b96b563a0e653fa37edd46f488df53f2c6ad15ff7469cbf5,2318,1250,978,90,2.15,920b09257f4d87a2beb589ce66bf02b59e4b5fdf902d50436b9aa4fa23d16376,300,5,1.0E-10,1.0E-5,6000,ATOMIC,300,[K]  300,XYZ,True,4801,0.026866,-21.363603155632003,2.335090495192,a74d33e718f1c4869683ca95e309d95dafcba05da503752a479509de5d2031b1,4801,4501,True,True,4801,0.026866,-21.363603155632003,2.335090495192,d189e04f73d6d802a656311d016400210b04ef9b8006b1f79ee466e21c8d1116,4801,4501,True
DZVP_IL_25/IL_25_z2-15,31,48.6,True,True,2023.1,ENERGY,DZVP-MOLOPT-GTH,True,True,37,1,20.0,e33c6bb8e60137e11924b33f0ad48c6a46f9cd4386fdfd698740344fb2aed195,3f44ca7ea23fa852ff28be07e4d8817e3a103a2291987a8885819ad197ce57cf,2320,1250,980,90,2.15,7f4e1bfa389082ba7bf592099c568740d4ff680cdaf9c11595a4b6523c6db50b,300,5,1.0E-10,1.0E-5,6000,ATOMIC,300,[K]  300,XYZ,True,4805,0.027341,-21.375984335351998,2.3375395197519997,1d44777da7cc54ce8fa4dfd6aaad404891ae135e255bec2e032018e015903c7b,4805,4505,True,True,4805,0.027341,-21.375984335351998,2.3375395197519997,f9d011c9eba9bfd7d1ef97581f08d0078ca91f31e2e223c20397bdfba25f85f8,4805,4505,True
DZVP_IL_25/IL_25_z2-15,32,49.2,True,True,2023.1,ENERGY,DZVP-MOLOPT-GTH,False,False,,2,20.0,e33c6bb8e60137e11924b33f0ad48c6a46f9cd4386fdfd698740344fb2aed195,1dce77e29fa00f66e7877032912e1d1785a618a8607be5612bfe6b0e23c8e457,2314,1250,975,89,2.15,335bd3f7f488553d14152678797950f6527a489ee6bab407bd2754bd533e0967,300,5,1.0E-10,1.0E-5,6000,ATOMIC,300,[K]  300,XYZ,False,,,,,,,,,False,,,,,,,,
DZVP_IL_25/IL_25_z2-15,33,49.8,True,True,2023.1,ENERGY,DZVP-MOLOPT-GTH,False,False,,2,20.0,e33c6bb8e60137e11924b33f0ad48c6a46f9cd4386fdfd698740344fb2aed195,e1beabc4e418fa92c2f14e2eb3674b848f93c69f4b5f39e17c9666d4ff93232d,2316,1250,977,89,2.15,b8f3a52fd454f8f945684938cac4b3cf0ce6b2a9eded7d23bb041441b59e1b8a,300,5,1.0E-10,1.0E-5,6000,ATOMIC,300,[K]  300,XYZ,False,,,,,,,,,False,,,,,,,,
DZVP_IL_25/IL_25_z2-15,34,50.4,True,True,2023.1,ENERGY,DZVP-MOLOPT-GTH,True,True,45,1,20.0,e33c6bb8e60137e11924b33f0ad48c6a46f9cd4386fdfd698740344fb2aed195,7d7e6896df22458fa6c4b0a35ad016f6212093fd6aa1c1ffcf6e2c8f16907bba,2312,1250,974,88,2.15,f873173c27d9663a45b2c6ca5241057b42a42224127059b6d1cee20614cb9c48,300,5,1.0E-10,1.0E-5,6000,ATOMIC,300,[K]  300,XYZ,True,4792,0.02689,-21.396120759511998,2.325403242488,61851bf808b62c421a9aa4567d65ed4a5ac974048ce673e66fc40751c2d7d361,4792,4492,True,True,4792,0.02689,-21.396120759511998,2.325403242488,c94c1decb7b0ffccca317045b9198dcfad99f84dc8c9c8d741350b480cacf476,4792,4492,True
DZVP_IL_25/IL_25_z2-15,35,51.0,True,True,2023.1,ENERGY,DZVP-MOLOPT-GTH,True,True,47,1,20.0,e33c6bb8e60137e11924b33f0ad48c6a46f9cd4386fdfd698740344fb2aed195,467481491df02e26deaba9b1f2d7e9d4d50b27797697b81e1cf5b710a2dd4458,2312,1250,974,88,2.15,b433d5fe17deb6d2a3f7512dfd945cf74602d5249bb8210d42bbb0c8113f34ed,300,5,1.0E-10,1.0E-5,6000,ATOMIC,300,[K]  300,XYZ,True,4792,0.027975,-21.419087167607998,2.2894025814559997,bdafec3941b2cd2da312ed57f4b4f0b9602dab1b388933133181ba06d202b488,4792,4492,True,True,4792,0.027975,-21.419087167607998,2.2894025814559997,4f6c29003adb5c3837dfcd12addfc876101258e7c7a1e44b91d05f186d8188cd,4792,4492,True
DZVP_IL_25/IL_25_z2-15,36,51.6,True,True,2023.1,ENERGY,DZVP-MOLOPT-GTH,True,True,45,1,20.0,e33c6bb8e60137e11924b33f0ad48c6a46f9cd4386fdfd698740344fb2aed195,c2cac1dc3c6c3cec38cdf68326f78231a9f27dedab199f34dfee90b6b51a52f8,2312,1250,974,88,2.15,75b609e0801159583c4cedfabb2e7b6c47008c2de406ddf1348e1d6c2ba84350,300,5,1.0E-10,1.0E-5,6000,ATOMIC,300,[K]  300,XYZ,True,4792,0.027199,-21.419713029439997,2.3005592488959996,3f15c8945cf50e64179018b846a51f36ee8c0e976b6c8d4e38ee7d2c9df579ae,4792,4492,True,True,4792,0.027199,-21.419713029439997,2.3005592488959996,ad2ecfd8ef2f8fe62f31e575128aec859aaca96ab1dd44b2642262ab45036638,4792,4492,True
DZVP_IL_25/IL_25_z2-15,37,52.2,True,True,2023.1,ENERGY,DZVP-MOLOPT-GTH,True,True,44,1,20.0,e33c6bb8e60137e11924b33f0ad48c6a46f9cd4386fdfd698740344fb2aed195,69a168b5325c349340965d1c7fc46ad6a81df69de01e17beb58ef9e77f6168ac,2312,1250,974,88,2.15,d326d4a7b2ef274ee0ca78bd411a07f89a4d2310f9b63460454995bf30eb608c,300,5,1.0E-10,1.0E-5,6000,ATOMIC,300,[K]  300,XYZ,True,4792,0.027276,-21.413508833888,2.299742907376,c78617d99fbb49d6cecf881a0bb451168e6e53528b8f0d7e2cd8a73ea289b3a4,4792,4492,True,True,4792,0.027276,-21.413508833888,2.299742907376,f3375bc3e6f37b32983eadb48f43866713c3e49f820feda9d13c9a7f7672cfde,4792,4492,True
DZVP_IL_25/IL_25_z2-15,38,52.8,True,True,2023.1,ENERGY,DZVP-MOLOPT-GTH,True,True,41,1,20.0,e33c6bb8e60137e11924b33f0ad48c6a46f9cd4386fdfd698740344fb2aed195,b58e63d7d1e25e7be97fcdd911c3834464173916c7fda1d44e280261894fea4f,2306,1250,970,86,2.15,5d7cbc9be20f53e5eef45352767ed0152682142298aea0e3312faaa17ad0454a,300,5,1.0E-10,1.0E-5,6000,ATOMIC,300,[K]  300,XYZ,True,4783,0.026855,-21.400474580951997,2.3096478511519996,efe0016bb7dcce65734eb7efbb62f9712f107304fd81bc143edc602d404e3cf0,4783,4483,True,True,4783,0.026855,-21.400474580951997,2.3096478511519996,d90d0ecaa8180a850d11c05a6c199f656c9f1effa67c37ef8a6cdedcb6887848,4783,4483,True
DZVP_IL_25/IL_25_z2-15,39,53.4,True,True,2023.1,ENERGY,DZVP-MOLOPT-GTH,True,True,52,1,20.0,e33c6bb8e60137e11924b33f0ad48c6a46f9cd4386fdfd698740344fb2aed195,f5e0fd0a2ec15eaa984c895cb9f320602dc3c78945f71b45fbd4ae9db070639c,2306,1250,970,86,2.15,c61472d7efea3b94bd27f17a9e4333fc2d8b39e33702109dfdd19ac186abe6ee,300,5,1.0E-10,1.0E-5,6000,ATOMIC,300,[K]  300,XYZ,True,4783,0.026272,-21.375576164591997,2.3266549661519997,ed80c6a8855caa11501a68ab4c7e2a4d43c39bd3e3bb631d38721efc6003d1a3,4783,4483,True,True,4783,0.026272,-21.375576164591997,2.3266549661519997,385687f40e84197158db9279ec340de30c5c0208aa9baedf5d9561d33593698c,4783,4483,True
DZVP_IL_25/IL_25_z2-15,3,31.8,True,True,2023.1,ENERGY,DZVP-MOLOPT-GTH,True,True,49,1,20.0,e33c6bb8e60137e11924b33f0ad48c6a46f9cd4386fdfd698740344fb2aed195,755861991ffe8028c1bc024921fd9605742eb57ad0effcaaf1695999d0299f26,2360,1250,1010,100,2.15,80826e52115a2023b09e3f7b8512771927b51916ad8b508e946cf40ab9bfb042,300,5,1.0E-10,1.0E-5,6000,ATOMIC,300,[K]  300,XYZ,True,4870,0.032247,-21.415849012912,2.3678530015279997,4272968d39d90bfe6a891c649dc0df97e89738b95e4e6f3f27af6d36920145a2,4870,4570,True,True,4870,0.032247,-21.415849012912,2.3678530015279997,4abcc7bcf4458afa997033ab937955720ab4b54d3ee51eaf59e266a0849fc673,4870,4570,True
DZVP_IL_25/IL_25_z2-15,40,54.0,True,True,2023.1,ENERGY,DZVP-MOLOPT-GTH,True,True,50,1,20.0,e33c6bb8e60137e11924b33f0ad48c6a46f9cd4386fdfd698740344fb2aed195,71069f325d4e812d9436a8a8db079348907a3b6c24c7671b51dfc6b910aea087,2306,1250,970,86,2.15,be89f55ed5d53ea2de7c40afd95b46afe26a23834031098bbfceafbe8df1027d,300,5,1.0E-10,1.0E-5,6000,ATOMIC,300,[K]  300,XYZ,True,4783,0.026031,-21.363303830408,2.3249406489599997,c510f0624f1c24cae47fec87ce0a5129f994846af4ec39982d64419a05238353,4783,4483,True,True,4783,0.026031,-21.363303830408,2.3249406489599997,a4f2aabdc7d0cae529f464f0df99cbdc91ee1a7a67d9558211e118ef73521ba4,4783,4483,True
DZVP_IL_25/IL_25_z2-15,41,54.6,True,True,2023.1,ENERGY,DZVP-MOLOPT-GTH,True,True,53,1,20.0,e33c6bb8e60137e11924b33f0ad48c6a46f9cd4386fdfd698740344fb2aed195,fc9f87b9f72da3ba860898730bde371a35cf51592f10a10c0a16e4bec2a05933,2304,1250,968,86,2.15,3f153b1552b00cb81413011097333691095af795a8be48680fd40414e192a4e3,300,5,1.0E-10,1.0E-5,6000,ATOMIC,300,[K]  300,XYZ,True,4779,0.025981,-21.362596334423998,2.3210222096639996,5803074b42ea7074bf5c2c898fd513a3b6d757eb0b787da68aa858f5a8de6e2c,4779,4479,True,True,4779,0.025981,-21.362596334423998,2.3210222096639996,2e5987007acdc3bb41bb5933475f62720545ac474c0c856b4d848de623a76576,4779,4479,True
DZVP_IL_25/IL_25_z2-15,42,55.2,True,True,2023.1,ENERGY,DZVP-MOLOPT-GTH,True,True,92,2,20.0,e33c6bb8e60137e11924b33f0ad48c6a46f9cd4386fdfd698740344fb2aed195,e3f2a55d77592173260f80f4833b8bd15f55d779387ad38921b94a7af2bb35a1,2302,1250,967,85,2.15,efebaedb9c4c12041dfa15b2f323d4c803bfc709e468a961d04dbb900213902b,300,5,1.0E-10,1.0E-5,6000,ATOMIC,300,[K]  300,XYZ,True,4777,0.025057,-21.363031716568,2.3345190561280003,5a777d672b5a52be5d68710fe85056c61abfc36944b15489111d0769be010556,4777,4477,True,True,4776,0.025057,-21.363031716568,2.330138023304,dd4c94cbf5582d598bc3d64d5171810f682f9ae0a373dfd3fe4a54f1d3af4b34,4776,4476,True
DZVP_IL_25/IL_25_z2-15,43,55.8,True,True,2023.1,ENERGY,DZVP-MOLOPT-GTH,True,True,55,2,20.0,e33c6bb8e60137e11924b33f0ad48c6a46f9cd4386fdfd698740344fb2aed195,501d61f7933de70eae373bfabec9944f89b14844e7966408c9a1383be51b6f3f,2308,1250,971,87,2.15,3e2adcbf6f670883713b0c459194300ffd9ae6c0b8ebf570905ba191a124a814,300,5,1.0E-10,1.0E-5,6000,ATOMIC,300,[K]  300,XYZ,True,4786,0.026491,-21.37263733512,2.32221951056,be4865540599683c9cf4ec4873d2bd962e4fdb87aa6ac16891531e814e81f25c,4786,4486,True,True,4785,0.026491,-21.37263733512,2.3183554940319997,a669ab3d9048aa409d54a15767136904483bead6c65710faed69acba312b559f,4785,4485,True
DZVP_IL_25/IL_25_z2-15,44,56.4,True,True,2023.1,ENERGY,DZVP-MOLOPT-GTH,True,True,29,2,20.0,e33c6bb8e60137e11924b33f0ad48c6a46f9cd4386fdfd698740344fb2aed195,576e6d72a3b3e5f922ae5e01b300f44731c3caf22d14d0ea892df28c8312e2c0,2304,1250,967,87,2.15,199be91b65acdd9f16009c0e973d95c3e90fda4ab569e5bd8e6fe9673d6f6c04,300,5,1.0E-10,1.0E-5,6000,ATOMIC,300,[K]  300,XYZ,True,4778,0.026989,-21.38651514096,2.3025184685439997,1d4f786a5316732e485a4953ce34641bea03aab31c4fbbc03b7565d1e3ae49d2,4778,4478,True,True,4777,0.026989,-21.38651514096,2.2952802404,33252be65db4c5a0542cecee457ca528652cff23a8cb5dac4a86a05c35c7ab5c,4777,4477,True
DZVP_IL_25/IL_25_z2-15,45,57.0,True,True,2023.1,ENERGY,DZVP-MOLOPT-GTH,True,True,34,1,20.0,e33c6bb8e60137e11924b33f0ad48c6a46f9cd4386fdfd698740344fb2aed195,207b3c1117a0d62fbfbe19360b16a2cfac52ac27c21b31fc21ee605ed3667cc4,2296,1250,960,86,2.15,f435aa1be49d61f44d80c0105508d1916e3506d46ebdf724f77caef50ea6fe4e,300,5,1.0E-10,1.0E-5,6000,ATOMIC,300,[K]  300,XYZ,True,4763,0.025244,-21.393562889416003,2.3349816496559996,a3f70d9791a5374f3ce6c150498160bbe25f42ac9b24e876c0ef947153450aa0,4763,4463,True,True,4763,0.025244,-21.393562889416003,2.3349816496559996,a3f70d9791a5374f3ce6c150498160bbe25f42ac9b24e876c0ef947153450aa0,4763,4463,True
DZVP_IL_25/IL_25_z2-15,46,57.6,True,True,2023.1,ENERGY,DZVP-MOLOPT-GTH,True,True,35,2,20.0,e33c6bb8e60137e11924b33f0ad48c6a46f9cd4386fdfd698740344fb2aed195,91c1397a43bc49df205cfd59e68d9a04f50f8d213a4ee2c57ba0de4408b338cd,2302,1250,967,85,2.15,79fcdcc1d42568605f9dbe5dfaf8ff4c8c2a53645b6e040bd673d53a4c4cd524,300,5,1.0E-10,1.0E-5,6000,ATOMIC,300,[K]  300,XYZ,True,4777,0.027077,-21.401699093232,2.3166683882239996,912dc8000e14942db64a9110daf559938471e5dfe6e94291deff3cc710f81343,4777,4477,True,True,4776,0.027077,-21.401699093232,2.3107635178959995,84a89895cae5a2eb05e52da9a2ed441c0ff42d5e727cd8d7865dbb317f6f2963,4776,4476,True
DZVP_IL_25/IL_25_z2-15,47,58.2,True,True,2023.1,ENERGY,DZVP-MOLOPT-GTH,True,True,69,2,20.0,e33c6bb8e60137e11924b33f0ad48c6a46f9cd4386fdfd698740344fb2aed195,1a0ca18b05978ac9005a91a43e327d8371ab4eb8ef96666e8efca44d66a55125,2292,1250,957,85,2.15,7d1f344cd77f4395ac2f5b5b4924ec450d27a35ef797fa4f39c0fd76c62a01ae,300,5,1.0E-10,1.0E-5,6000,ATOMIC,300,[K]  300,XYZ,True,4757,0.024937,-21.409399914903997,2.35419288676,ca81c0c3c510797951b5f16ed5384a87fec5cae5b11158e27163e1abd55ff3eb,4757,4457,True,True,4756,0.024937,-21.409399914903997,2.351635016664,909a920794f3ac5e5d2bffe9a5f9ae8be4dda6de32e8d1d3af556d45e414d3c0,4756,4456,True
DZVP_IL_25/IL_25_z2-15,48,58.8,True,True,2023.1,ENERGY,DZVP-MOLOPT-GTH,True,True,72,2,20.0,e33c6bb8e60137e11924b33f0ad48c6a46f9cd4386fdfd698740344fb2aed195,af145e6430cf9a122e84f7e19e79cfb76a64b7fcf4909def7d1e8a82e01ded14,2290,1250,955,85,2.15,efe6bceacf6b2be64db9739aa9fca90f1a2bd8b4a58d2d9d382aadaaddf62a21,300,5,1.0E-10,1.0E-5,6000,ATOMIC,300,[K]  300,XYZ,True,4753,0.022915,-21.41250201268,2.3877989459999998,eecdfe8381b5edc5c7aa162018670952a6a827310d8b9d499cfe730730d2f69a,4753,4453,True,True,4752,0.022915,-21.412474801296,2.383826083936,e2e5218457401f0e25aabc9dc1ce5aaa656be29b09b9c09cb8218b7f4c244726,4752,4452,True
DZVP_IL_25/IL_25_z2-15,49,59.4,True,True,2023.1,ENERGY,DZVP-MOLOPT-GTH,False,False,,2,20.0,e33c6bb8e60137e11924b33f0ad48c6a46f9cd4386fdfd698740344fb2aed195,e0f4f4f285ba80fff3b93b6be812382ab9d4a1f3ca8f833fb7a92c6fbf68069c,2316,1250,981,85,2.15,17c450e3c6f44cbf77c7683eac6ae8aee82f8f05aefb187935f4d16a0984aa74,300,5,1.0E-10,1.0E-5,6000,ATOMIC,300,[K]  300,XYZ,True,4805,0.049454,-22.140243266376,2.7925410716159997,ea99a15a388bc29f4b0d60f4a95b1d887abd6c7c7b36c6a9943d6a8ec4431308,4805,4505,True,True,4804,0.049454,-22.14027047776,2.78358852628,dcc70d97db0e800bd7818538baec6637dd18ad5225c2069bd4c13df3260f271a,4804,4504,True
DZVP_IL_25/IL_25_z2-15,4,32.4,True,True,2023.1,ENERGY,DZVP-MOLOPT-GTH,True,True,52,2,20.0,e33c6bb8e60137e11924b33f0ad48c6a46f9cd4386fdfd698740344fb2aed195,c5e586a2de4cadcd5c5ee657167404999565603641e6aaada0749a61ab304009,2354,1250,1005,99,2.15,aeff5b76ee8ad7828a937a3047b9020f15d6eb5537009bca3fc621c011374737,300,5,1.0E-10,1.0E-5,6000,ATOMIC,300,[K]  300,XYZ,True,4860,0.032002,-21.431794883936,2.3814042707599996,282008ae5e2ce33532cc283fb62df7583356e4d6ffa63b354615280b4b1e9ded,4860,4560,True,True,4859,0.032002,-21.431767672552,2.376206896416,f08ab6311c0a27dfbedf5a05ea326bf221a91a1c83c904c675f996bcead5380d,4859,4559,True
DZVP_IL_25/IL_25_z2-15,50,60.0,True,True,2023.1,ENERGY,DZVP-MOLOPT-GTH,True,True,53,1,20.0,e33c6bb8e60137e11924b33f0ad48c6a46f9cd4386fdfd698740344fb2aed195,75228ec145ba1eb40981318765a7ce1e72df9a7d1f5e31048d4c141bbf5c98ab,2320,1250,986,84,2.15,ebe0f6956ad0750b9c6f3f404d9781b0d059510d02d6dbe917c841845851dd20,300,5,1.0E-10,1.0E-5,6000,ATOMIC,300,[K]  300,XYZ,True,4814,0.019324,-21.069556940128,2.5978164077119996,43192cded1fc4b3a40a5d6eec346b352b5de89846ca63e8cb9103398154dc0d9,4814,4514,True,True,4814,0.019324,-21.069556940128,2.5978164077119996,b8b289ef754081d266017e48af985d891c1257617773c7d503516d8dd9f01824,4814,4514,True
DZVP_IL_25/IL_25_z2-15,5,33.0,True,True,2023.1,ENERGY,DZVP-MOLOPT-GTH,True,True,52,1,20.0,e33c6bb8e60137e11924b33f0ad48c6a46f9cd4386fdfd698740344fb2aed195,f257c7fe27a4defa65f0ae24db54f819baed8078f7cbaa38eba8088ad35cfd27,2358,1250,1008,100,2.15,49255d7358f16f6231be1e8101347500730c656c589aab963f6a1088a94532e0,300,5,1.0E-10,1.0E-5,6000,ATOMIC,300,[K]  300,XYZ,True,4866,0.03254,-21.443223665216,2.36847886336,2c882d5a24c825880be0c16ef103fe729d853f5b0635b6dec589ef540d1193cc,4866,4566,True,True,4866,0.03254,-21.443223665216,2.36847886336,2c882d5a24c825880be0c16ef103fe729d853f5b0635b6dec589ef540d1193cc,4866,4566,True
DZVP_IL_25/IL_25_z2-15,6,33.6,True,True,2023.1,ENERGY,DZVP-MOLOPT-GTH,True,True,50,2,20.0,e33c6bb8e60137e11924b33f0ad48c6a46f9cd4386fdfd698740344fb2aed195,b1e7e59dd6706c8f04d4a231a6fabfa025a70caab0821f126e4c392105d8378f,2362,1250,1013,99,2.15,719be81c3b488a64fd5574a688c9d605c4c51259dd20d93976667bd91fba381b,300,5,1.0E-10,1.0E-5,6000,ATOMIC,300,[K]  300,XYZ,True,4876,0.032953,-21.44338693352,2.3761252622640003,31062aecd87c1055bb1a7513488b58498aef1b1d3e0996ca5b03c1b31a178ac8,4876,4576,True,True,4875,0.032953,-21.443359722135998,2.3660298388,91436994752cf18c7880555f67497c831d4f438bafaf13d72c2f1e4940738794,4875,4575,True
DZVP_IL_25/IL_25_z2-15,7,34.2,True,True,2023.1,ENERGY,DZVP-MOLOPT-GTH,True,True,49,1,20.0,e33c6bb8e60137e11924b33f0ad48c6a46f9cd4386fdfd698740344fb2aed195,c40ecd262d17fac21516518843a33b5b6f24029107141bc948504733fcb5e2dd,2354,1250,1004,100,2.15,50afeb5f9d50de62b9dd26fb760831543c0683a38b67e88a5bd8e6a498f2db64,300,5,1.0E-10,1.0E-5,6000,ATOMIC,300,[K]  300,XYZ,True,4858,0.03256,-21.452720438232,2.391118734848,772a959a3b43ef589d500ba914390a6e97615815238f5a2b51dcc00ee5e581e5,4858,4558,True,True,4858,0.03256,-21.452720438232,2.391118734848,772a959a3b43ef589d500ba914390a6e97615815238f5a2b51dcc00ee5e581e5,4858,4558,True
DZVP_IL_25/IL_25_z2-15,8,34.8,True,True,2023.1,ENERGY,DZVP-MOLOPT-GTH,True,True,43,1,20.0,e33c6bb8e60137e11924b33f0ad48c6a46f9cd4386fdfd698740344fb2aed195,ba5923f3ecea647a6f7bde614096606eb92627d1fe7c33fd2be8975a744e32b0,2346,1250,998,98,2.15,945bd46285de86c4502034d98ff6e82d1d8053f1a9dadd2a42a7f92a461a3132,300,5,1.0E-10,1.0E-5,6000,ATOMIC,300,[K]  300,XYZ,True,4845,0.032356,-21.46760506528,2.387281929704,f194e4339e2eea5c7ebb13da6b9e2daa792704457f0fcd5ec342de84e6d302e4,4845,4545,True,True,4845,0.032356,-21.46760506528,2.387281929704,f194e4339e2eea5c7ebb13da6b9e2daa792704457f0fcd5ec342de84e6d302e4,4845,4545,True
DZVP_IL_25/IL_25_z2-15,9,35.4,True,True,2023.1,ENERGY,DZVP-MOLOPT-GTH,True,True,44,2,20.0,e33c6bb8e60137e11924b33f0ad48c6a46f9cd4386fdfd698740344fb2aed195,715f007df7cbc6bcd68b3668065087a1c899a4aad0c89ed2f897658c99c7e16e,2352,1250,1003,99,2.15,99e46598df46fc191b314878ed086e3d4ef4349bf6d423cd7af6b2adc543dbb1,300,5,1.0E-10,1.0E-5,6000,ATOMIC,300,[K]  300,XYZ,True,4856,0.032631,-21.469156114167998,2.3808328316959995,e1c517a51921545b9f135031f78ab8a13b5f29d26cf81d79f85d26a5c73c4d5f,4856,4556,True,True,4855,0.032631,-21.469128902784,2.3764245874879997,3ac97f485def2e7b94a74e41b1b36ac913e88e1da43b37d768bc2b1f0d046184,4855,4555,True
DZVP_IL_25/IL_25_z2-20,0,30.0,True,True,2023.1,ENERGY,DZVP-MOLOPT-GTH,True,True,50,2,20.0,e33c6bb8e60137e11924b33f0ad48c6a46f9cd4386fdfd698740344fb2aed195,fa516ae085296943801527be50cb366ff6ea3b5a2470f72f42cb3a1fe26afecd,2358,1250,1009,99,2.2,5ec86c57362b827a0c3e73d43e3ac44183cca1bd019fbaf9e3c6e96ef5581447,300,5,1.0E-10,1.0E-5,6000,ATOMIC,300,[K]  300,XYZ,True,4868,0.028229,-21.115326488016,2.4401536488159996,2e4ceff45ded9f8c459b84afaa2064a3d8ec7237d4a20a4daa038a87ca77d2c2,4868,4568,True,True,4867,0.028229,-21.115299276631998,2.438493754392,d4737845fc4d7732de1af31dc6b7a0f7b72c9bd33e23014ccbbdf9a0b735414a,4867,4567,True
DZVP_IL_25/IL_25_z2-20,10,36.0,True,True,2023.1,ENERGY,DZVP-MOLOPT-GTH,True,True,39,2,20.0,e33c6bb8e60137e11924b33f0ad48c6a46f9cd4386fdfd698740344fb2aed195,94834287a93ea8540bcd1c3fe2a99144ac9d606c449cbf20e97a343ca93dd351,2348,1250,999,99,2.2,deae5d7d0164d5bd883811474ad2795374b959f085b9d261628dd5b5b73baedd,300,5,1.0E-10,1.0E-5,6000,ATOMIC,300,[K]  300,XYZ,True,4848,0.028461,-21.187518289767997,2.452915787912,25dea754e614d133c1398d5c853222f05a72c047723da0e523b84af5f8bd849d,4848,4548,True,True,4847,0.028461,-21.187518289767997,2.441731909088,ec8c24bebe12dda6a47f4f8b207ffa1ace61cb729db36989626f3758455ef252,4847,4547,True
DZVP_IL_25/IL_25_z2-20,11,36.6,True,True,2023.1,ENERGY,DZVP-MOLOPT-GTH,True,True,36,1,20.0,e33c6bb8e60137e11924b33f0ad48c6a46f9cd4386fdfd698740344fb2aed195,fe58ac6e42d01194ed8cdf3f49ef4070ade959b0eeeff31ef5d7348df6a21a32,2350,1250,1002,98,2.2,e8171025af8e35b3de6c3eb647ade08dadbf97e093b3b7e7fc21b16c4de523e9,300,5,1.0E-10,1.0E-5,6000,ATOMIC,300,[K]  300,XYZ,True,4853,0.028687,-21.174347979912,2.463664284592,2b14f9470c83867fd0607efe4d19444b8bf648eeb2ae80b2e1a4069f7236d192,4853,4553,True,True,4853,0.028687,-21.174347979912,2.463664284592,2b14f9470c83867fd0607efe4d19444b8bf648eeb2ae80b2e1a4069f7236d192,4853,4553,True
DZVP_IL_25/IL_25_z2-20,12,37.2,True,True,2023.1,ENERGY,DZVP-MOLOPT-GTH,True,True,32,1,20.0,e33c6bb8e60137e11924b33f0ad48c6a46f9cd4386fdfd698740344fb2aed195,314b0cf5c5fcac366717dd81302538bfc58a218887f2fa0c1b8ae481df1ca258,2346,1250,998,98,2.2,b4435a539fb4d59946a1fb6c9b51aeb3b486e404bf61103871c88c02872f6fed,300,5,1.0E-10,1.0E-5,6000,ATOMIC,300,[K]  300,XYZ,True,4845,0.02802,-21.171654052896002,2.478793814096,6e46f3fbc0eaad0ccfa7825c13eeb2acac1545c7eb3e484781978f4917785e08,4845,4545,True,True,4845,0.02802,-21.171654052896002,2.478793814096,6e46f3fbc0eaad0ccfa7825c13eeb2acac1545c7eb3e484781978f4917785e08,4845,4545,True
DZVP_IL_25/IL_25_z2-20,13,37.8,True,True,2023.1,ENERGY,DZVP-MOLOPT-GTH,True,True,30,1,20.0,e33c6bb8e60137e11924b33f0ad48c6a46f9cd4386fdfd698740344fb2aed195,fea87e557c6ad2b0411e191e2ae29193fc04509add14c2904f8c62a8733ed27e,2346,1250,998,98,2.2,b7fdd40ebe58b5cdfbf51f6fb07099c9e8501940909195323b2e7b2ac232ab8a,300,5,1.0E-10,1.0E-5,6000,ATOMIC,300,[K]  300,XYZ,True,4845,0.027843,-21.161286515592,2.485460603176,be23b9a8a6b0d2d5f321650261d9415d72ea961b66ed51180215b36b05ea45c0,4845,4545,True,True,4845,0.027843,-21.161286515592,2.485460603176,be23b9a8a6b0d2d5f321650261d9415d72ea961b66ed51180215b36b05ea45c0,4845,4545,True
DZVP_IL_25/IL_25_z2-20,14,38.4,True,True,2023.1,ENERGY,DZVP-MOLOPT-GTH,True,True,42,2,20.0,e33c6bb8e60137e11924b33f0ad48c6a46f9cd4386fdfd698740344fb2aed195,f42b3adae302744fe7cf6e043a372e9c40be5852534581f70340bb3b35ddec26,2342,1250,995,97,2.2,b827b0d2c99e102c971ac0e76dc0728fcd0f1fea2ceca41907de96c3e9277faf,300,5,1.0E-10,1.0E-5,6000,ATOMIC,300,[K]  300,XYZ,True,4839,0.028292,-21.2037906974,2.487202131752,e6fca284a36fe8dd63dab558062c295f0e4c229597c420bc523f88307bef2940,4839,4539,True,True,4838,0.028292,-21.2037906974,2.481378895576,ed7ca91debbfa0cd2ee50a1e08492031ee779fb9e6d66a91cca028d233cde235,4838,4538,True
DZVP_IL_25/IL_25_z2-20,15,39.0,True,True,2023.1,ENERGY,DZVP-MOLOPT-GTH,True,True,38,2,20.0,e33c6bb8e60137e11924b33f0ad48c6a46f9cd4386fdfd698740344fb2aed195,a2a55da956fa30f704bb284a3365c60f64989673f1d9057eb41a1626aa5dbd90,2344,1250,997,97,2.2,290cc1d9e909f6617befc5120b4e8f98128ec26d6349f0c3b7fc3ec9859375ce,300,5,1.0E-10,1.0E-5,6000,ATOMIC,300,[K]  300,XYZ,True,4843,0.02748,-21.151544840119996,2.5247538416719997,8893b97db99abfc620d9437b6ed79eb2abdc23bc9814eb2a7158fc1a69ddcd40,4843,4543,True,True,4842,0.02748,-21.151544840119996,2.5156652394159997,2b89f415d30c8cb236e6a30b7562ae2a701397cf2c268645b087b68eee0f17e9,4842,4542,True
DZVP_IL_25/IL_25_z2-20,16,39.6,True,True,2023.1,ENERGY,DZVP-MOLOPT-GTH,True,True,39,2,20.0,e33c6bb8e60137e11924b33f0ad48c6a46f9cd4386fdfd698740344fb2aed195,2c09c8be020715f0896ff6d6050ca5c6ccaa9bb168a5c4a99d3006b4990f8105,2348,1250,1001,97,2.2,239b0e3b920d0c77450731c56eb7b78dacb8bb61d3f6f5cb5937ab842422f1de,300,5,1.0E-10,1.0E-5,6000,ATOMIC,300,[K]  300,XYZ,True,4851,0.028101,-21.171191459368,2.520917036528,c8cde0c3507b7ff6400ab3e942b8e20eca0b3f41bb4d07ed8cbc2d01bc154ea8,4851,4551,True,True,4850,0.028101,-21.171191459368,2.51065834476,8b08623164c458be1c9a96df667f0aea4ec79687dddc628abac755258d2c000b,4850,4550,True
DZVP_IL_25/IL_25_z2-20,17,40.2,True,True,2023.1,ENERGY,DZVP-MOLOPT-GTH,True,True,31,1,20.0,e33c6bb8e60137e11924b33f0ad48c6a46f9cd4386fdfd698740344fb2aed195,7653ad618b1921979ac952c69900279d0a1c317489580d013cfb400bd80eac37,2342,1250,996,96,2.2,21ad221966229de2d6afae00e39270da6c0cd457aa5e752c93f2639e549b14ab,300,5,1.0E-10,1.0E-5,6000,ATOMIC,300,[K]  300,XYZ,True,4840,0.027847,-21.16991252432,2.514685629592,9764017b474bb890ae113fe490ce09fe20f34e11fcfb7074717230e4772b9ace,4840,4540,True,True,4840,0.027847,-21.16991252432,2.514685629592,9764017b474bb890ae113fe490ce09fe20f34e11fcfb7074717230e4772b9ace,4840,4540,True
DZVP_IL_25/IL_25_z2-20,18,40.8,True,True,2023.1,ENERGY,DZVP-MOLOPT-GTH,True,True,29,1,20.0,e33c6bb8e60137e11924b33f0ad48c6a46f9cd4386fdfd698740344fb2aed195,4a50f0f6edce37de1879fe1589513f5b5419f34178d66e1f17384ac4ed378592,2336,1250,990,96,2.2,5aa034a19f6277201391e4be032cc3cf20aabd3fb1c176164ac8a7e6d62c93d7,300,5,1.0E-10,1.0E-5,6000,ATOMIC,300,[K]  300,XYZ,True,4828,0.027092,-21.180007947784,2.5112297838239996,0251cbf76156004d538c89c64df5731f65193e73ab4f1a52eb94c6d234a2278b,4828,4528,True,True,4828,0.027092,-21.180007947784,2.5112297838239996,0251cbf76156004d538c89c64df5731f65193e73ab4f1a52eb94c6d234a2278b,4828,4528,True
DZVP_IL_25/IL_25_z2-20,19,41.4,True,True,2023.1,ENERGY,DZVP-MOLOPT-GTH,True,True,30,1,20.0,e33c6bb8e60137e11924b33f0ad48c6a46f9cd4386fdfd698740344fb2aed195,8ca31636c03d1d8b45bd45dae634641cb8d47eadb26ee6d96e25aa993d8c060a,2334,1250,988,96,2.2,34844f9d2dba7f580a8d775dd7af7f593a132891bf3e3785f614d724c6257e32,300,5,1.0E-10,1.0E-5,6000,ATOMIC,300,[K]  300,XYZ,True,4824,0.02757,-21.195246322824,2.503148002776,eec019ad0a9ea2c631b4825f1214db4ca5104a7ca2df24268ad63cab17f0a468,4824,4524,True,True,4824,0.02757,-21.195246322824,2.503148002776,eec019ad0a9ea2c631b4825f1214db4ca5104a7ca2df24268ad63cab17f0a468,4824,4524,True
DZVP_IL_25/IL_25_z2-20,1,30.6,True,True,2023.1,ENERGY,DZVP-MOLOPT-GTH,True,True,51,2,20.0,e33c6bb8e60137e11924b33f0ad48c6a46f9cd4386fdfd698740344fb2aed195,58a587b949545ce39e315f618e31fafe1c594a6121383a6e041479ace0ea3bfb,2358,1250,1009,99,2.2,b3982df5e071147955de345a2af5f1a3659ad567adb47b819e010f1f40724094,300,5,1.0E-10,1.0E-5,6000,ATOMIC,300,[K]  300,XYZ,True,4868,0.027952,-21.119898000528,2.4410244131039995,4dda53926c733824d49aae6d6541d2d1e175a0f417b85ab73a823d434708db89,4868,4568,True,True,4867,0.027952,-21.119870789144,2.435663770456,247ce897852d388a9318ca181e4f1e9374d3f81e039f78da28430d92bd1c4a93,4867,4567,True
DZVP_IL_25/IL_25_z2-20,20,42.0,True,True,2023.1,ENERGY,DZVP-MOLOPT-GTH,True,True,27,2,20.0,e33c6bb8e60137e11924b33f0ad48c6a46f9cd4386fdfd698740344fb2aed195,adb5cba94f9b0b8c637480103dfae7590d81d5e41969a23ef26c2220f0fbc754,2334,1250,989,95,2.2,11736b24d10bc799c52a096ec677b724e4c1335191c6eca14038ee9907d31ab3,300,5,1.0E-10,1.0E-5,6000,ATOMIC,300,[K]  300,XYZ,True,4826,0.027531,-21.190457119239998,2.479827846688,79ffcad1c548dc6b8a596f8bd395d620f6a4a862100bea0903c9076d9bde1a64,4826,4526,True,True,4825,0.027531,-21.190457119239998,2.476943439984,6f5f4c93f404b1bf6223de8b8874ce745ecb2e6a8a67cdef52485b61005cc683,4825,4525,True
DZVP_IL_25/IL_25_z2-20,21,42.6,True,True,2023.1,ENERGY,DZVP-MOLOPT-GTH,True,True,34,2,20.0,e33c6bb8e60137e11924b33f0ad48c6a46f9cd4386fdfd698740344fb2aed195,ad73353ca197a0f2523644997b34b8a36904b083b7e952d820dc9da9291a8c73,2334,1250,989,95,2.2,926416a1326781edea33387c233b3a2d08e5bd966db74299cf38d8aa3a60fd42,300,5,1.0E-10,1.0E-5,6000,ATOMIC,300,[K]  300,XYZ,True,4826,0.027513,-21.19249797304,2.457215186584,d3cb885300c5cdde5a9ed328cf9d93769127c37ab49ade2b925d7ae3457e10bb,4826,4526,True,True,4825,0.027513,-21.19249797304,2.45460289372,3f65ce3d51dd1589d25c37ff971c5b74c0dfffc3c4072a4ef5581cc88ccff514,4825,4525,True
DZVP_IL_25/IL_25_z2-20,22,43.2,True,True,2023.1,ENERGY,DZVP-MOLOPT-GTH,True,True,33,1,20.0,e33c6bb8e60137e11924b33f0ad48c6a46f9cd4386fdfd698740344fb2aed195,9902b31d14c83bbefe8e843a588519c00ae8ba9b277dc9f7917b2eff81c39123,2332,1250,988,94,2.2,ddce68b5fa35576dff53343e0eb524cc48b5c348e44419ec070afaccd9858407,300,5,1.0E-10,1.0E-5,6000,ATOMIC,300,[K]  300,XYZ,True,4823,0.027725,-21.184252923687996,2.42004443604,cf3af151a3d3529c62f75be405d82ade8ceda482ff1254e028d64ce72316a361,4823,4523,True,True,4823,0.027725,-21.184252923687996,2.42004443604,cf3af151a3d3529c62f75be405d82ade8ceda482ff1254e028d64ce72316a361,4823,4523,True
DZVP_IL_25/IL_25_z2-20,23,43.8,True,True,2023.1,ENERGY,DZVP-MOLOPT-GTH,True,True,35,2,20.0,e33c6bb8e60137e11924b33f0ad48c6a46f9cd4386fdfd698740344fb2aed195,622beae0da721082441994de01ceecb13e8be18484668360976419ce35467ecc,2328,1250,985,93,2.2,81344f78600dc614ceac9eef11fc43e8ba018ea1b18b6bf712cfa0911504f3c9,300,5,1.0E-10,1.0E-5,6000,ATOMIC,300,[K]  300,XYZ,True,4817,0.026781,-21.1609327676,2.433350802816,6e74570a334a55f58d675003b7e9028ab10a97c4dec55a6788d38d4e1db73dba,4817,4517,True,True,4816,0.026781,-21.160905556216,2.425813249448,bbb8e0e030b7d49817d87522348d6e2849c0146eea26c2d3132226454e1ec020,4816,4516,True
DZVP_IL_25/IL_25_z2-20,24,44.4,True,True,2023.1,ENERGY,DZVP-MOLOPT-GTH,True,True,33,1,20.0,e33c6bb8e60137e11924b33f0ad48c6a46f9cd4386fdfd698740344fb2aed195,83b954a9b168807a06895c42d9876e7e6d70103f0ca432536201983e63df298f,2330,1250,986,94,2.2,556485ed00fe49eed56c789ff8a2d21ef4cbfc0034e852fdffbb02f158d4f8e2,300,5,1.0E-10,1.0E-5,6000,ATOMIC,300,[K]  300,XYZ,True,4819,0.026655,-21.153095889008,2.4141667770960002,8a58446a9ea0952c240f249f8e3a225bfa956b3d22eea2ea7c94f7151aacb417,4819,4519,True,True,4819,0.026655,-21.153095889008,2.4141667770960002,8a58446a9ea0952c240f249f8e3a225bfa956b3d22eea2ea7c94f7151aacb417,4819,4519,True
DZVP_IL_25/IL_25_z2-20,25,45.0,True,True,2023.1,ENERGY,DZVP-MOLOPT-GTH,True,True,33,1,20.0,e33c6bb8e60137e11924b33f0ad48c6a46f9cd4386fdfd698740344fb2aed195,197d0ee51cea9a7dcc2c65008e65c5ea69a48e69a8785d1c98475f143964f033,2328,1250,984,94,2.2,1d690198429560ddbb46d145f869d29ef514133ea5d7b645329337f7a835e72a,300,5,1.0E-10,1.0E-5,6000,ATOMIC,300,[K]  300,XYZ,True,4815,0.026584,-21.164388613368,2.389105092432,87f724a8ea5c354757d68c9fc1d371af93b1c594c904764ad0f8b15f436d47d0,4815,4515,True,True,4815,0.026584,-21.164388613368,2.389105092432,87f724a8ea5c354757d68c9fc1d371af93b1c594c904764ad0f8b15f436d47d0,4815,4515,True
DZVP_IL_25/IL_25_z2-20,26,45.6,True,True,2023.1,ENERGY,DZVP-MOLOPT-GTH,True,True,65,2,20.0,e33c6bb8e60137e11924b33f0ad48c6a46f9cd4386fdfd698740344fb2aed195,65187061aa607689e0fda4a4cbdbe5db77c9e75287e3545aef6627ffe6a0c0a4,2324,1250,983,91,2.2,b5c2529c214a8f56dbad4b6f8e63a1323d7f31694456a400bc712d95c2c07ef2,300,5,1.0E-10,1.0E-5,6000,ATOMIC,300,[K]  300,XYZ,True,4812,0.026564,-21.176688158936003,2.35351260216,bfbc243546351e4ccde1cc16e0ace175c4f01bd1c63dfa0eee4e9be94f4813c6,4812,4512,True,True,4811,0.026564,-21.176688158936003,2.350192813312,aef828f9e86374816457b215746883009164f9016d8fc1b6cce13c2545dc510d,4811,4511,True
DZVP_IL_25/IL_25_z2-20,27,46.2,True,True,2023.1,ENERGY,DZVP-MOLOPT-GTH,True,True,212,2,20.0,e33c6bb8e60137e11924b33f0ad48c6a46f9cd4386fdfd698740344fb2aed195,523aa23687297ed4391ca1ce5f98e20369fbdf44a807eb843b5585dba02389b9,2324,1250,983,91,2.2,f51e500e7b292cd2de2b31bf5d3caba94f00e8ee8dbcc6dcc26274b5d8ff69d5,300,5,1.0E-10,1.0E-5,6000,ATOMIC,300,[K]  300,XYZ,True,4812,0.025888,-21.156497312008,2.377295351776,ecc0f2b8ccd17d056266908588d1126ebf31b068b1c738bd5e3667141270ac8f,4812,4512,True,True,4811,0.025888,-21.156497312008,2.372941530336,751447af97c2cbb19734c7529ef631b409abb34c0239551a640697ca769ca5d7,4811,4511,True
DZVP_IL_25/IL_25_z2-20,28,46.8,True,True,2023.1,ENERGY,DZVP-MOLOPT-GTH,True,True,179,2,20.0,e33c6bb8e60137e11924b33f0ad48c6a46f9cd4386fdfd698740344fb2aed195,b7f51f38970658c74c64880a368908a8eabc41ee27991ce222cd1a55ac5fccab,2322,1250,981,91,2.2,886d3a63d377b2bb0f951208e1cf7bfb02bc04ba208ba8b7c39dc50253e40427,300,5,1.0E-10,1.0E-5,6000,ATOMIC,300,[K]  300,XYZ,True,4808,0.025785,-21.142891620007997,2.37174422944,ee8b5dca8c232d9e96d95e7cdd49d60af13bba37a0e3625c5bd5f28a7f60cabf,4808,4508,True,True,4807,0.025785,-21.142891620007997,2.3700027008639997,7ad7733af9836d7d5aa43dd9b08928748fe56c4d9e21220ab7ddde16ec9bb7c4,4807,4507,True
DZVP_IL_25/IL_25_z2-20,29,47.4,True,True,2023.1,ENERGY,DZVP-MOLOPT-GTH,True,True,38,1,20.0,e33c6bb8e60137e11924b33f0ad48c6a46f9cd4386fdfd698740344fb2aed195,d531e94743d06c5ce6f4e98820ec0ef7a59207fdcde93d48187864e05708af5a,2318,1250,978,90,2.2,c339cd04096d106fb6da601773441b38e9e1c2ff54ec008bd04d4e204e7bddb7,300,5,1.0E-10,1.0E-5,6000,ATOMIC,300,[K]  300,XYZ,True,4801,0.024913,-21.1241973992,2.3922888243599996,549fa7dd8e9d0f993bc4825b31f797ff12ce53eaeddb5deadbb5456098de6997,4801,4501,True,True,4801,0.024913,-21.1241973992,2.3922888243599996,7478a62c9ad1aca60d2d11131fd8e0fd2a1fb49d228b5098a597d6adddba416b,4801,4501,True
DZVP_IL_25/IL_25_z2-20,2,31.2,True,True,2023.1,ENERGY,DZVP-MOLOPT-GTH,True,True,88,2,20.0,e33c6bb8e60137e11924b33f0ad48c6a46f9cd4386fdfd698740344fb2aed195,700c06c04c8be9bb8ccf4c4bd17d23a81a040c5607cd5e0364070bc875995cc2,2352,1250,1005,97,2.2,26c18f6593c6f4fe0786e1492d614056ea77b53e15a489c851d82c613c8b99d6,300,5,1.0E-10,1.0E-5,6000,ATOMIC,300,[K]  300,XYZ,True,4859,0.028038,-21.136333676464,2.4132143786560003,d68f7dcd9f5b2c600692645d608a8fabef6e0f4ee890d04a24878f51cf3cfe80,4859,4559,True,True,4858,0.028038,-21.136333676464,2.4081802726159998,25812f397dbad98aacfa5a9659cc2784d1044f1fd0d82cd1b75b27fca8b5f62d,4858,4558,True
DZVP_IL_25/IL_25_z2-20,30,48.0,True,True,2023.1,ENERGY,DZVP-MOLOPT-GTH,True,True,49,1,20.0,e33c6bb8e60137e11924b33f0ad48c6a46f9cd4386fdfd698740344fb2aed195,16c4135f078efa275ab36cbada9dcf9ebd9ad63662ba29dd28847741e345adc0,2318,1250,978,90,2.2,6cc25cdd20e7c5746a346004cfe45081aeec4fbbdf41c107583535e3eb6cb947,300,5,1.0E-10,1.0E-5,6000,ATOMIC,300,[K]  300,XYZ,True,4801,0.024519,-21.119136081776,2.3915813283759997,4442d511b8091fcd18f742e1ba9325619fc876c2c9c082a4498d248d3f04bfaa,4801,4501,True,True,4801,0.024519,-21.119136081776,2.3915813283759997,920685f283bdd7aa1f316982c3287a51949f4f5b62f78eb5431fd0dbf2cfd7df,4801,4501,True
DZVP_IL_25/IL_25_z2-20,31,48.6,True,True,2023.1,ENERGY,DZVP-MOLOPT-GTH,True,True,39,1,20.0,e33c6bb8e60137e11924b33f0ad48c6a46f9cd4386fdfd698740344fb2aed195,5cefdec89600649b0f56d31e154e44e88b435e1dde0e91a3c7d4f5cd66887366,2320,1250,980,90,2.2,19ebcc0bd42e414bb04a33a2f8dccf42153770ceb1115ac3d8f41657bd134b39,300,5,1.0E-10,1.0E-5,6000,ATOMIC,300,[K]  300,XYZ,True,4805,0.024956,-21.126156618847997,2.38970374288,9f178258b1d41082c87ffcb28f5f722a95c9ee9c044e42dbd9620b18c805b56a,4805,4505,True,True,4805,0.024956,-21.126156618847997,2.38970374288,437b8faa93ee249dbd48f87be614bbda43caf5858f0450eeec79c48b49a6555d,4805,4505,True
DZVP_IL_25/IL_25_z2-20,32,49.2,True,True,2023.1,ENERGY,DZVP-MOLOPT-GTH,True,True,236,2,20.0,e33c6bb8e60137e11924b33f0ad48c6a46f9cd4386fdfd698740344fb2aed195,fa8c2d016d65beeca7848396145abb72972d654e61c17649b3ef1b3583918c85,2314,1250,975,89,2.2,91f0d5744ab1ee51abe7879a24ba498c18999e6e6184be7441442d4433e19130,300,5,1.0E-10,1.0E-5,6000,ATOMIC,300,[K]  300,XYZ,True,4795,0.024468,-21.121503472184,2.3843158888479996,3196090b8317630c89e65f6fd0f34ae875831ee4661400ca598e45c09698029a,4795,4495,True,True,4794,0.024468,-21.121476260799998,2.386247897112,d13881c8239f110b61c2a1b5c771a5a45fee53f223cb092df87e74a07f68ea33,4794,4494,True
DZVP_IL_25/IL_25_z2-20,33,49.8,True,True,2023.1,ENERGY,DZVP-MOLOPT-GTH,False,False,,2,20.0,a895804af2b742871e04987447d022deb8cbe28a40bbe54e200dac4f81375554,8a21832032db627d4e83f5e2e1e7dda5197aac5f5e64a36656dea4b0dd949b50,2316,1250,977,89,2.2,622d942db9cda8ca339fb7aba1a011e8219b0c75ce7bf78304a04982c73a70eb,300,5,1.0E-10,1.0E-5,6000,RESTART,300,[K]  300,XYZ,False,,,,,,,,,False,,,,,,,,
DZVP_IL_25/IL_25_z2-20,34,50.4,True,True,2023.1,ENERGY,DZVP-MOLOPT-GTH,True,True,42,1,20.0,e33c6bb8e60137e11924b33f0ad48c6a46f9cd4386fdfd698740344fb2aed195,f0d2c48006289e9d385c610c1c88099610f473b97952b64e7c3d15550ddb6b9d,2312,1250,974,88,2.2,7f23c26888329317a9e3662a86125d8a82f0cf4785cc8d0099529aa0777de507,300,5,1.0E-10,1.0E-5,6000,ATOMIC,300,[K]  300,XYZ,True,4792,0.024221,-21.125666813936,2.3915269056079995,8508b6261a7ef237193e466b01143e23976c94d44a8f632cca5c95335616f689,4792,4492,True,True,4792,0.024221,-21.125666813936,2.3915269056079995,4a5ac38e4ff9741d3a2abb091afebaaeeb24e57bb65743d2c8f5623a695e07d2,4792,4492,True
DZVP_IL_25/IL_25_z2-20,35,51.0,True,True,2023.1,ENERGY,DZVP-MOLOPT-GTH,True,True,50,1,20.0,e33c6bb8e60137e11924b33f0ad48c6a46f9cd4386fdfd698740344fb2aed195,20de10010f99d19e39a382ae881501e63df38f8ab6d6b342bb998ef9b32aff3b,2312,1250,974,88,2.2,c57dae4e30480b4e3432b4f925593e67a81a5f523ec6e06b712ed6eef78f154c,300,5,1.0E-10,1.0E-5,6000,ATOMIC,300,[K]  300,XYZ,True,4792,0.025207,-21.150510807527997,2.3520976101919997,0a77aa3bbdf902d69d78ee6b1fd611e3fa10c958481a6293843281c11b4b2143,4792,4492,True,True,4792,0.025207,-21.150510807527997,2.3520976101919997,57700b3bc300733a6212917e06a9a28001e8fe8c7c936ce9db050c8969194d11,4792,4492,True
DZVP_IL_25/IL_25_z2-20,36,51.6,True,True,2023.1,ENERGY,DZVP-MOLOPT-GTH,True,True,47,1,20.0,e33c6bb8e60137e11924b33f0ad48c6a46f9cd4386fdfd698740344fb2aed195,ba52881e20e201609f92e85571f5299123b8e79795acf7162caea22c66e38bbb,2312,1250,974,88,2.2,5bd906574560c89cf3667ae8dc16a15e198016aa140974cf0af00a28d0103b29,300,5,1.0E-10,1.0E-5,6000,ATOMIC,300,[K]  300,XYZ,True,4792,0.024528,-21.157449710448,2.360070545704,9d63f6234bebc7930be202f1b97e7d8379ccf97a87259cf8b7aeabf2a9bf6667,4792,4492,True,True,4792,0.024528,-21.157449710448,2.360070545704,3516274ce6d3bcc3c259ba119d948327d561367019f0ca50b0844070e129aafe,4792,4492,True
DZVP_IL_25/IL_25_z2-20,37,52.2,True,True,2023.1,ENERGY,DZVP-MOLOPT-GTH,True,True,34,1,20.0,e33c6bb8e60137e11924b33f0ad48c6a46f9cd4386fdfd698740344fb2aed195,1fa65fa372de6c34aeaf96011dbadcfdb24e8d3c619a174a209ed0085b17432f,2312,1250,974,88,2.2,6636fa01e208f642fb333270b8d3d72758af56079d5c84fc524d0b5992c618d5,300,5,1.0E-10,1.0E-5,6000,ATOMIC,300,[K]  300,XYZ,True,4792,0.025215,-21.173232313167997,2.34194776396,433902f6a557a6c0d7f49c59fc9e5b8a3dd8cf3c84521e4d46ebcacd21019eeb,4792,4492,True,True,4792,0.025215,-21.173232313167997,2.34194776396,f88982fa808e8d78811dd5a1479bfac524accb59e8d431473b8c5c375d055391,4792,4492,True
DZVP_IL_25/IL_25_z2-20,38,52.8,True,True,2023.1,ENERGY,DZVP-MOLOPT-GTH,True,True,48,1,20.0,e33c6bb8e60137e11924b33f0ad48c6a46f9cd4386fdfd698740344fb2aed195,559a20fab949cb0e064d3a85b6d09b2f53cb68055c802fa522b9bb9c4c2af596,2306,1250,970,86,2.2,116a72c45d8afa8d00d7d1ae26a5c12611e0e1ec078bba9a68cda15a114d5911,300,5,1.0E-10,1.0E-5,6000,ATOMIC,300,[K]  300,XYZ,True,4783,0.024979,-21.175164321432,2.335906836712,4307b508462c78449bf8cce3fcd6ee14b4b76b70171348b9e596d4175093c5b2,4783,4483,True,True,4783,0.024979,-21.175164321432,2.335906836712,3117a66252bc3cacbeed915d705ca8d00c9f5fbf2785a14c1c76cd7c234223e4,4783,4483,True
DZVP_IL_25/IL_25_z2-20,39,53.4,True,True,2023.1,ENERGY,DZVP-MOLOPT-GTH,True,True,47,1,20.0,e33c6bb8e60137e11924b33f0ad48c6a46f9cd4386fdfd698740344fb2aed195,095df02f6fb231773c5678d156cf2d023660a4fbd52d4775fc92132fd49d5c3a,2306,1250,970,86,2.2,c8879d96265ea6d3d86ee4ace2d22d673fa9571d67a61fe07cf8d5a6a4ce236c,300,5,1.0E-10,1.0E-5,6000,ATOMIC,300,[K]  300,XYZ,True,4783,0.024607,-21.166946483464002,2.358329017128,60f86705537d60c5267d93609b0941321776b8c2dcac7a36d94a5264e4ebfa13,4783,4483,True,True,4783,0.024607,-21.166946483464002,2.358329017128,640ef9211290136d226d8c31364469ea1fa2e1ee2e348545aa2a490ddc7c9b25,4783,4483,True
DZVP_IL_25/IL_25_z2-20,3,31.8,True,True,2023.1,ENERGY,DZVP-MOLOPT-GTH,True,True,48,1,20.0,e33c6bb8e60137e11924b33f0ad48c6a46f9cd4386fdfd698740344fb2aed195,0f5fd7bb1dd99edbc4ee20d2b2d566a08d80910ff7ff2676da6833a91a3095f9,2360,1250,1010,100,2.2,2e0c10e76b43bfa5f0d7253690b568098709607429419715b648e2a6d8ad27bf,300,5,1.0E-10,1.0E-5,6000,ATOMIC,300,[K]  300,XYZ,True,4870,0.029022,-21.15807557228,2.410602085792,b7cb1c667d7fc9ef365b396c18fe49edf1412726580b6fe52a7cc2d3eb76c237,4870,4570,True,True,4870,0.029022,-21.15807557228,2.410602085792,b7cb1c667d7fc9ef365b396c18fe49edf1412726580b6fe52a7cc2d3eb76c237,4870,4570,True
DZVP_IL_25/IL_25_z2-20,40,54.0,True,True,2023.1,ENERGY,DZVP-MOLOPT-GTH,True,True,49,1,20.0,e33c6bb8e60137e11924b33f0ad48c6a46f9cd4386fdfd698740344fb2aed195,e03f2fbfa24cc1d6adbf4167d3188d5bd963dec4cce54d0a9552c06958fbcd12,2306,1250,970,86,2.2,c9aa0b3370aa876546244818d41e4526360aaa1475e5a44b2e7edd235c254179,300,5,1.0E-10,1.0E-5,6000,ATOMIC,300,[K]  300,XYZ,True,4783,0.024337,-21.151272726280002,2.3583290171280002,56994e8581f83ee651538c7832be7750d9eafec1719d1111e87385b592f41140,4783,4483,True,True,4783,0.024337,-21.151272726280002,2.3583290171280002,54b21e193bf72664ccd2903e792d4e5894ebf561bebcb696a51c050ab26303f3,4783,4483,True
DZVP_IL_25/IL_25_z2-20,41,54.6,True,True,2023.1,ENERGY,DZVP-MOLOPT-GTH,True,True,53,1,20.0,e33c6bb8e60137e11924b33f0ad48c6a46f9cd4386fdfd698740344fb2aed195,1487845c6e3297cd1c4e4bbada0279b0136a32fdc38233a4dd620be9a5acca82,2304,1250,968,86,2.2,f24d9f3245e6bce36f3cbc57747d688be962a1f69e978b2d4746c769669c5d7e,300,5,1.0E-10,1.0E-5,6000,ATOMIC,300,[K]  300,XYZ,True,4779,0.024301,-21.144850839656,2.3525602037199995,6b70706cb93c61d5960d85523247a1918e433b7c1be0c05394528cf128c991b8,4779,4479,True,True,4779,0.024301,-21.144850839656,2.3525602037199995,843c09d3ee08345cc637a7aef1670f5345911266d2aab838e164893d9c52289d,4779,4479,True
DZVP_IL_25/IL_25_z2-20,42,55.2,True,True,2023.1,ENERGY,DZVP-MOLOPT-GTH,True,True,158,2,20.0,e33c6bb8e60137e11924b33f0ad48c6a46f9cd4386fdfd698740344fb2aed195,b7e3e2382550506b07d94b9532cecd772de57d2e2c53557b8d11c025ca7580cb,2302,1250,967,85,2.2,7247c3ae4dfce9779f5444cb4b40f34517d037e19a90bf8c51d9e592278d383f,300,5,1.0E-10,1.0E-5,6000,ATOMIC,300,[K]  300,XYZ,True,4777,0.023263,-21.139354140088,2.374927961368,93ebec6dda2a106691522b0043d57864548fefb60d21c48b5879417628fd5d7c,4777,4477,True,True,4776,0.023263,-21.139354140088,2.371934709128,913e113f7cc7e7b33aeac81de8250502aea5bbbd1acfe9636bd276d7af692ba6,4776,4476,True
DZVP_IL_25/IL_25_z2-20,43,55.8,True,True,2023.1,ENERGY,DZVP-MOLOPT-GTH,True,True,64,2,20.0,e33c6bb8e60137e11924b33f0ad48c6a46f9cd4386fdfd698740344fb2aed195,e169fbb04f8805b506386965015ed42fd0196bc7f45d4faf5219245e4f80cfb1,2308,1250,971,87,2.2,d1a1097eec9c590a7b5e8240a817e7d35bae08a12221a71c24cfcacdf5ac5d97,300,5,1.0E-10,1.0E-5,6000,ATOMIC,300,[K]  300,XYZ,True,4786,0.024598,-21.143190945232,2.353050008632,f056963dde722f4ed980e8e7573d366d3926dcd47c7dbc6dd0803a7760ae4d54,4786,4486,True,True,4785,0.024598,-21.143163733848,2.3490227237999997,c5a65aa681f618a48e92b2a31f7b5857d2b6267c5aa867ef8ef680e424592d16,4785,4485,True
DZVP_IL_25/IL_25_z2-20,44,56.4,True,True,2023.1,ENERGY,DZVP-MOLOPT-GTH,True,True,34,2,20.0,e33c6bb8e60137e11924b33f0ad48c6a46f9cd4386fdfd698740344fb2aed195,3030fea11ec45ae98c537fcd497ff6a1a0f27bbe9809cb838eedd1b9a6712148,2304,1250,967,87,2.2,6edcf73af397325a4553b73b9599e16c20042c96f8f518b6e8ccee084cac1cf5,300,5,1.0E-10,1.0E-5,6000,ATOMIC,300,[K]  300,XYZ,True,4778,0.025302,-21.159626621167998,2.323961039136,17e229e5b918b304401af38a1006316d44e2f9839a0467770806eeb21079ad06,4778,4478,True,True,4777,0.025302,-21.159626621167998,2.317267038672,dc2cda9ac34239662d4539df516556eef10fd240e3227244c9554e0c7fcfd14c,4777,4477,True
DZVP_IL_25/IL_25_z2-20,45,57.0,True,True,2023.1,ENERGY,DZVP-MOLOPT-GTH,True,True,38,1,20.0,e33c6bb8e60137e11924b33f0ad48c6a46f9cd4386fdfd698740344fb2aed195,951abbfee04ce20b52fd61ed96e37c2e103943c71e8a22685a5e9a8325d311b5,2296,1250,960,86,2.2,5d195dea24395cb19e6f4609358e9dedc8a07ff7664f476623c9fac681c8e521,300,5,1.0E-10,1.0E-5,6000,ATOMIC,300,[K]  300,XYZ,True,4763,0.023423,-21.171218670751998,2.3657849363440002,86dde556ba80b441e900284cde39bb093160f1039514b832d3e507bdabe3c5ef,4763,4463,True,True,4763,0.023423,-21.171218670751998,2.3657849363440002,86dde556ba80b441e900284cde39bb093160f1039514b832d3e507bdabe3c5ef,4763,4463,True
DZVP_IL_25/IL_25_z2-20,46,57.6,True,True,2023.1,ENERGY,DZVP-MOLOPT-GTH,True,True,35,2,20.0,e33c6bb8e60137e11924b33f0ad48c6a46f9cd4386fdfd698740344fb2aed195,67f252a8f16e93ab748983cda11e99038fecd85cc08254fd4c368148a4ec0c14,2302,1250,967,85,2.2,4423f5748ddc0af127452c7dcd45eff01c11e659b6e5613a3e57bf10ff3cd162,300,5,1.0E-10,1.0E-5,6000,ATOMIC,300,[K]  300,XYZ,True,4777,0.0255,-21.186593102712,2.340532771992,2311759ef2574fa297219575934b69bd736b1b764393c6a09d5da594f4c74493,4777,4477,True,True,4776,0.0255,-21.186565891327998,2.3304645599120004,19bff9f5879b3a38ebc24ae1c5c7f6b6b8a78754c5c9c6c100d80e35cdbd2147,4776,4476,True
DZVP_IL_25/IL_25_z2-20,47,58.2,True,True,2023.1,ENERGY,DZVP-MOLOPT-GTH,True,True,82,2,20.0,e33c6bb8e60137e11924b33f0ad48c6a46f9cd4386fdfd698740344fb2aed195,59f5413ffaa66d50db63a8c547ad26cf537ff7ae9778c368d36424a1bae1c0f3,2292,1250,957,85,2.2,6bb52f60ac3a4258c5c1c22100588e86e232bb34e1b73b330811457ef108f6dc,300,5,1.0E-10,1.0E-5,6000,ATOMIC,300,[K]  300,XYZ,True,139,0.023261,-21.193069412104,-19.333171315704,56915f987e9d20a35b3274ebc3de0c858cf7293c8589ab26bc5a2889ebd823a5,4757,4457,False,True,139,0.023261,-21.193069412104,-19.333171315704,d5adfc137071e5415c478c8062d0f1def92bf0a04823a9df56592d8f6a0a2237,4756,4456,False
DZVP_IL_25/IL_25_z2-20,48,58.8,True,True,2023.1,ENERGY,DZVP-MOLOPT-GTH,True,True,56,2,20.0,e33c6bb8e60137e11924b33f0ad48c6a46f9cd4386fdfd698740344fb2aed195,e17f18467848d10d4a06196b8f5221f99f12a28d385c58315eddaecadc71babd,2290,1250,955,85,2.2,668c517f5aede5b0a6d5c3a2bbf269f9f33dc8fe0d56bc7f859893c64e61723a,300,5,1.0E-10,1.0E-5,6000,ATOMIC,300,[K]  300,XYZ,True,4753,0.021243,-21.192389127504,2.4343032012559997,54250b968a0cd045e3532b80be58b4858570055c44305229e890b07f64f7a12a,4753,4453,True,True,4752,0.021243,-21.19236191612,2.425867672216,ef85610c29441d3e71e574890f1cac12285145f025c3b37dc185464e35e0a855,4752,4452,True
DZVP_IL_25/IL_25_z2-20,49,59.4,True,True,2023.1,ENERGY,DZVP-MOLOPT-GTH,True,True,108,2,20.0,e33c6bb8e60137e11924b33f0ad48c6a46f9cd4386fdfd698740344fb2aed195,439dcf8be31557320e8c8561338d42a408a78c96e76a40297c42ce593943f3ef,2316,1250,981,85,2.2,bc66e88688f29d7f6757003eb851799b0800bffe63b3487c900de009697e9429,300,5,1.0E-10,1.0E-5,6000,ATOMIC,300,[K]  300,XYZ,True,4805,0.02352,-21.204498193384,2.413296012808,cf55af9c7357938949d2e70c387071a7b8a08244b2850216bd721d6ad99a2966,4805,4505,True,True,4804,0.02352,-21.204498193384,2.4029012641199996,3e2be3cbecc4980a56e76b41c5938a4a97f97cadfab5a26f887b0c9c6a6ddd88,4804,4504,True
DZVP_IL_25/IL_25_z2-20,4,32.4,True,True,2023.1,ENERGY,DZVP-MOLOPT-GTH,True,True,60,2,20.0,e33c6bb8e60137e11924b33f0ad48c6a46f9cd4386fdfd698740344fb2aed195,8cd34ca57ad15f1d1e706c6ffb3fa893515a5822c69dd7a337f08b996f600a36,2354,1250,1005,99,2.2,852346c874f2fbf176396fd036037cd3b86c6aafca1a0c3091974bca222b34db,300,5,1.0E-10,1.0E-5,6000,ATOMIC,300,[K]  300,XYZ,True,4860,0.028432,-21.157177596607998,2.43024870504,cb263ea5a3b719de171026602e45729b2ae09efd44999b81e87f683f79b971c2,4860,4560,True,True,4859,0.028432,-21.15712317384,2.423799607032,dcb9e90a9c6435890adb3cd279c82d55c0ee64f13b6ab15fb03147a0245bf573,4859,4559,True
DZVP_IL_25/IL_25_z2-20,50,60.0,True,True,2023.1,ENERGY,DZVP-MOLOPT-GTH,True,True,56,1,20.0,e33c6bb8e60137e11924b33f0ad48c6a46f9cd4386fdfd698740344fb2aed195,2acce3963baa506aab4d2a3e0f0d31781b33aff368e47a19e46aafe39f4cdbca,2320,1250,986,84,2.2,0cd8d921108897330b5e82657bf6cc4fe769c36dade46eb473359ae769418caa,300,5,1.0E-10,1.0E-5,6000,ATOMIC,300,[K]  300,XYZ,True,4814,0.019007,-20.905907676752,2.540101062248,9656f4b7d20113ebe78b460a34cfaee6774828f7e4850dd281c36d4c674247eb,4814,4514,True,True,4814,0.019007,-20.905907676752,2.540101062248,12f94d71b3eaacd5799e1f18da0ebdb874f62b1b7a05fa6feb0020d8f5292847,4814,4514,True
DZVP_IL_25/IL_25_z2-20,5,33.0,True,True,2023.1,ENERGY,DZVP-MOLOPT-GTH,True,True,53,1,20.0,e33c6bb8e60137e11924b33f0ad48c6a46f9cd4386fdfd698740344fb2aed195,ecad5861239a0e95c20fd4cd2c4fbe41fb1ea4387bfd81d935efc361fd7d736c,2358,1250,1008,100,2.2,b9a3daf7dd8f7edb119570e1d6d1a253600b90fc54dd0adb3532c49a5698c5ec,300,5,1.0E-10,1.0E-5,6000,ATOMIC,300,[K]  300,XYZ,True,4866,0.028744,-21.156796637232,2.432534461296,14013430d06b734d1aa99481239d585664550666fc5345d4c7a12a6d1a826e1e,4866,4566,True,True,4866,0.028744,-21.156796637232,2.432534461296,4e25c53895e75234079f656ae09a3257a376d9343bd39736d43569befe11f426,4866,4566,True
DZVP_IL_25/IL_25_z2-20,6,33.6,True,True,2023.1,ENERGY,DZVP-MOLOPT-GTH,True,True,49,2,20.0,e33c6bb8e60137e11924b33f0ad48c6a46f9cd4386fdfd698740344fb2aed195,38de3055e570a4fc24d2cef767ebf4554471dd165cba31e22d14bce5c0e2142c,2362,1250,1013,99,2.2,e6919cd0d2cfd921ecbdb6ae4128578e2c9da93498d9029b2f3a76ff4a3921d1,300,5,1.0E-10,1.0E-5,6000,ATOMIC,300,[K]  300,XYZ,True,4876,0.02908,-21.156497312008,2.443146901056,4545689f1b3c642853aea40c276c08b706eefaf95c8c8028da9685d560de3408,4876,4576,True,True,4875,0.02908,-21.156415677855996,2.4305208188800003,77a9fc29076ef2d04c7be7770e1bd275e548ce66191b6a696cc7adda5a39c9ea,4875,4575,True
DZVP_IL_25/IL_25_z2-20,7,34.2,True,True,2023.1,ENERGY,DZVP-MOLOPT-GTH,True,True,43,1,20.0,e33c6bb8e60137e11924b33f0ad48c6a46f9cd4386fdfd698740344fb2aed195,a18b9e94a7b95e6773a6e1af2645d1ff5046d508cf87c44cf5b1b3a11ddbecf7,2354,1250,1004,100,2.2,a70f9f8c4d3069adf62e1ee3f800af5bfbf4940ccb47935409490f981ebc0d59,300,5,1.0E-10,1.0E-5,6000,ATOMIC,300,[K]  300,XYZ,True,4858,0.02878,-21.163517849079998,2.4529702106799998,2c71946232291ac3b2533cbc0d84371685752f1eeae774c5396a96b28b19db5c,4858,4558,True,True,4858,0.02878,-21.163517849079998,2.4529702106799998,2c71946232291ac3b2533cbc0d84371685752f1eeae774c5396a96b28b19db5c,4858,4558,True
DZVP_IL_25/IL_25_z2-20,8,34.8,True,True,2023.1,ENERGY,DZVP-MOLOPT-GTH,True,True,47,1,20.0,e33c6bb8e60137e11924b33f0ad48c6a46f9cd4386fdfd698740344fb2aed195,8c52b49447aa190f416eb7d82ea000efad2d99922cb9014389416a2fbd6bc817,2346,1250,998,98,2.2,a7e4ad3d461c81bc28fe3091f49aa6370afde011b8a3aa6307cccf8f47f9ebab,300,5,1.0E-10,1.0E-5,6000,ATOMIC,300,[K]  300,XYZ,True,4845,0.028469,-21.1745384596,2.4570791296639998,b544b53037317b082b7b934dba8bef76d8a34d9fecf8ff527c342f60fdfb63f8,4845,4545,True,True,4845,0.028469,-21.1745384596,2.4570791296639998,b544b53037317b082b7b934dba8bef76d8a34d9fecf8ff527c342f60fdfb63f8,4845,4545,True
DZVP_IL_25/IL_25_z2-20,9,35.4,True,True,2023.1,ENERGY,DZVP-MOLOPT-GTH,True,True,47,2,20.0,e33c6bb8e60137e11924b33f0ad48c6a46f9cd4386fdfd698740344fb2aed195,071e1a64efb3655a162d7904c3787c95d0bb94bf33eead8b80624f53cc224a4b,2352,1250,1003,99,2.2,d81dfa62fbfcc87b665eb71c08d0c9660ec8bd73e961105d6c1a630dddeaca5a,300,5,1.0E-10,1.0E-5,6000,ATOMIC,300,[K]  300,XYZ,True,4856,0.028965,-21.185259744896,2.442684307528,6d0fbf85df6cd417b5b1634c67e4ece17845452f7f2b9a6f960d4aafc2dff2cc,4856,4556,True,True,4855,0.028965,-21.185259744896,2.4398815349759997,06e8fca976d921dfcfbb180c5cc2854c50886f58e1da40999b528d3e33589e61,4855,4555,True
DZVP_IL_25/IL_25_z2-25,0,30.0,True,True,2023.1,ENERGY,DZVP-MOLOPT-GTH,True,True,36,2,20.0,e33c6bb8e60137e11924b33f0ad48c6a46f9cd4386fdfd698740344fb2aed195,744dc5537affb943194378f5c682eeb4a450f4eed18fc73004ac2abbb607b380,2358,1250,1009,99,2.25,37b27a811e9826e27ca2dfa8f840bed639245ae52e589764d68a6054103a4879,300,5,1.0E-10,1.0E-5,6000,ATOMIC,300,[K]  300,XYZ,True,4868,0.025012,-20.88432904924,2.4843993591999998,9d06665d2d88f46fb6db43b05ffa32fdbc1ed659298b42d277c5f653c484a048,4868,4568,True,True,4867,0.025012,-20.88432904924,2.4768618058319998,545d9c9b86f072a5dc89f2a5f14337c56813c44d9402e678d4a5871322e2a534,4867,4567,True
DZVP_IL_25/IL_25_z2-25,10,36.0,True,True,2023.1,ENERGY,DZVP-MOLOPT-GTH,True,True,42,2,20.0,e33c6bb8e60137e11924b33f0ad48c6a46f9cd4386fdfd698740344fb2aed195,bcc52252c49eb35ff3e93728dff496bfb2035f6a493128a7b0e01f5c6695edc4,2348,1250,999,99,2.25,cf2cd3d979bb4a5d11609594795cf932ae831e7a22239956f84442de513b341d,300,5,1.0E-10,1.0E-5,6000,ATOMIC,300,[K]  300,XYZ,True,4848,0.024631,-20.916220791287998,2.52154289836,c5016a133eff7528f5063cf7bfa6245fddb41d58cd9fbb0ed713744f4245a2ee,4848,4548,True,True,4847,0.024631,-20.916220791287998,2.5169441744639998,66a569c71d030cb594ad507b4c9b3ae546fb52dc6fde1a8cec64985f37ecd495,4847,4547,True
DZVP_IL_25/IL_25_z2-25,11,36.6,True,True,2023.1,ENERGY,DZVP-MOLOPT-GTH,True,True,38,1,20.0,e33c6bb8e60137e11924b33f0ad48c6a46f9cd4386fdfd698740344fb2aed195,fb862cf3bf7981ad48fea8244db711532c0b2369a73d7866f9bdac7c9886033c,2350,1250,1002,98,2.25,29ce4dabae300116b853ba6ef3246359c74411ea961f6e7c2aebf519c204f848,300,5,1.0E-10,1.0E-5,6000,ATOMIC,300,[K]  300,XYZ,True,4853,0.025081,-20.913826189496,2.5221415488079995,06b15a8489941739d8809673c427654cccd6d8c186259aaf4ee024e69228aa54,4853,4553,True,True,4853,0.025081,-20.913826189496,2.5221415488079995,06b15a8489941739d8809673c427654cccd6d8c186259aaf4ee024e69228aa54,4853,4553,True
DZVP_IL_25/IL_25_z2-25,12,37.2,True,True,2023.1,ENERGY,DZVP-MOLOPT-GTH,True,True,32,1,20.0,e33c6bb8e60137e11924b33f0ad48c6a46f9cd4386fdfd698740344fb2aed195,2e666cdacaa570915a0d9dc12f8abb7cb0dbd160ff2892b3718965a4864d5089,2346,1250,998,98,2.25,43fc63505d701304446f5506a6b54ae68491d706cfe3d3e756ac885b11947a6c,300,5,1.0E-10,1.0E-5,6000,ATOMIC,300,[K]  300,XYZ,True,4845,0.024586,-20.913390807352002,2.533407061784,6e78210b1ef91a4c7434ea70a143def2f4912ca7cd39fd0b02d63cb89987a388,4845,4545,True,True,4845,0.024586,-20.913390807352002,2.533407061784,6e78210b1ef91a4c7434ea70a143def2f4912ca7cd39fd0b02d63cb89987a388,4845,4545,True
DZVP_IL_25/IL_25_z2-25,13,37.8,True,True,2023.1,ENERGY,DZVP-MOLOPT-GTH,True,True,31,1,20.0,e33c6bb8e60137e11924b33f0ad48c6a46f9cd4386fdfd698740344fb2aed195,0db283fd5c18168e3e1b246019722d1c021f9ace223b3c5140ec192ba00fff11,2346,1250,998,98,2.25,5d94a4344d4c60244cdbf8fb0504649afc41c09cde8d71938fdfca1338c614e7,300,5,1.0E-10,1.0E-5,6000,ATOMIC,300,[K]  300,XYZ,True,4845,0.024904,-20.91480579932,2.528372955744,5bf18f4bea5e2ca05e947b0780bc2af577af73e375d926f77f56f7aef20c3e09,4845,4545,True,True,4845,0.024904,-20.91480579932,2.528372955744,5bf18f4bea5e2ca05e947b0780bc2af577af73e375d926f77f56f7aef20c3e09,4845,4545,True
DZVP_IL_25/IL_25_z2-25,14,38.4,True,True,2023.1,ENERGY,DZVP-MOLOPT-GTH,True,True,51,2,20.0,e33c6bb8e60137e11924b33f0ad48c6a46f9cd4386fdfd698740344fb2aed195,3055c6c61f4bba820b81d9b8b51f04ea1a233870acc0a14cadae76be9ce93611,2342,1250,995,97,2.25,05a437f1b6b738f1088295ed7067e200c9c48828c8b16b31d2c67a3cdf56e2ac,300,5,1.0E-10,1.0E-5,6000,ATOMIC,300,[K]  300,XYZ,True,4839,0.025177,-20.956275948535996,2.530958037224,3055ec087fc4691ac7e06395a0eb05547e3b6e4f615bfe44383faef2f3710948,4839,4539,True,True,4838,0.025177,-20.956248737152,2.526767484088,eb30afee49d7a6d30fdfbf8d1232911e77c476854897cbc5eef99f3f39bf36cf,4838,4538,True
DZVP_IL_25/IL_25_z2-25,15,39.0,True,True,2023.1,ENERGY,DZVP-MOLOPT-GTH,True,True,40,2,20.0,e33c6bb8e60137e11924b33f0ad48c6a46f9cd4386fdfd698740344fb2aed195,9cc54863101e09706c523d8ae1d82f7cfb3fefb2ffc9d40a8720746a9fd3bd59,2344,1250,997,97,2.25,33d9c58c04693da5bc02e62910f96c66fb3cd0cf57d397af257ffaf7521cb592,300,5,1.0E-10,1.0E-5,6000,ATOMIC,300,[K]  300,XYZ,True,4843,0.024677,-20.919105197992,2.555638762512,8730ce2ed2845a46f9dc3cc91517438198ca3a9b4e5224ffa088cd9262144161,4843,4543,True,True,4842,0.024677,-20.919105197992,2.5505230223199997,876f80e9cece435505328f4c832588e6f953aeccba5e1974973f5908f220896c,4842,4542,True
DZVP_IL_25/IL_25_z2-25,16,39.6,True,True,2023.1,ENERGY,DZVP-MOLOPT-GTH,True,True,42,2,20.0,e33c6bb8e60137e11924b33f0ad48c6a46f9cd4386fdfd698740344fb2aed195,bce621a964d4dab1ddc7ce64c97e2dd003a0f6739a8e98bd77ebe578b806299e,2348,1250,1001,97,2.25,856892f1c98d88a41dc63d1a85fb0452725037e8193fd7c0ad9fa491a8e5c23c,300,5,1.0E-10,1.0E-5,6000,ATOMIC,300,[K]  300,XYZ,True,4851,0.025271,-20.937608939112,2.553298583488,9c2785793c4df9a44da7630b1f992e8021e28e799d59242edc2354d9e07492a5,4851,4551,True,True,4850,0.025271,-20.937608939112,2.5509039816959995,b6f2be05275db0d0bf45cecd70dd42e4ec49eb6e72fbc42775048e768668f75b,4850,4550,True
DZVP_IL_25/IL_25_z2-25,17,40.2,True,True,2023.1,ENERGY,DZVP-MOLOPT-GTH,True,True,34,1,20.0,e33c6bb8e60137e11924b33f0ad48c6a46f9cd4386fdfd698740344fb2aed195,f7534c1fc0dea7ccde30df577880c57ab6cd9a128b7a8ae61620b29488bd5cda,2342,1250,996,96,2.25,a2bf42e1271dc6332c83c2999596e2a10c642ebfb47371b20e0fc9acc43d7fc1,300,5,1.0E-10,1.0E-5,6000,ATOMIC,300,[K]  300,XYZ,True,4840,0.025199,-20.944166882655995,2.543257582792,b2be4377296a52b873190e710cf9e28e6c7f61a82b9a985eb98235e277c94257,4840,4540,True,True,4840,0.025199,-20.944166882655995,2.543257582792,b2be4377296a52b873190e710cf9e28e6c7f61a82b9a985eb98235e277c94257,4840,4540,True
DZVP_IL_25/IL_25_z2-25,18,40.8,True,True,2023.1,ENERGY,DZVP-MOLOPT-GTH,True,True,29,1,20.0,e33c6bb8e60137e11924b33f0ad48c6a46f9cd4386fdfd698740344fb2aed195,25a95b9e0a2c31b09518b26b21b1249ff0ca26722c30ae35fe1cc5f06e7bf243,2336,1250,990,96,2.25,9a765d3b2a6203440a26be312f69e31633db9e300f4bfbdd06919dbfbb7d4136,300,5,1.0E-10,1.0E-5,6000,ATOMIC,300,[K]  300,XYZ,True,4828,0.024332,-20.948221378872,2.5478835180719996,544ce20bf7668d70360e9b314726fd9dcc7c66e64ab1a01524b13ea1aca77811,4828,4528,True,True,4828,0.024332,-20.948221378872,2.5478835180719996,544ce20bf7668d70360e9b314726fd9dcc7c66e64ab1a01524b13ea1aca77811,4828,4528,True
DZVP_IL_25/IL_25_z2-25,19,41.4,True,True,2023.1,ENERGY,DZVP-MOLOPT-GTH,True,True,31,1,20.0,e33c6bb8e60137e11924b33f0ad48c6a46f9cd4386fdfd698740344fb2aed195,52b81dd36c182c59fef4667db04c6a55a8be3a22638f8cd4d943e7284428f89c,2334,1250,988,96,2.25,e75b36174cc1f6c514d6589c8449c960e12b685d13476999255b6320fd868719,300,5,1.0E-10,1.0E-5,6000,ATOMIC,300,[K]  300,XYZ,True,4824,0.024684,-20.957881420192,2.549761103568,67d263c93e282802815efc22562f816118fd0214bd37531c139249f84938aeb0,4824,4524,True,True,4824,0.024684,-20.957881420192,2.549761103568,67d263c93e282802815efc22562f816118fd0214bd37531c139249f84938aeb0,4824,4524,True
DZVP_IL_25/IL_25_z2-25,1,30.6,True,True,2023.1,ENERGY,DZVP-MOLOPT-GTH,True,True,37,2,20.0,e33c6bb8e60137e11924b33f0ad48c6a46f9cd4386fdfd698740344fb2aed195,8ba9e0d5b69e31f675da32f04e9661f9b3da2629c5678a41151a925f2e5ef1c1,2358,1250,1009,99,2.25,b3214d456c0b45de248f7cace357dd7ee4c9dd710a44af6fa0e3900809a2d28a,300,5,1.0E-10,1.0E-5,6000,ATOMIC,300,[K]  300,XYZ,True,4868,0.024794,-20.884601163079996,2.485106855184,bd009559193115bcef839e8860e9407566dfaecf63df6503ed38660bf50b8b32,4868,4568,True,True,4867,0.024794,-20.884601163079996,2.4826306192399996,e7411ccaf815844e24ddc55fc89dd16256d5c418e7de67cf15ea6a9f1661777b,4867,4567,True
DZVP_IL_25/IL_25_z2-25,20,42.0,True,True,2023.1,ENERGY,DZVP-MOLOPT-GTH,True,True,36,2,20.0,e33c6bb8e60137e11924b33f0ad48c6a46f9cd4386fdfd698740344fb2aed195,cea648727a9e08b9e717e175cde9bdc2c920776ac9fc3c710a406f616a4cbd24,2334,1250,989,95,2.25,ca837586339bbb431582d05db2bff6c617ab8f4e7a89d27caff194085b20bb11,300,5,1.0E-10,1.0E-5,6000,ATOMIC,300,[K]  300,XYZ,True,4826,0.025002,-20.958888241399997,2.5327811999520002,09a61af60d615d08555f33b3242ac0a77dc7e4b145d8611a54d746e3c13e2b2e,4826,4526,True,True,4825,0.025002,-20.958861030016,2.5245633619839998,5c92bac5563a3db5b324fada510177e90065ae2be4960ab2bd70fefa3a179f7b,4825,4525,True
DZVP_IL_25/IL_25_z2-25,21,42.6,True,True,2023.1,ENERGY,DZVP-MOLOPT-GTH,True,True,34,2,20.0,e33c6bb8e60137e11924b33f0ad48c6a46f9cd4386fdfd698740344fb2aed195,a3eb8b44c0474faeda0da54e9f8d547d995f38f5bf7d20641ab2fc0e4e9a8b6f,2334,1250,989,95,2.25,03742021a8f6a1ffbc70bc36eb7635369bbd7b6b53be8f3a55f116f8dec59ff6,300,5,1.0E-10,1.0E-5,6000,ATOMIC,300,[K]  300,XYZ,True,4826,0.025042,-20.97031702268,2.50766509252,583646e23d69f7879743ba608bfc7ee0a47bc0c457beb36e2e9681aa60ce574e,4826,4526,True,True,4825,0.025042,-20.97031702268,2.499801002544,e6e49f8322c01328e76a2029d68fd3b846e4205817f4e84eabcb7c21d9d488e6,4825,4525,True
DZVP_IL_25/IL_25_z2-25,22,43.2,True,True,2023.1,ENERGY,DZVP-MOLOPT-GTH,True,True,39,1,20.0,e33c6bb8e60137e11924b33f0ad48c6a46f9cd4386fdfd698740344fb2aed195,e6f23c8e2690141cb6fbb02349b6068eb885774470ab818374cd5f4573810ac8,2332,1250,988,94,2.25,f3d45ba73017ec5dc01d30569e89727b7f05ba536fb951828e9e5c539a347765,300,5,1.0E-10,1.0E-5,6000,ATOMIC,300,[K]  300,XYZ,True,4823,0.025537,-20.972439510632,2.467990894648,03ab23650243bfabf96715212f72052a981b9be15101aa9ab18f4c13ccd29b1f,4823,4523,True,True,4823,0.025537,-20.972439510632,2.467990894648,03ab23650243bfabf96715212f72052a981b9be15101aa9ab18f4c13ccd29b1f,4823,4523,True
DZVP_IL_25/IL_25_z2-25,23,43.8,True,True,2023.1,ENERGY,DZVP-MOLOPT-GTH,True,True,38,2,20.0,e33c6bb8e60137e11924b33f0ad48c6a46f9cd4386fdfd698740344fb2aed195,fe9d1874b11f20ca6986c7578547cbefd0339bfcc65dead1e1789a960eee4ea6,2328,1250,985,93,2.25,c502151a723972ab618501b256f188d6562789e2f8edf7c23dd1d1f44a354775,300,5,1.0E-10,1.0E-5,6000,ATOMIC,300,[K]  300,XYZ,True,4817,0.024625,-20.949962907448,2.478712179944,42f8d2c47ea687ccba32fc199584f74920b200323a0c857e04819fa34780cac7,4817,4517,True,True,4816,0.024625,-20.949962907448,2.4744672040399998,17f6d5fbff9bf14f7c5b3c202e0d25070534ca44a009eb371bc82586fd87b347,4816,4516,True
DZVP_IL_25/IL_25_z2-25,24,44.4,True,True,2023.1,ENERGY,DZVP-MOLOPT-GTH,True,True,39,1,20.0,e33c6bb8e60137e11924b33f0ad48c6a46f9cd4386fdfd698740344fb2aed195,bd4a68b7caf14d16f4b79ba1153e8305940f9a442e3bc8739499ee1ee62d85b9,2330,1250,986,94,2.25,4c70bd554b417126118bdd0eb85bfa48401e47e0a90c005e697dda47983badfa,300,5,1.0E-10,1.0E-5,6000,ATOMIC,300,[K]  300,XYZ,True,4819,0.024429,-20.938942296928,2.468154162952,19b65a3630c0ab770ea670daa68c6e1c332f00126f33fab6bdfc6a592dbe55c2,4819,4519,True,True,4819,0.024429,-20.938942296928,2.468154162952,19b65a3630c0ab770ea670daa68c6e1c332f00126f33fab6bdfc6a592dbe55c2,4819,4519,True
DZVP_IL_25/IL_25_z2-25,25,45.0,True,True,2023.1,ENERGY,DZVP-MOLOPT-GTH,True,True,34,1,20.0,e33c6bb8e60137e11924b33f0ad48c6a46f9cd4386fdfd698740344fb2aed195,5a63c5f1ed662b319655d36e1b81ccd604342a13864815447931080fa2fb4918,2328,1250,984,94,2.25,27f9a9f628010ea38c52021011bc260d72890a96986750aea5c59a542be0fe52,300,5,1.0E-10,1.0E-5,6000,ATOMIC,300,[K]  300,XYZ,True,4815,0.024596,-20.952738468615998,2.429677265976,78456904aa8b58f3527e5839ea5d7a7321875662be147498733905e21c75806a,4815,4515,True,True,4815,0.024596,-20.952738468615998,2.429677265976,78456904aa8b58f3527e5839ea5d7a7321875662be147498733905e21c75806a,4815,4515,True
DZVP_IL_25/IL_25_z2-25,26,45.6,True,True,2023.1,ENERGY,DZVP-MOLOPT-GTH,True,True,22,2,20.0,a895804af2b742871e04987447d022deb8cbe28a40bbe54e200dac4f81375554,0b6735fc65206b35c016b089ff564203ce41558a52584b668093b7f9435ebe66,2324,1250,983,91,2.25,89ecef568a9c00d55073928b72388134fca24305952c1c2cace05d357f65fdda,300,5,1.0E-10,1.0E-5,6000,RESTART,300,[K]  300,XYZ,True,4812,0.024366,-20.9622896644,2.4116905411519998,9d9b308ae6104f957ece164a873b47b5a05610bb56b6028e348e27e0645fe122,4812,4512,True,True,4811,0.024366,-20.9622896644,2.399173304512,96fb3d2cb0261cbc8e3551a14e144a292014736a23dc0d8355aa8d92653fd7a6,4811,4511,True
DZVP_IL_25/IL_25_z2-25,27,46.2,True,True,2023.1,ENERGY,DZVP-MOLOPT-GTH,True,True,272,2,20.0,a895804af2b742871e04987447d022deb8cbe28a40bbe54e200dac4f81375554,4237c95dcbb5cc441bc711e33429a48a3467df19579a603acbdd1043638dfbf2,2324,1250,983,91,2.25,3f95270f5f5cf13f0b166858e9809f80f403403d132f5a161f3f068814f37439,300,5,1.0E-10,1.0E-5,6000,RESTART,300,[K]  300,XYZ,True,4812,0.023786,-20.942098817471997,2.420806354792,1421b05a0c593fae0cf6867fca208182e1371cec92e849acebc42285a97e0a5a,4812,4512,True,True,4811,0.023786,-20.942126028856,2.4121259232959997,20dbf2f25c492a6c0c961cc12caeea1266788aa818250e314af1de2a18d8f794,4811,4511,True
DZVP_IL_25/IL_25_z2-25,28,46.8,True,True,2023.1,ENERGY,DZVP-MOLOPT-GTH,True,True,19,2,20.0,a895804af2b742871e04987447d022deb8cbe28a40bbe54e200dac4f81375554,5b9d59d1a44660e0f2170faa142ebe77a8691ded6f8580e34b1d282c5647cd04,2322,1250,981,91,2.25,b3a37ce036f107081c71acaaf2a2b9fabce1423a70492c1109d15177bca837b3,300,5,1.0E-10,1.0E-5,6000,RESTART,300,[K]  300,XYZ,True,4808,0.023797,-20.936139524376,2.419690688048,6e69a4a037feaa80e619bef5dda0034e0f2fa81d61fb639e1750e8926a57b6be,4808,4508,True,True,4807,0.023797,-20.936139524376,2.411227947624,51d1edcbe50329b849864bc5cb1e919d736be59897a2c13e52eddb7d38a6e762,4807,4507,True
DZVP_IL_25/IL_25_z2-25,29,47.4,True,True,2023.1,ENERGY,DZVP-MOLOPT-GTH,True,True,36,1,20.0,e33c6bb8e60137e11924b33f0ad48c6a46f9cd4386fdfd698740344fb2aed195,e7475303e0b040e6f371570db013350835a380325143aeb02a9b08f550337015,2318,1250,978,90,2.25,0f584ea39e687e35945d96a9558fb041271708978742c8bb5281b7ccec9ef794,300,5,1.0E-10,1.0E-5,6000,ATOMIC,300,[K]  300,XYZ,True,4801,0.022947,-20.915159547312,2.42711939588,06831bd4615d18b154c7d28f8570281509d61e73137c715e2691fe5b2c330984,4801,4501,True,True,4801,0.022947,-20.915159547312,2.42711939588,913b68ee3d62991b29fc7f145b081d3e549b928a6b3cc4ee2d68e37978121671,4801,4501,True
DZVP_IL_25/IL_25_z2-25,2,31.2,True,True,2023.1,ENERGY,DZVP-MOLOPT-GTH,True,True,121,2,20.0,e33c6bb8e60137e11924b33f0ad48c6a46f9cd4386fdfd698740344fb2aed195,40715ef9a4a0bf246a21c53b6dd6b66e606fbe56d48dd1fdd31df606b98d502b,2352,1250,1005,97,2.25,9ad1a9224f2f25891de99aa957c439b0a484af5fe49f44356dc2c406515bd39b,300,5,1.0E-10,1.0E-5,6000,ATOMIC,300,[K]  300,XYZ,True,4859,0.024411,-20.889689691887998,2.478249586416,1e44e2ea951e2ad59799e155e51e71a694205a354d806612abe8c905e6de0f74,4859,4559,True,True,4858,0.024411,-20.889689691887998,2.475800561856,f188602d5a63450d74337a2b629d582a4181f29172a396c79640d7417c107de5,4858,4558,True
DZVP_IL_25/IL_25_z2-25,30,48.0,True,True,2023.1,ENERGY,DZVP-MOLOPT-GTH,True,True,39,1,20.0,e33c6bb8e60137e11924b33f0ad48c6a46f9cd4386fdfd698740344fb2aed195,2a3df96eeccd6250159199e0592c501d0a56f529e1f042b6b44141e9d6567ae3,2318,1250,978,90,2.25,afee03116153b3eb6f8e0a798fcf19a20756e682391f124376ab6b3878b7e362,300,5,1.0E-10,1.0E-5,6000,ATOMIC,300,[K]  300,XYZ,True,4801,0.022725,-20.916356848207997,2.431092257944,1c0e3dca84034de72c14ded000bb5fa3087c8e8d23ef2f4ff5fdf152c966c237,4801,4501,True,True,4801,0.022725,-20.916356848207997,2.431092257944,0d7c9fd79c971713fca4ea7cf021883416ba00e72d406505637cec889fb80ca0,4801,4501,True
DZVP_IL_25/IL_25_z2-25,31,48.6,True,True,2023.1,ENERGY,DZVP-MOLOPT-GTH,True,True,46,1,20.0,e33c6bb8e60137e11924b33f0ad48c6a46f9cd4386fdfd698740344fb2aed195,bc4c574ec09fe9137643b1e7dd3ea19d00a6038ca03e54593560b1296a6d894e,2320,1250,980,90,2.25,b0aaad54a5c01584a290044c9e68e18c714e326a1bc8954385fc409be728b926,300,5,1.0E-10,1.0E-5,6000,ATOMIC,300,[K]  300,XYZ,True,4805,0.022922,-20.912737734135998,2.431500428704,89e6998e8fccbabff483c50c648139007226c15a1375c181135d4ca3bb9adebc,4805,4505,True,True,4805,0.022922,-20.912737734135998,2.431500428704,ee3ba045e78e570f86976a41dff90dae41a24cdd5d0fa4411a3cfadf8abf0284,4805,4505,True
DZVP_IL_25/IL_25_z2-25,32,49.2,True,True,2023.1,ENERGY,DZVP-MOLOPT-GTH,True,True,231,2,20.0,e33c6bb8e60137e11924b33f0ad48c6a46f9cd4386fdfd698740344fb2aed195,8d61fd13232216e26bd666b086ec171ae66d1528fe59300da325e7d74af782af,2314,1250,975,89,2.25,2c3a92d8bfa064ccb874049336d9ba96b4eafe843e0e4d2fdf3d133a9466c027,300,5,1.0E-10,1.0E-5,6000,ATOMIC,300,[K]  300,XYZ,True,139,0.022106,-20.894587741007996,-19.194638159759997,9ef599295881536168a2846a7cfdfb0830171c3ac013dfd87c96582f15c97f77,4795,4495,False,True,4794,0.022106,-20.894506106856,2.439854323592,01853d55d3ad8e2bccae731ee1c130829479f3dbafebe8c6670aa3831c1ce8d5,4794,4494,True
DZVP_IL_25/IL_25_z2-25,33,49.8,True,True,2023.1,ENERGY,DZVP-MOLOPT-GTH,True,True,47,2,20.0,a895804af2b742871e04987447d022deb8cbe28a40bbe54e200dac4f81375554,83e61693f867f79d4c263ffbe8bee018c0c254ef4f7c617d1adf35d8c904b7e7,2316,1250,977,89,2.25,b975963d5f1c81a02bb2f40a94bf3b69a4a9d937ba60403a610a770d51428d40,300,5,1.0E-10,1.0E-5,6000,RESTART,300,[K]  300,XYZ,True,4799,0.022162,-20.892465253056,2.440833933416,a65943c28f915ec3ba0333b163a541ca9515e5893d17153b2db6852404ed2d8c,4799,4499,True,True,4798,0.022162,-20.892546887208,2.4357726159919997,3c9fed3c6bd4f322d64d4ddbd7734186e3751b0784a6ab0fa330e4ea5730fa2e,4798,4498,True
DZVP_IL_25/IL_25_z2-25,34,50.4,True,True,2023.1,ENERGY,DZVP-MOLOPT-GTH,True,True,45,1,20.0,e33c6bb8e60137e11924b33f0ad48c6a46f9cd4386fdfd698740344fb2aed195,f898cdaef272638f01f0f0022ea82f8d66c5c87a0865634bcf739f4abeef4683,2312,1250,974,88,2.25,e0d27b43d6ca2b957fb7393b528d75d67e4133776f0452993c96145594be7402,300,5,1.0E-10,1.0E-5,6000,ATOMIC,300,[K]  300,XYZ,True,4792,0.021908,-20.894478895472,2.441867966008,b0f8995fb824e679c9c72b40ae8144db49f5a107f249a944eb422b86d4f2d22c,4792,4492,True,True,4792,0.021908,-20.894478895472,2.441867966008,8513bdc37326c2776f3d79e21cc41c92c0f4161c9b76589f11faf6d2e15caf19,4792,4492,True
DZVP_IL_25/IL_25_z2-25,35,51.0,True,True,2023.1,ENERGY,DZVP-MOLOPT-GTH,True,True,47,1,20.0,e33c6bb8e60137e11924b33f0ad48c6a46f9cd4386fdfd698740344fb2aed195,0236cc9710fa59386adbcf4e0ea9a42637c2863dde7dddb925d8d351646e8095,2312,1250,974,88,2.25,cf64254699b1b4709006ec0e8d3041fd74e28590d8c265266be960935b36719d,300,5,1.0E-10,1.0E-5,6000,ATOMIC,300,[K]  300,XYZ,True,4792,0.022476,-20.905907676752,2.41596272844,6ddae593485b144b134cad2426656277e709d019eff6b343738d7d58e4461f95,4792,4492,True,True,4792,0.022476,-20.905907676752,2.41596272844,98e6434565e3bf1b134590daa575a200662b0957bf7dedf874c56ef740fa5c32,4792,4492,True
DZVP_IL_25/IL_25_z2-25,36,51.6,True,True,2023.1,ENERGY,DZVP-MOLOPT-GTH,True,True,39,1,20.0,e33c6bb8e60137e11924b33f0ad48c6a46f9cd4386fdfd698740344fb2aed195,2285a4c2b7d2c18dd1fe8da9327fd3c8678a59647331d3ad4b3f3b659687dbda,2312,1250,974,88,2.25,90bf3b46f256145a89a4c35eee4b4830282c21411ec4ee266867aa17af30b631,300,5,1.0E-10,1.0E-5,6000,ATOMIC,300,[K]  300,XYZ,True,4792,0.021972,-20.914315994408,2.4176770456320003,a751ac7243e843ee066f6984dff5fc216fde5fbf51fefc545b8af62e44547642,4792,4492,True,True,4792,0.021972,-20.914315994408,2.4176770456320003,ce5e20819f1a6c9e4d0d67e371a488872e88fdd0c9b65135574e8eebb63b6754,4792,4492,True
DZVP_IL_25/IL_25_z2-25,37,52.2,True,True,2023.1,ENERGY,DZVP-MOLOPT-GTH,True,True,49,1,20.0,e33c6bb8e60137e11924b33f0ad48c6a46f9cd4386fdfd698740344fb2aed195,65aa788599861598aa8a8e7b57400e140bcd249d00773563ece6b8c95eb8809b,2312,1250,974,88,2.25,2f77235cc99600e88a5281e3e9a485d929a7d79b6846306357c881863b6f8a97,300,5,1.0E-10,1.0E-5,6000,ATOMIC,300,[K]  300,XYZ,True,4792,0.022846,-20.933799345352,2.38902345828,6911c202aa74c4e10325275f48e91d84ff50db1f4393813182720e941d4f1be6,4792,4492,True,True,4792,0.022846,-20.933799345352,2.38902345828,9e6cd28c84924128bcb29fb3926760630b74209b52e29c434d690f39a5ab30c2,4792,4492,True
DZVP_IL_25/IL_25_z2-25,38,52.8,True,True,2023.1,ENERGY,DZVP-MOLOPT-GTH,True,True,47,1,20.0,e33c6bb8e60137e11924b33f0ad48c6a46f9cd4386fdfd698740344fb2aed195,a3bc2ecb3cfafd8b02b4f9a0cc431de08ac850fe3fd9d197c69636cfcb828997,2306,1250,970,86,2.25,270683df05eed6f675a83dc7930b73c9ffea81a3949a1221081e43a48b85f56b,300,5,1.0E-10,1.0E-5,6000,ATOMIC,300,[K]  300,XYZ,True,4783,0.022896,-20.94405803712,2.3866832792559998,889b44051e2c1759f229a40e3bbbd676cd19de67d992da515398356a1077c35d,4783,4483,True,True,4783,0.022896,-20.94405803712,2.3866832792559998,8d166eb7e9eadb98aac63b85a0bec8f303b6d2fa6c3417239fa6e6f6884101ca,4783,4483,True
DZVP_IL_25/IL_25_z2-25,39,53.4,True,True,2023.1,ENERGY,DZVP-MOLOPT-GTH,True,True,53,1,20.0,e33c6bb8e60137e11924b33f0ad48c6a46f9cd4386fdfd698740344fb2aed195,73450057b19e9933f54bdf20f539fff96492d7d57c40871d6f1ea4ff3aa7edcf,2306,1250,970,86,2.25,974c7cb5222ef609f0e5a214262476f5b61f1e07cdf7f66b017fd7e20f11ea59,300,5,1.0E-10,1.0E-5,6000,ATOMIC,300,[K]  300,XYZ,True,4783,0.022743,-20.957690940503998,2.390764986856,4e7f7f8d1bc879731c6ae220dca156b8e9f99de3001ada6275d832f8c3db34cd,4783,4483,True,True,4783,0.022743,-20.957690940503998,2.390764986856,9fef40222ec8261d6d22daf79e841110517587178ba1ab7718d36192c2affe4d,4783,4483,True
DZVP_IL_25/IL_25_z2-25,3,31.8,True,True,2023.1,ENERGY,DZVP-MOLOPT-GTH,True,True,42,1,20.0,e33c6bb8e60137e11924b33f0ad48c6a46f9cd4386fdfd698740344fb2aed195,2ecf8212b5d1a2c01e3adb6230b3ecade8e0fc8e37538ccf8b68eeac57e18b23,2360,1250,1010,100,2.25,5a43c9d6aa92d4564bbb69ccca0e85d5b3127e20f6d687661510cc1ed28ee024,300,5,1.0E-10,1.0E-5,6000,ATOMIC,300,[K]  300,XYZ,True,4870,0.025156,-20.897444936327997,2.47841285472,22941e825540e86ccf32aba2355003a203fbc308222ba454efec20b19fba14f9,4870,4570,True,True,4870,0.025156,-20.897444936327997,2.47841285472,22941e825540e86ccf32aba2355003a203fbc308222ba454efec20b19fba14f9,4870,4570,True
DZVP_IL_25/IL_25_z2-25,40,54.0,True,True,2023.1,ENERGY,DZVP-MOLOPT-GTH,True,True,51,1,20.0,e33c6bb8e60137e11924b33f0ad48c6a46f9cd4386fdfd698740344fb2aed195,84ad19e1b315aeb4d50608d6955476d3b491d8a3d2ee3796b83bd26f17c9bbc4,2306,1250,970,86,2.25,3664e2e281394ba81bb305830004a16de65809da1614b5a2d6a0b54add24547e,300,5,1.0E-10,1.0E-5,6000,ATOMIC,300,[K]  300,XYZ,True,4783,0.022646,-20.9548065338,2.394411312312,bc04b4a5ef00ef9d7293f7a807aa410446bdf52dc208ef034d4d16b2700c88db,4783,4483,True,True,4783,0.022646,-20.9548065338,2.394411312312,1d7584f15c6010e7d2a0d9d4d23098f6f558e5d13883e6c7016369575f764fd3,4783,4483,True
DZVP_IL_25/IL_25_z2-25,41,54.6,True,True,2023.1,ENERGY,DZVP-MOLOPT-GTH,True,True,41,1,20.0,e33c6bb8e60137e11924b33f0ad48c6a46f9cd4386fdfd698740344fb2aed195,e19446e23a4096f97fd689a74eda4cfd69e54e323e02bdbd74b5d873f0db0026,2304,1250,968,86,2.25,09dbeeb2363c1347f92a2f6e34900230c6a371149554cad038a3b1722b0dd0ed,300,5,1.0E-10,1.0E-5,6000,ATOMIC,300,[K]  300,XYZ,True,4779,0.022738,-20.951432322184,2.386329531264,7901da6c45b488a42354995eda410b03b8cd72531909ee22737ef7217dc4b986,4779,4479,True,True,4779,0.022738,-20.951432322184,2.386329531264,9607fa1f35cb28dc3ddf02341e9e1244bdbdf16e6b7013f1b193617d852a1560,4779,4479,True
DZVP_IL_25/IL_25_z2-25,42,55.2,True,True,2023.1,ENERGY,DZVP-MOLOPT-GTH,True,True,134,2,20.0,e33c6bb8e60137e11924b33f0ad48c6a46f9cd4386fdfd698740344fb2aed195,4ad700368e8acc65acf2123daa37e1c4119a8c1d7280399ad6752cd3e821a99c,2302,1250,967,85,2.25,2c1f46485022e4e6205df910294fa981cadd6b853c25661d7ab390ae4657cffa,300,5,1.0E-10,1.0E-5,6000,ATOMIC,300,[K]  300,XYZ,True,139,0.021563,-20.937445670808,-19.196080363112,d85b2386193e9f896d9aa56ea82fa2dc73e74a4212c25e1f000cc6dce8c4d483,4777,4477,False,True,4776,0.021563,-20.937445670808,2.404452313008,d8e96bebc8a2b391837fcfd9bf73b70cdc208a522e12044c977f57b4d51647a4,4776,4476,True
DZVP_IL_25/IL_25_z2-25,43,55.8,True,True,2023.1,ENERGY,DZVP-MOLOPT-GTH,True,True,53,2,20.0,e33c6bb8e60137e11924b33f0ad48c6a46f9cd4386fdfd698740344fb2aed195,b3ed5a69436e48765caa15bff79700735a385d90fb9959f7b06ecd997aa2b080,2308,1250,971,87,2.25,5eb461643b221988151d5c40236605e8c6c59db87813842ea1ea2e2735890cf4,300,5,1.0E-10,1.0E-5,6000,ATOMIC,300,[K]  300,XYZ,True,4786,0.023033,-20.944602264799997,2.392397669896,8c9e356fba08f6b5f1e59f5375af83fce2504bae8bfd031569e90166e0dee35f,4786,4486,True,True,4785,0.023033,-20.944602264799997,2.383118587952,ba452bc06be883e7dc9e2765ea0cdacfbb4f60e611e4ebad239174aa51d74973,4785,4485,True
DZVP_IL_25/IL_25_z2-25,44,56.4,True,True,2023.1,ENERGY,DZVP-MOLOPT-GTH,True,True,46,2,20.0,e33c6bb8e60137e11924b33f0ad48c6a46f9cd4386fdfd698740344fb2aed195,1a01b9ad0e33e9ea8cd4d258828b260219cd842088a22563c61a14977feac9c9,2304,1250,967,87,2.25,cccf9666713b775d29a5ccbea0a5c9444c5c293ae1df3738ae9daf9021f014a7,300,5,1.0E-10,1.0E-5,6000,ATOMIC,300,[K]  300,XYZ,True,4778,0.023667,-20.955541241168,2.3620569767359996,20acefcb9552e25fcdd4e7f2d2ccab404dc8c91f47397b0036cc942794b82c08,4778,4478,True,True,4777,0.023667,-20.955514029784,2.3481247481280003,5dc17f05fb4c3d2b410329b8859edd3f2ba3694dea5aad299ec1c8da75ee6a40,4777,4477,True
DZVP_IL_25/IL_25_z2-25,45,57.0,True,True,2023.1,ENERGY,DZVP-MOLOPT-GTH,True,True,38,1,20.0,e33c6bb8e60137e11924b33f0ad48c6a46f9cd4386fdfd698740344fb2aed195,3329bad3b12fe95674d11f4df3f01c2fe9f737785a9cf51fb1894fbacc7b47c6,2296,1250,960,86,2.25,b6f99c76e99807726eb7a9e0f7b2503847537c14b9b594012bb6ce39b6432c10,300,5,1.0E-10,1.0E-5,6000,ATOMIC,300,[K]  300,XYZ,True,4763,0.021841,-20.970997307279998,2.397132450712,8dd6b7b5f4a157f08a6df9653aec0a4eb0392f7771bd7ed9ad897bfbad1c66a7,4763,4463,True,True,4763,0.021841,-20.970997307279998,2.397132450712,8dd6b7b5f4a157f08a6df9653aec0a4eb0392f7771bd7ed9ad897bfbad1c66a7,4763,4463,True
DZVP_IL_25/IL_25_z2-25,46,57.6,True,True,2023.1,ENERGY,DZVP-MOLOPT-GTH,True,True,6,2,20.0,a895804af2b742871e04987447d022deb8cbe28a40bbe54e200dac4f81375554,eb54f61125966fcbec690b5c941b60bb6d819bab1de52496fd29bd02fab577eb,2302,1250,967,85,2.25,2b0c55a4e23118a6e30222ab2dff62697a200575cbfef1c45975e2d59f3d52b0,300,5,1.0E-10,1.0E-5,6000,RESTART,300,[K]  300,XYZ,True,4777,0.024167,-20.999678106016002,2.3649141720559994,c548308d59aa06f2aa6094b9b44eeef9832f767d95a81319f17b09b7638989aa,4777,4477,True,True,4776,0.024167,-20.999650894632,2.362573993032,1b2bf362f30223c5e866c16721ba8cfd2cd30c1fe16927c84f517594b28d2a0a,4776,4476,True
DZVP_IL_25/IL_25_z2-25,47,58.2,True,True,2023.1,ENERGY,DZVP-MOLOPT-GTH,True,True,69,2,20.0,e33c6bb8e60137e11924b33f0ad48c6a46f9cd4386fdfd698740344fb2aed195,7c853b5ecf21558efdfcfd8d43ee114f16e7d239635cf9fd7976e5c77944a0da,2292,1250,957,85,2.25,da0e4a98652349725a69eca6e828f6354b48e0d468efe5d54c14f9a2bb3c5c9a,300,5,1.0E-10,1.0E-5,6000,ATOMIC,300,[K]  300,XYZ,True,4757,0.021806,-21.004821057591997,2.41065650856,bec96e1270f8698f9a1f41aec08ea6442ed71d0c473fe5486964cb2fdd231e5b,4757,4457,True,True,4756,0.021806,-21.004821057591997,2.4027652071999994,8af45432d030f96af033d7428be7bf07e949d2b8a56aed0e1f5cc54129102a16,4756,4456,True
DZVP_IL_25/IL_25_z2-25,48,58.8,True,True,2023.1,ENERGY,DZVP-MOLOPT-GTH,True,True,91,2,20.0,e33c6bb8e60137e11924b33f0ad48c6a46f9cd4386fdfd698740344fb2aed195,d0f12743af012706234680e4aafe22d19da963d0221da9bdd4c86a588892de5d,2290,1250,955,85,2.25,ffdbed12a50121ef48ef746877dd549dccf3e54421602cd0dc6bfb9780daaa99,300,5,1.0E-10,1.0E-5,6000,ATOMIC,300,[K]  300,XYZ,True,4753,0.019829,-20.995242650423997,2.464698317184,f79ec89dd9182c4b3faae5276e50c6bbcf1a09ba9057b0d7bf93917cec0d8afc,4753,4453,True,True,4752,0.019829,-20.99521543904,2.459609788376,82817f260510787156756bb6a38bd28a5a0b9a28be84cb33c7402e583697bcf4,4752,4452,True
DZVP_IL_25/IL_25_z2-25,49,59.4,True,True,2023.1,ENERGY,DZVP-MOLOPT-GTH,True,True,29,2,20.0,a895804af2b742871e04987447d022deb8cbe28a40bbe54e200dac4f81375554,83f075b3bab5c7dffe69985c3d90fa825063e1efcb0d6a5195eb02f0e0529fe3,2316,1250,981,85,2.25,a3449ade920091fe727e2592f61fa52a746dd23c6f5b6df46e911e9e773c415a,300,5,1.0E-10,1.0E-5,6000,RESTART,300,[K]  300,XYZ,True,4805,0.022622,-21.033474644944,2.42358191596,2a63d4b10deb877a96d030789ad1c31b965afa5d47490cf78b92aad06e93d4be,4805,4505,True,True,4804,0.022622,-21.033474644944,2.415228021072,9f6a7f93ffbbeded906614499a978e3e9958d726cc1f6a2c88d66d8e13dcbe09,4804,4504,True
DZVP_IL_25/IL_25_z2-25,4,32.4,True,True,2023.1,ENERGY,DZVP-MOLOPT-GTH,True,True,50,2,20.0,e33c6bb8e60137e11924b33f0ad48c6a46f9cd4386fdfd698740344fb2aed195,e25d886a3c1816736b119c34c8d7e19483e59dc47a709bc43be96a804cf66579,2354,1250,1005,99,2.25,07adb0c8b3d02956edef6a06d355a0ae39704bc49b43102cf49a272f4fb8ce57,300,5,1.0E-10,1.0E-5,6000,ATOMIC,300,[K]  300,XYZ,True,4860,0.02447,-20.887621626704,2.49977379116,e0faa22e74bedb7858239e484318927a130417d7c7bf1eb59888932c8b8c42f3,4860,4560,True,True,4859,0.02447,-20.887567203935998,2.4896239449279998,9daa83d2aa6742c8d182db67b822cc71c0aa1bc9917bf271d8d081daee7aca07,4859,4559,True
DZVP_IL_25/IL_25_z2-25,50,60.0,True,True,2023.1,ENERGY,DZVP-MOLOPT-GTH,True,True,22,1,20.0,a895804af2b742871e04987447d022deb8cbe28a40bbe54e200dac4f81375554,d4bc4bdc94595ef93532cc2ea402eadabe622702a15b22761bccb2d149db410a,2320,1250,986,84,2.25,c2f2432f410bcf2aed4918a39afca489122af2de7be2a53800ea09c1dab003d1,300,5,1.0E-10,1.0E-5,6000,RESTART,300,[K]  300,XYZ,True,4814,0.018733,-20.75915668284,2.487038863448,39fd13fefcfc628f9a4b3fe866d9ff646b94b6e8daaabbc65892e9633ad0b4be,4814,4514,True,True,4814,0.018733,-20.75915668284,2.487038863448,d98910cc8cbf36485f10e33f003a5075ec7495b7d1c47818ce16d0958ee1665b,4814,4514,True
DZVP_IL_25/IL_25_z2-25,5,33.0,True,True,2023.1,ENERGY,DZVP-MOLOPT-GTH,True,True,43,1,20.0,e33c6bb8e60137e11924b33f0ad48c6a46f9cd4386fdfd698740344fb2aed195,b009432e162567660a2e058a4ca10a4c4a6aaf3bb6c887341deeb3b8b886c289,2358,1250,1008,100,2.25,4a592861c2e962b6e0a41b6aa38229c233e70a2a9668d12099fdccd027e7fe24,300,5,1.0E-10,1.0E-5,6000,ATOMIC,300,[K]  300,XYZ,True,4866,0.024738,-20.887431147016,2.503256848312,fe6a42aa7a8924818e4250d004a36c0c67d7b48c030efa0b872177d8cffc49b3,4866,4566,True,True,4866,0.024738,-20.887431147016,2.503256848312,fe6a42aa7a8924818e4250d004a36c0c67d7b48c030efa0b872177d8cffc49b3,4866,4566,True
DZVP_IL_25/IL_25_z2-25,6,33.6,True,True,2023.1,ENERGY,DZVP-MOLOPT-GTH,True,True,46,2,20.0,e33c6bb8e60137e11924b33f0ad48c6a46f9cd4386fdfd698740344fb2aed195,8a85eeee9036643281f79cac42e819d3119353700499afb88782c2fd8ea3d06d,2362,1250,1013,99,2.25,5e220cab80d336ff012d98289153c74d780a83d91dae6fdd35fe4120bcb84c02,300,5,1.0E-10,1.0E-5,6000,ATOMIC,300,[K]  300,XYZ,True,4876,0.025138,-20.889608057735998,2.510848824448,8cef6e9260862eacdc2818357f7b23ab92832f20319c65700930afc545ebbcd4,4876,4576,True,True,4875,0.025138,-20.889553634968,2.504454149208,45a437b2e389dc52eb772e091bbbe5a9327575bac9f17fc65b992f9c75846afb,4875,4575,True
DZVP_IL_25/IL_25_z2-25,7,34.2,True,True,2023.1,ENERGY,DZVP-MOLOPT-GTH,True,True,46,1,20.0,e33c6bb8e60137e11924b33f0ad48c6a46f9cd4386fdfd698740344fb2aed195,2ba240e8e72fe7c21b3fe892fcc2173b610a01f134cb5edc5343870a5651d235,2354,1250,1004,100,2.25,bd85f796069919d49df749a687d94d06738946b2cc49bf3ac4ff6ee97aafd905,300,5,1.0E-10,1.0E-5,6000,ATOMIC,300,[K]  300,XYZ,True,4858,0.024852,-20.89657417204,2.52331163832,23d2ccee85e18ea18352e8152c162b232aecf392d56ea160884e20fce071fa03,4858,4558,True,True,4858,0.024852,-20.89657417204,2.52331163832,23d2ccee85e18ea18352e8152c162b232aecf392d56ea160884e20fce071fa03,4858,4558,True
DZVP_IL_25/IL_25_z2-25,8,34.8,True,True,2023.1,ENERGY,DZVP-MOLOPT-GTH,True,True,41,1,20.0,e33c6bb8e60137e11924b33f0ad48c6a46f9cd4386fdfd698740344fb2aed195,cfb5fbff967478a6f5006bf106588403675d0547a6413ce6887145af2f428362,2346,1250,998,98,2.25,1f828fb1305a63cb7ec05a187c9b31225ea44cad1778f91b2774777b90ab1456,300,5,1.0E-10,1.0E-5,6000,ATOMIC,300,[K]  300,XYZ,True,4845,0.024504,-20.902424619599998,2.529270931416,922dba1a6f21d85d5ab5d1241c0769f53dfef93e6450a4aa86eba3dcefea14f5,4845,4545,True,True,4845,0.024504,-20.902424619599998,2.529270931416,922dba1a6f21d85d5ab5d1241c0769f53dfef93e6450a4aa86eba3dcefea14f5,4845,4545,True
DZVP_IL_25/IL_25_z2-25,9,35.4,True,True,2023.1,ENERGY,DZVP-MOLOPT-GTH,True,True,46,2,20.0,e33c6bb8e60137e11924b33f0ad48c6a46f9cd4386fdfd698740344fb2aed195,415065713887376a4d508760193697aa752795641ff1ed775692cb72b1176db8,2352,1250,1003,99,2.25,e4f45988a682f8296f0ac1350b90a03d4033cf0427bf21b2c17939d86bd2484b,300,5,1.0E-10,1.0E-5,6000,ATOMIC,300,[K]  300,XYZ,True,4856,0.025049,-20.912438408912,2.5155836052639997,bc017771f8c6a71c47c8944980925327101c3cb7aabb817a062c7e90eba44037,4856,4556,True,True,4855,0.025049,-20.912411197527998,2.512209393648,3277f26cd0b44b3ffde35aeed5ce5e8a132d31ed61773e0a0c3588759f268775,4855,4555,True
SZV/IL_25_z2-0,0,30.0,True,True,2023.1,ENERGY,SZV-MOLOPT-GTH,True,True,44,2,20.0,89f71ff0bc9d2596c883382392566210d7cb0503e557a3540af4740081b843c3,fe86e34dff07d153de63608b703a37c7988550856a11a8425e710f71609cc218,2358,1250,1009,99,2.0,d243808ff8f9ead70a7cda79c836a41881ca7b2032b2f6520f5989962dc37c4a,300,5,1.0E-10,1.0E-5,6000,ATOMIC,300,[K]  300,XYZ,True,4868,0.066381,-23.071743363464,2.703233309328,c359ee8d942f111a43e1a6d6b9c01e12c0966a22c3466936bc5d9fa43e40f95c,4868,4568,True,True,4867,0.066381,-23.07171615208,2.7018183173600003,fe3c1e0699da0991ce200eb605e91695aede0af4ab4c74b5889792a6fcfc8a55,4867,4567,True
SZV/IL_25_z2-0,10,36.0,True,True,2023.1,ENERGY,SZV-MOLOPT-GTH,True,True,32,2,20.0,89f71ff0bc9d2596c883382392566210d7cb0503e557a3540af4740081b843c3,be1d2b3b3cd01e9a46368bfffbc7d62a15816cf5d3d1938daf6fe3727a6055ad,2348,1250,999,99,2.0,36d1bb56e0fcfb6470076f1b9b97605c8a0251c393da2b3f2201bb5d592720aa,300,5,1.0E-10,1.0E-5,6000,ATOMIC,300,[K]  300,XYZ,True,4848,0.067593,-23.207854706232,2.620810027192,0c057486e98ea60e53ece607b0f6e4f42f6ae3f41e581a3b1d2b53b868a3f039,4848,4548,True,True,4847,0.067593,-23.207827494847997,2.61963993768,32841e84291bf7ba51a655b18853b9e75ac12b7f966e726f4a1a410e2fced704,4847,4547,True
SZV/IL_25_z2-0,11,36.6,True,True,2023.1,ENERGY,SZV-MOLOPT-GTH,True,True,30,1,20.0,89f71ff0bc9d2596c883382392566210d7cb0503e557a3540af4740081b843c3,7c704f3efb9a15b01070433ac7890bd0000a47258c28694a88e444ed6369494b,2350,1250,1002,98,2.0,753638cd12a87eca446610488b5dcf9ac2fd5996d06e96156d7a4764ad1684fc,300,5,1.0E-10,1.0E-5,6000,ATOMIC,300,[K]  300,XYZ,True,4853,0.067165,-23.187500591,2.6540895498239996,cb4a0c4a76c0e2430e14a1a607fa9d4cbc865da3742b1cc3975de5f64d3b5e60,4853,4553,True,True,4853,0.067165,-23.187500591,2.6540895498239996,cb4a0c4a76c0e2430e14a1a607fa9d4cbc865da3742b1cc3975de5f64d3b5e60,4853,4553,True
SZV/IL_25_z2-0,12,37.2,True,True,2023.1,ENERGY,SZV-MOLOPT-GTH,True,True,29,1,20.0,89f71ff0bc9d2596c883382392566210d7cb0503e557a3540af4740081b843c3,fd43df1814a0aff3a7ee024c337d229b314f4e88978f8146af5ebd18af4566ad,2346,1250,998,98,2.0,0e5d254210ca8add26221a01e07bea66680785944b29b31d502e3d23c2f77fb5,300,5,1.0E-10,1.0E-5,6000,ATOMIC,300,[K]  300,XYZ,True,4845,0.066383,-23.18233042804,2.669926575312,03075d348cef33cabd64d0c41018cdf4ef79df8965b071952e4d7cd6c5a68b01,4845,4545,True,True,4845,0.066383,-23.18233042804,2.669926575312,03075d348cef33cabd64d0c41018cdf4ef79df8965b071952e4d7cd6c5a68b01,4845,4545,True
SZV/IL_25_z2-0,13,37.8,True,True,2023.1,ENERGY,SZV-MOLOPT-GTH,True,True,28,1,20.0,89f71ff0bc9d2596c883382392566210d7cb0503e557a3540af4740081b843c3,4721f7a24c826ac109eae1ae2e92c47d746beea28eb5eee640a6af255291d230,2346,1250,998,98,2.0,8e4ecf780b02dc6f6a60c4a902d69515371c1064f9de231e279936df7542d90f,300,5,1.0E-10,1.0E-5,6000,ATOMIC,300,[K]  300,XYZ,True,4845,0.065668,-23.151908100727997,2.6949610485919995,8f117a95980e76665832639744ff72af95552d063945ae259f0ac1839a225ac8,4845,4545,True,True,4845,0.065668,-23.151908100727997,2.6949610485919995,8f117a95980e76665832639744ff72af95552d063945ae259f0ac1839a225ac8,4845,4545,True
SZV/IL_25_z2-0,14,38.4,True,True,2023.1,ENERGY,SZV-MOLOPT-GTH,True,True,29,2,20.0,89f71ff0bc9d2596c883382392566210d7cb0503e557a3540af4740081b843c3,52e25d1b4dc2906a6c746bb40afe9a6d4a9effcce060a111c09fec41a19c0017,2342,1250,995,97,2.0,881e44d871bfd80f4db6b16046de38e59c4af00cc23efd3a6bfad0f154cf9068,300,5,1.0E-10,1.0E-5,6000,ATOMIC,300,[K]  300,XYZ,True,4839,0.065885,-23.183745420007998,2.6943351867599996,25487d17384f1fcadd735b9d728f29268e243f22e70430ea64ce86ed056995ae,4839,4539,True,True,4838,0.065885,-23.183718208624,2.693899804616,bb4a95fee98fae0c78ebee6d083ccd8e37bf17f6c53bb4f1375ac3e37bda34c7,4838,4538,True
SZV/IL_25_z2-0,15,39.0,True,True,2023.1,ENERGY,SZV-MOLOPT-GTH,True,True,31,2,20.0,89f71ff0bc9d2596c883382392566210d7cb0503e557a3540af4740081b843c3,26b3dfa19e3e47258304493a1307887f77d6c9f76d5dd82a8440fc04828a463b,2344,1250,997,97,2.0,34f30e72b34ace00d9bc7af58777bad54baaf5c31fa8e9e7559110313bfbb52f,300,5,1.0E-10,1.0E-5,6000,ATOMIC,300,[K]  300,XYZ,True,4843,0.064524,-23.111526406872,2.752077743608,3228aafae613294d4a71a3916cffd28fcd4c982be938d79873b3a406d8d4f33c,4843,4543,True,True,4842,0.064524,-23.111553618256,2.7486491092239995,85394a9be0de7ff3065f8a293f113fe9ffa88c93ea8de6040e671fc8c53490a4,4842,4542,True
SZV/IL_25_z2-0,16,39.6,True,True,2023.1,ENERGY,SZV-MOLOPT-GTH,True,True,32,2,20.0,89f71ff0bc9d2596c883382392566210d7cb0503e557a3540af4740081b843c3,520c821e01c88042440fd44f297f23d13c7d18d69cba16f77b570b156eb6d4cd,2348,1250,1001,97,2.0,f4c2ac542c1e12aadd960b4ed92b0b90a1741660198f0a5bd2fef9db95a46b33,300,5,1.0E-10,1.0E-5,6000,ATOMIC,300,[K]  300,XYZ,True,4851,0.06502,-23.114002642815997,2.756295508128,53f3bbf7c278137cffea01fcbbd7f8ea81a52f0c87242f7381882f1568231f96,4851,4551,True,True,4850,0.06502,-23.114002642815997,2.753438312808,1e9f314a03f1875616f47302380933445f91b1e62b049e466d0e50b15383ece1,4850,4550,True
SZV/IL_25_z2-0,17,40.2,True,True,2023.1,ENERGY,SZV-MOLOPT-GTH,True,True,26,1,20.0,89f71ff0bc9d2596c883382392566210d7cb0503e557a3540af4740081b843c3,41547846fa5bffe4ae9c12c9378a010ea7bdd2460b0f86cfc0266f5442211355,2342,1250,996,96,2.0,144f195533b81d829bb4c7674ab4c5c24015b902923128bd80446589a2b11357,300,5,1.0E-10,1.0E-5,6000,ATOMIC,300,[K]  300,XYZ,True,4840,0.064264,-23.109267862,2.75324783312,b40745f02e44ee80cf07f85ced8e11b43dcb15ce63af67c5e6ea62e17aa34cb2,4840,4540,True,True,4840,0.064264,-23.109267862,2.75324783312,b40745f02e44ee80cf07f85ced8e11b43dcb15ce63af67c5e6ea62e17aa34cb2,4840,4540,True
SZV/IL_25_z2-0,18,40.8,True,True,2023.1,ENERGY,SZV-MOLOPT-GTH,True,True,28,1,20.0,89f71ff0bc9d2596c883382392566210d7cb0503e557a3540af4740081b843c3,683f2569c46a1752577f1a62bfca7b52c2f2bc204d1bdeecc80748a2cf4960af,2336,1250,990,96,2.0,93dbb73ec48a8296572bbb7d774cbe902b60e84239c73f0d0b6abd2e58c23c8f,300,5,1.0E-10,1.0E-5,6000,ATOMIC,300,[K]  300,XYZ,True,4828,0.063497,-23.108642000168,2.7568941585760003,5e80c299694186deb3254c34fd297db48114bacaf208562ed5a07ab5ae28a478,4828,4528,True,True,4828,0.063497,-23.108642000168,2.7568941585760003,5e80c299694186deb3254c34fd297db48114bacaf208562ed5a07ab5ae28a478,4828,4528,True
SZV/IL_25_z2-0,19,41.4,True,True,2023.1,ENERGY,SZV-MOLOPT-GTH,True,True,36,1,20.0,89f71ff0bc9d2596c883382392566210d7cb0503e557a3540af4740081b843c3,fe7534f10502c3facef86fa1f9848bf1b4a957f4e8cb4569e07d934a838d98bb,2334,1250,988,96,2.0,b2a1da37bb7850c9b73d6a17a803c99c70833a255a1532f663f57d2b19e86bdf,300,5,1.0E-10,1.0E-5,6000,ATOMIC,300,[K]  300,XYZ,True,4824,0.063945,-23.120206838368002,2.73705705964,1e5b4dd0f9f270d6ded4d252de888b91dbc4025805d9380d19c4e46a7072eeef,4824,4524,True,True,4824,0.063945,-23.120206838368002,2.73705705964,1e5b4dd0f9f270d6ded4d252de888b91dbc4025805d9380d19c4e46a7072eeef,4824,4524,True
SZV/IL_25_z2-0,1,30.6,True,True,2023.1,ENERGY,SZV-MOLOPT-GTH,True,True,42,2,20.0,89f71ff0bc9d2596c883382392566210d7cb0503e557a3540af4740081b843c3,cdacbb8ad7fb7f5d33932e6efa3a9a6a353f61aeb5d89899d8584a40a97786ff,2358,1250,1009,99,2.0,6b76e974b76c29885a08b7ba0f6bdfdc6f4a5c76cb19517df5e3d3b2e2249d17,300,5,1.0E-10,1.0E-5,6000,ATOMIC,300,[K]  300,XYZ,True,4868,0.065794,-23.081648307240002,2.7054918542,86d248dd8067f36c4843b72087c6275c380c86abe159822c38ebd894e31fb261,4868,4568,True,True,4867,0.065794,-23.081621095856,2.7050836834399994,86b7d55d5d2e25277324e09f481e836a7713c11b7ed09e98d93eecdf514ff30e,4867,4567,True
SZV/IL_25_z2-0,20,42.0,True,True,2023.1,ENERGY,SZV-MOLOPT-GTH,True,True,31,2,20.0,89f71ff0bc9d2596c883382392566210d7cb0503e557a3540af4740081b843c3,dc42888606f5fd87a25a959caee042c7b57a867a52d7f6b6655fdb288dfc515c,2334,1250,989,95,2.0,442c34ff99d82d7e3978562e836a49c98955e517cca340f2305d1a40db54ce64,300,5,1.0E-10,1.0E-5,6000,ATOMIC,300,[K]  300,XYZ,True,4826,0.063372,-23.118982326088,2.7068252120159997,cd3c6fa833c1fbe7d3d72dc7a52ee22d55c5f0037a5bd24c7dcf96ccc029bf6d,4826,4526,True,True,4825,0.063372,-23.118982326088,2.701845528744,adf1e3b5f1f8d4403abdc62807cbcfcdb64e6149393297d6434573748c162181,4825,4525,True
SZV/IL_25_z2-0,21,42.6,True,True,2023.1,ENERGY,SZV-MOLOPT-GTH,True,True,29,2,20.0,89f71ff0bc9d2596c883382392566210d7cb0503e557a3540af4740081b843c3,bdc3b9cdeb776bf246f61c6656db37973c4965fc41c86542a04f3bab6f06159c,2334,1250,989,95,2.0,7e99bf87845b87b2997b3ea9d3d11fab1e41ba85bdf34b457c1a4e37331973ee,300,5,1.0E-10,1.0E-5,6000,ATOMIC,300,[K]  300,XYZ,True,4826,0.062796,-23.086845681584,2.7048115696,f99c7f09dd77efe2116b52f444faea7691019daea1f59528d9f46c9aba8d0a7b,4826,4526,True,True,4825,0.062796,-23.086818470199997,2.70195437428,57565cd87700ec097efb612a5397faa45e05f06173f4e80497c7cebf9d683076,4825,4525,True
SZV/IL_25_z2-0,22,43.2,True,True,2023.1,ENERGY,SZV-MOLOPT-GTH,True,True,26,1,20.0,89f71ff0bc9d2596c883382392566210d7cb0503e557a3540af4740081b843c3,82f41048a86476919807aa4ca7274eab6ab74ec673333627df45ed28030487bf,2332,1250,988,94,2.0,27025e5eb6235d6221433143800575adebe4db79d04f49f5e60e61a7ca579465,300,5,1.0E-10,1.0E-5,6000,ATOMIC,300,[K]  300,XYZ,True,4823,0.062381,-23.06477724916,2.688784064424,bd170fa0a0e5ccd673a5c4ce8f55814b5b9ab5ea7b872737566126535e6e4bd1,4823,4523,True,True,4823,0.062381,-23.06477724916,2.688784064424,bd170fa0a0e5ccd673a5c4ce8f55814b5b9ab5ea7b872737566126535e6e4bd1,4823,4523,True
SZV/IL_25_z2-0,23,43.8,True,True,2023.1,ENERGY,SZV-MOLOPT-GTH,True,True,28,2,20.0,89f71ff0bc9d2596c883382392566210d7cb0503e557a3540af4740081b843c3,bee11ec853c8efc62b7104feb23fc1bc378147fd3fbfe5174762ad483973d8d3,2328,1250,985,93,2.0,a07c94c82a4967c5f80e4fe281e944e1ee3a1447e8aa25074d8ae465871a27c8,300,5,1.0E-10,1.0E-5,6000,ATOMIC,300,[K]  300,XYZ,True,4817,0.061103,-23.023116620256,2.7145804564560003,a1272937d3f0a4520ace3fa8dd036e7ddcdd53f0379350d1b0eba96e754cf759,4817,4517,True,True,4816,0.061103,-23.023116620256,2.708158569832,700039c8977bad11640e56ac2a82d78a0397c946d094a68675e1036ee1a01367,4816,4516,True
SZV/IL_25_z2-0,24,44.4,True,True,2023.1,ENERGY,SZV-MOLOPT-GTH,True,True,31,1,20.0,89f71ff0bc9d2596c883382392566210d7cb0503e557a3540af4740081b843c3,d4dfd85bd29a80a7a588712a36649474b2fb51570fb153e9bd74da1b68f1894d,2330,1250,986,94,2.0,632b98ad4160d6b5a707fe8860fd820f428687363e6a94881d444a05f07bee98,300,5,1.0E-10,1.0E-5,6000,ATOMIC,300,[K]  300,XYZ,True,4819,0.060724,-23.001619626895998,2.7088932772,0a641efc2eb5b6a02b06a9c98da6638408166cd8b7da098bd86a46a694a95a66,4819,4519,True,True,4819,0.060724,-23.001619626895998,2.7088932772,0a641efc2eb5b6a02b06a9c98da6638408166cd8b7da098bd86a46a694a95a66,4819,4519,True
SZV/IL_25_z2-0,25,45.0,True,True,2023.1,ENERGY,SZV-MOLOPT-GTH,True,True,34,1,20.0,89f71ff0bc9d2596c883382392566210d7cb0503e557a3540af4740081b843c3,560c3882a761ab42580d6d531974719faeea963389cf4aff58f2d19d94a97ce0,2328,1250,984,94,2.0,1865ac9c4a8e246d51f0d02262aaaccd2b8765dbd771d740aad8be72568798ab,300,5,1.0E-10,1.0E-5,6000,ATOMIC,300,[K]  300,XYZ,True,4815,0.060123,-22.994054862143997,2.7038047483919994,2b842504e2625e959c6b3b6102386f2abc629f06c953b57a5cf84660e66c2f84,4815,4515,True,True,4815,0.060123,-22.994054862143997,2.7038047483919994,2b842504e2625e959c6b3b6102386f2abc629f06c953b57a5cf84660e66c2f84,4815,4515,True
SZV/IL_25_z2-0,26,45.6,True,True,2023.1,ENERGY,SZV-MOLOPT-GTH,True,True,65,2,20.0,89f71ff0bc9d2596c883382392566210d7cb0503e557a3540af4740081b843c3,0da9e9e8056013014f24826b52b316ccf9ab69aee3cf393d133ef884ee928f96,2324,1250,983,91,2.0,fe4e86fc7e9a08b148e6c95d7e756447a7a546fa7550cd4511644c2baadb3a8a,300,5,1.0E-10,1.0E-5,6000,ATOMIC,300,[K]  300,XYZ,True,4812,0.060426,-23.012096009736,2.6642666074399997,bd1b48afc154b7c88ecbe81c3bc96b827ea9d555194cb0615af49118f279f9aa,4812,4512,True,True,4811,0.060426,-23.012096009736,2.662742769936,94c492072a6ca59da96f54f08fd6901779d5ab3d219d151663ecf2726f078fb5,4811,4511,True
SZV/IL_25_z2-0,27,46.2,True,True,2023.1,ENERGY,SZV-MOLOPT-GTH,False,False,,2,20.0,31c0ce8c2d5dd2565a0426a79483adb832be38b77761cdbc587d3f09b20e3396,09a9d33810db176814d43befb77bf6c62b6d9cb80f01c4dfc9f60fe34f24f4cc,2324,1250,983,91,2.0,e3ed74849d5e3021474946f3ca661de2032fd40ee8de910578172b4f6637d9e1,300,5,1.0E-10,1.0E-5,6000,RESTART,300,[K]  300,XYZ,False,,,,,,,,,False,,,,,,,,
SZV/IL_25_z2-0,28,46.8,True,True,2023.1,ENERGY,SZV-MOLOPT-GTH,True,True,643,2,20.0,89f71ff0bc9d2596c883382392566210d7cb0503e557a3540af4740081b843c3,50327f53c5e2513fb41a74ecd4388d505c6da90d5077b24686919fe95f845cfe,2322,1250,981,91,2.0,3be181bd446be5bfc61b2e86e3c0c94fed69a295558d951b7c4136d6c7dfc572,300,5,1.0E-10,1.0E-5,6000,ATOMIC,300,[K]  300,XYZ,True,4808,0.059982,-22.993565057232,2.65977672908,e75ce158e72349b62286cf5513bfdee813bb4e506f0c0105d1784dd9948b22be,4808,4508,True,True,4807,0.059982,-22.993565057232,2.6533004196879992,5f73d2be816bc03c7fa8c7ad5ff028475633aa29fb7cf5b540fd9dae83f99c01,4807,4507,True
SZV/IL_25_z2-0,29,47.4,True,True,2023.1,ENERGY,SZV-MOLOPT-GTH,True,True,46,1,20.0,89f71ff0bc9d2596c883382392566210d7cb0503e557a3540af4740081b843c3,20129d424451e86ec7a4155079fd696c3115f1894f5cc4d697da2daffac073ee,2318,1250,978,90,2.0,91550c93fa259e59a9d2952c350ac9b212a1746ff53de98c1053f7888d722af4,300,5,1.0E-10,1.0E-5,6000,ATOMIC,300,[K]  300,XYZ,True,4801,0.060566,-23.045810914512,2.6148507340959997,a5d545a019b676aea35b08fbb05eb8e79d7705374e9afce1a7922c89990b3ac6,4801,4501,True,True,4801,0.060566,-23.045810914512,2.6148507340959997,6c608928808acff09a0f060888f079a1d57bd731ec7866dead8adcdbe54e758e,4801,4501,True
SZV/IL_25_z2-0,2,31.2,True,True,2023.1,ENERGY,SZV-MOLOPT-GTH,True,True,210,2,20.0,89f71ff0bc9d2596c883382392566210d7cb0503e557a3540af4740081b843c3,94a8280be3f1304349dba11c765c67fd1a00f8063311bbb84a208d908b7a9850,2352,1250,1005,97,2.0,7612a63b8a568e245c3b26a1532d11be01d56fb380595d056a21cda7bf7c0c37,300,5,1.0E-10,1.0E-5,6000,ATOMIC,300,[K]  300,XYZ,True,4859,0.066224,-23.103172511984,2.677219226224,a2f6ddc10e1ef945077d188814609e4ac4d67ac03898120e0bf90d5b19991697,4859,4559,True,True,4858,0.066224,-23.103145300599998,2.6739266487599997,ce9fcfbfc3a310b5b077f4bcd15a043c217f8ece8ee7156ca065dcf49ebfd1cd,4858,4558,True
SZV/IL_25_z2-0,30,48.0,True,True,2023.1,ENERGY,SZV-MOLOPT-GTH,True,True,50,1,20.0,89f71ff0bc9d2596c883382392566210d7cb0503e557a3540af4740081b843c3,5030b3741021a805d05c63806619256f27e6935c6162ea9e61c61ed2f783812b,2318,1250,978,90,2.0,a126b541b64fae4746af587d7bd8caf549c1c30859fe5545b62475007a678b40,300,5,1.0E-10,1.0E-5,6000,ATOMIC,300,[K]  300,XYZ,True,4801,0.060552,-23.047334752016,2.6042927171040002,a1a3f3334fca23e31f90b13d8a49d0cfa8450c77c0ae0706fc62a9b06bb6319d,4801,4501,True,True,4801,0.060552,-23.047334752016,2.6042927171040002,2056121cb6195f7e27a50666aabe608fd673dac6cb0d52fd11cfef6748423614,4801,4501,True
SZV/IL_25_z2-0,31,48.6,True,True,2023.1,ENERGY,SZV-MOLOPT-GTH,True,True,33,1,20.0,89f71ff0bc9d2596c883382392566210d7cb0503e557a3540af4740081b843c3,b89078bfd0e5a5e02498d556671bdd8d424db3272c0e01866191c75d31151170,2320,1250,980,90,2.0,744e484838d25f749a167d31c299e8db9d08d1090476d6ccc5f34f965353181d,300,5,1.0E-10,1.0E-5,6000,ATOMIC,300,[K]  300,XYZ,True,4805,0.0611,-23.068151460776,2.580020162576,cc4e7fdd095803496d9c095a5a561157d18fe280604191497b6c6b191f2e9b7c,4805,4505,True,True,4805,0.0611,-23.068151460776,2.580020162576,b1fd12ceb002701978999286be633633c593f14e6bcc22a1b8342fe0ddad31c4,4805,4505,True
SZV/IL_25_z2-0,32,49.2,True,True,2023.1,ENERGY,SZV-MOLOPT-GTH,True,True,180,2,20.0,89f71ff0bc9d2596c883382392566210d7cb0503e557a3540af4740081b843c3,ccd1e043ce10a6ea068d1679f3cc4f50f4384a4397b12f68bc8fa2494e14f3d7,2314,1250,975,89,2.0,f56a783331c2dd43cf6eb2b799497e296fbf372edc2606e63f78aaf4d3af5b07,300,5,1.0E-10,1.0E-5,6000,ATOMIC,300,[K]  300,XYZ,True,4795,0.061201,-23.083417047199998,2.5847277320079995,541b4e8b0e24f4271784bef4c16dd3c3ad3c69d3b9124a1786ee278a9941dccc,4795,4495,True,True,4794,0.061201,-23.083417047199998,2.5717479018399994,4ace160e93f7c3f97f4aaede253c9081ad23062b24d7ecd0c250d204544e4bc0,4794,4494,True
SZV/IL_25_z2-0,33,49.8,True,True,2023.1,ENERGY,SZV-MOLOPT-GTH,True,True,142,2,20.0,89f71ff0bc9d2596c883382392566210d7cb0503e557a3540af4740081b843c3,c142f44e313a2c92545881726155fb8130544a6ee07ccd8e1378a24f88c70fd2,2316,1250,977,89,2.0,392f31bdc86f730ee0a2d7bff48b384ec987c47754c2f19dcc5652151d5326d6,300,5,1.0E-10,1.0E-5,6000,ATOMIC,300,[K]  300,XYZ,True,4799,0.061118,-23.083988486263998,2.586605317504,674777c9232eff70c2b84f17f8fb68ebaf2372f6e7f0ce9a0bcece7ca4b4abea,4799,4499,True,True,4798,0.061118,-23.083988486263998,2.5838841791039995,3e1eb61e420a67e404f13c1014c9d2f8a5b11d6f41b1ea3ceb9fd3aa3ccff808,4798,4498,True
SZV/IL_25_z2-0,34,50.4,True,True,2023.1,ENERGY,SZV-MOLOPT-GTH,True,True,52,1,20.0,89f71ff0bc9d2596c883382392566210d7cb0503e557a3540af4740081b843c3,374a42a205242c360d7237dac90587f6e3b7af921582998ba475296d3946cf81,2312,1250,974,88,2.0,5ee7e0a98b65d664b0ebcde5a7ae69684b7daeff27fa953dc82db576dfc3b0e8,300,5,1.0E-10,1.0E-5,6000,ATOMIC,300,[K]  300,XYZ,True,4792,0.060392,-23.084042909032,2.5909047161759995,b469733503877de2675df2fc3a730752211f98f0cae1630bbeda4d744953dd24,4792,4492,True,True,4792,0.060392,-23.084042909032,2.5909047161759995,bbc45be9e788bccf236a605162666dc024ed292226afd9420f54ba0643cb6998,4792,4492,True
SZV/IL_25_z2-0,35,51.0,True,True,2023.1,ENERGY,SZV-MOLOPT-GTH,True,True,49,1,20.0,89f71ff0bc9d2596c883382392566210d7cb0503e557a3540af4740081b843c3,fdb3bb76a7035fb527a3bdd0ce7e53eae16d277848384e12c072bd099bb64c08,2312,1250,974,88,2.0,e1773961c9a0605452431f330c258dc36b4f8dcdff531740ec5acea9b24f30c4,300,5,1.0E-10,1.0E-5,6000,ATOMIC,300,[K]  300,XYZ,True,4792,0.061013,-23.0813761934,2.5659246656640002,ea318ec607cfa0cdc4184753382fe112194515a0a555c21bb0ea97a3cd03b79f,4792,4492,True,True,4792,0.061013,-23.0813761934,2.5659246656640002,53674cba9a5947487ce2f3e4aeebccf87aa98abbcf778f7c31d9bef4f4000285,4792,4492,True
SZV/IL_25_z2-0,36,51.6,True,True,2023.1,ENERGY,SZV-MOLOPT-GTH,True,True,55,1,20.0,89f71ff0bc9d2596c883382392566210d7cb0503e557a3540af4740081b843c3,ba28d7a38e822959466756ccfa136fdb2245e84e7f05ba42e43257ab8de47dcc,2312,1250,974,88,2.0,9cc8965c114228e9f16e50e4fe5afe3ce85ad98c2d58f80405f8176f7e26e0ba,300,5,1.0E-10,1.0E-5,6000,ATOMIC,300,[K]  300,XYZ,True,4792,0.059958,-23.058028825927998,2.5814079431599994,22de33f6d9ae98f524f8f55a5aef030bda8804b80db8e4cfaff870c40cdd28ec,4792,4492,True,True,4792,0.059958,-23.058028825927998,2.5814079431599994,f6a4765c6ba218539b3a532ab917129bd116581ea8661a642a6465a9c18c5083,4792,4492,True
SZV/IL_25_z2-0,37,52.2,True,True,2023.1,ENERGY,SZV-MOLOPT-GTH,True,True,46,1,20.0,89f71ff0bc9d2596c883382392566210d7cb0503e557a3540af4740081b843c3,01fe9690a5700d080c343773cfd7dcce8c6ff673e0a09ca1077da84cb22b3c2c,2312,1250,974,88,2.0,1c5b8d09d6b0a05d84ddbe593ca50fb207a28a87611640e93399e24da6293efe,300,5,1.0E-10,1.0E-5,6000,ATOMIC,300,[K]  300,XYZ,True,4792,0.059303,-23.028640531207998,2.6056532863040003,8bc7752ac4b69cb7d003314f3f5508a5071354e3f6b3f7957ba06be8adabaaf7,4792,4492,True,True,4792,0.059303,-23.028640531207998,2.6056532863040003,7639c24490cb8fbfffbb7dec4c1c8306f7185ad275fa1afe7006ab29818cc293,4792,4492,True
SZV/IL_25_z2-0,38,52.8,True,True,2023.1,ENERGY,SZV-MOLOPT-GTH,True,True,36,1,20.0,89f71ff0bc9d2596c883382392566210d7cb0503e557a3540af4740081b843c3,31558906ec0639137ed29b098611105d28fc96ba38e9a8e9e8e95fe376ed488a,2306,1250,970,86,2.0,c9a3a4b42a291f809d235eb924e6241d075a35526c51a6c862a0c23dce3d92dc,300,5,1.0E-10,1.0E-5,6000,ATOMIC,300,[K]  300,XYZ,True,4783,0.058969,-23.017728766224,2.6181977343279996,c4c40c67c1b68a1ef7a69f9203862029f9903584ae94aee379c1a577fbf09ed7,4783,4483,True,True,4783,0.058969,-23.017728766224,2.6181977343279996,13362de9865bd87f3d1e22813a2fe8c4703394db8a1cf5ec5bdd5b7dc1082664,4783,4483,True
SZV/IL_25_z2-0,39,53.4,True,True,2023.1,ENERGY,SZV-MOLOPT-GTH,True,True,45,1,20.0,89f71ff0bc9d2596c883382392566210d7cb0503e557a3540af4740081b843c3,71fb0763559076717df8c316f89bf1208907c18203b9a639ddf4753011812bde,2306,1250,970,86,2.0,c6b50ee9258371ae8bd8b18963ce9027090a672c9797c8ef6eb72cb91a61a82e,300,5,1.0E-10,1.0E-5,6000,ATOMIC,300,[K]  300,XYZ,True,4783,0.058456,-23.00844968428,2.6370280120559997,7c484aa011c1e0b7d6fc53504ef99542ed9689c7753011abe160b582c9659a9a,4783,4483,True,True,4783,0.058456,-23.00844968428,2.6370280120559997,0b4abb1e0becae77cb1dc6a0b80f7ac95a736932d42215597b0c4c5bbe8d2b21,4783,4483,True
SZV/IL_25_z2-0,3,31.8,True,True,2023.1,ENERGY,SZV-MOLOPT-GTH,False,False,,1,20.0,89f71ff0bc9d2596c883382392566210d7cb0503e557a3540af4740081b843c3,819a06c9599b403e06e33acdd77b5975f49e1b25c3372852655acb2d42566205,2360,1250,1010,100,2.0,f2d1c27cfa78cd237e811d42e732c44b278b875667418654cc380b7a85c83805,300,5,1.0E-10,1.0E-5,6000,ATOMIC,300,[K]  300,XYZ,False,,,,,,,,,False,,,,,,,,
SZV/IL_25_z2-0,40,54.0,True,True,2023.1,ENERGY,SZV-MOLOPT-GTH,True,True,45,1,20.0,89f71ff0bc9d2596c883382392566210d7cb0503e557a3540af4740081b843c3,2ca25868c9dbc888da26a77b59e861e765b8be98e1322d44164c1655f26ddff6,2306,1250,970,86,2.0,db8b5bab594fe0e4380df0a2daca2b912aebb23dc971a4adfea51434bbb71c3c,300,5,1.0E-10,1.0E-5,6000,ATOMIC,300,[K]  300,XYZ,True,4783,0.058572,-23.01171505036,2.62943603592,115f82eb4ecf7b9e1c9cb2e5d3a6be9a05fa58f2b5d3b3edcf07e244fcead27b,4783,4483,True,True,4783,0.058572,-23.01171505036,2.62943603592,e9e098c7e8bb24bca41d8491859bf7b1a0f50cb34cb561cea9877db9faa54da4,4783,4483,True
SZV/IL_25_z2-0,41,54.6,True,True,2023.1,ENERGY,SZV-MOLOPT-GTH,True,True,47,1,20.0,89f71ff0bc9d2596c883382392566210d7cb0503e557a3540af4740081b843c3,45052d111e2a6b2eae660ad7531d62dfc1a9c404d3a5e37978f2a2a180357a2f,2304,1250,968,86,2.0,6223a95960d2649a41d80564490df157f6ba23969c4956b3e056cdf4c59add2e,300,5,1.0E-10,1.0E-5,6000,ATOMIC,300,[K]  300,XYZ,True,4779,0.058576,-23.01729338408,2.60739481488,acd899087c9c8c4d69bc223c7875380442fa096178dc5f570846b7a93d148f3a,4779,4479,True,True,4779,0.058576,-23.01729338408,2.60739481488,4639e5438a5b9995898075df99f920a2c051ed9e63321b1af90bb8a0bac6c6cb,4779,4479,True
SZV/IL_25_z2-0,42,55.2,True,True,2023.1,ENERGY,SZV-MOLOPT-GTH,True,True,220,2,20.0,89f71ff0bc9d2596c883382392566210d7cb0503e557a3540af4740081b843c3,2bf911dbdb6ba7d8173c3923d3bf60912d4dc842aa5e1a702b20e06cb302f8aa,2302,1250,967,85,2.0,6d7d900395ee8537a38c9b2ed3b0f0905b57b856c792c423a0139adf63c1d673,300,5,1.0E-10,1.0E-5,6000,ATOMIC,300,[K]  300,XYZ,True,4777,0.057964,-23.024531612224,2.609734993904,ec8a8e3ca0caf2338baa3b961b73cf3046dbe134a0614aa4f62fe08992e6fd4b,4777,4477,True,True,4776,0.057964,-23.024504400839998,2.6017076356239994,688031b894c58c14906e5e184ef309b7cb1a63cebdf2c6921dc91b999fb91dc4,4776,4476,True
SZV/IL_25_z2-0,43,55.8,True,True,2023.1,ENERGY,SZV-MOLOPT-GTH,True,True,52,2,20.0,89f71ff0bc9d2596c883382392566210d7cb0503e557a3540af4740081b843c3,b9a2e0a1b68062cf780e1626c7881f50d15295db9dfac62f4be83062008eafe8,2308,1250,971,87,2.0,311be3b9231a0705f45242056799e4caae04fe8f09b71ef945a106bf939048d0,300,5,1.0E-10,1.0E-5,6000,ATOMIC,300,[K]  300,XYZ,True,4786,0.059124,-23.036178084575997,2.581353520392,4359c18d1d6d9befa0d2808893a6bd7b411afebeb2fb7eb9bc4665c19ca93627,4786,4486,True,True,4785,0.059124,-23.036205295959995,2.5762649915839995,ba1e82b08466092412dfeeb5cf03026eafc7e0cbfa2c972ddfba56c0b7cca5cf,4785,4485,True
SZV/IL_25_z2-0,44,56.4,True,True,2023.1,ENERGY,SZV-MOLOPT-GTH,True,True,52,2,20.0,89f71ff0bc9d2596c883382392566210d7cb0503e557a3540af4740081b843c3,1a0ad2c58222e3bd8f095483576a8fcaed8300567b08cbf2ffe02c48b1cdce13,2304,1250,967,87,2.0,c485b4349026c3d45a535d38de5e9e2ae638717a0c2592c24722b1f4ce90b7c8,300,5,1.0E-10,1.0E-5,6000,ATOMIC,300,[K]  300,XYZ,True,4778,0.05886,-23.035987604888,2.598061310168,f458e2b59638afd1db988f0a03cee0d238f9dd9036c8225e32629e77d068b953,4778,4478,True,True,4777,0.05886,-23.035987604888,2.58208822776,12fc9c4af50087cdc1d25239fd70beb5ada9e0d09a7cad411b29dc182a128536,4777,4477,True
SZV/IL_25_z2-0,45,57.0,True,True,2023.1,ENERGY,SZV-MOLOPT-GTH,True,True,42,1,20.0,89f71ff0bc9d2596c883382392566210d7cb0503e557a3540af4740081b843c3,2b628c9495d538f2b5f40a0d402446edf998bdf1c3b380a0874356aa59f1a966,2296,1250,960,86,2.0,84878d69ff6956b118f7375c2deee88c28e919f9cb52be2e1c4b590e01ee434f,300,5,1.0E-10,1.0E-5,6000,ATOMIC,300,[K]  300,XYZ,True,4763,0.057587,-23.051851841759998,2.5953673831519994,2857c0d87097f6b709c19aed5d6751b2be425f6daf0fe663041e0f008829012a,4763,4463,True,True,4763,0.057587,-23.051851841759998,2.5953673831519994,2857c0d87097f6b709c19aed5d6751b2be425f6daf0fe663041e0f008829012a,4763,4463,True
SZV/IL_25_z2-0,46,57.6,True,True,2023.1,ENERGY,SZV-MOLOPT-GTH,True,True,35,2,20.0,89f71ff0bc9d2596c883382392566210d7cb0503e557a3540af4740081b843c3,a91afb085d4ac0f149c332dbdebd73cb33d017c9821eda65aca33db3c26a0997,2302,1250,967,85,2.0,087622e8262fa97996fb19ccae7fe5a52a8690150c39e5051a8a349a50d7b196,300,5,1.0E-10,1.0E-5,6000,ATOMIC,300,[K]  300,XYZ,True,4777,0.059111,-23.074954306776,2.5883468460800003,b8ecaffa15d4829a327d63ab073de50f12bac9699568f3afbd42184023d48b02,4777,4477,True,True,4776,0.059111,-23.074954306776,2.583829756336,8b226aa146be9571f127f23786dc2ec3d3426c1e4e02adab112ee469b8211956,4776,4476,True
SZV/IL_25_z2-0,47,58.2,True,True,2023.1,ENERGY,SZV-MOLOPT-GTH,True,True,67,2,20.0,89f71ff0bc9d2596c883382392566210d7cb0503e557a3540af4740081b843c3,eadf34ed47ee975ce474351ec8d87c76cefbe713d7b50fd4fd41a47bc54b0b9b,2292,1250,957,85,2.0,3fb0de45b9d3d3f82d22692fd69578a4f751fe2a99b31094cf2af6d7b2a7aefa,300,5,1.0E-10,1.0E-5,6000,ATOMIC,300,[K]  300,XYZ,True,4757,0.056653,-23.095825438303997,2.6172453358879997,6dc804789884d82c18f0da094317c797c4c7d55e25013bbae80ea787315e70f8,4757,4457,True,True,4756,0.056653,-23.095798226919996,2.611585368016,a7751e40d33dc2bcedc0fc7b2c9c6aa369b4f89716dd2813bddf0685d128ea36,4756,4456,True
SZV/IL_25_z2-0,48,58.8,True,True,2023.1,ENERGY,SZV-MOLOPT-GTH,True,True,70,2,20.0,89f71ff0bc9d2596c883382392566210d7cb0503e557a3540af4740081b843c3,4bf668c0125fe0984e3d5c5e6ea2fa44835159b73acce46e900805b79f60a16a,2290,1250,955,85,2.0,dbdf8621a2b60684d9047f57d95ac5b851bf6bd8205400f5efeea3009c6e354a,300,5,1.0E-10,1.0E-5,6000,ATOMIC,300,[K]  300,XYZ,True,4753,0.055202,-23.117648968271997,2.643368264528,53bc732a63026d739c8e76d77217866871a90580bb5607ae544ed9b21b6b11cd,4753,4453,True,True,4752,0.055202,-23.117648968271997,2.6360211908479996,ac6f013ca695c77017001ae86405502aaea2a28d8bae06dc67f87b55092f9a49,4752,4452,True
SZV/IL_25_z2-0,49,59.4,True,True,2023.1,ENERGY,SZV-MOLOPT-GTH,True,True,98,2,20.0,89f71ff0bc9d2596c883382392566210d7cb0503e557a3540af4740081b843c3,38786988eec891bdf97aa7a02347c1808a97416b7704c9103d43473f1a6716b8,2316,1250,981,85,2.0,25a4e8080d6f7c80fd9198943c45834ee6ee4bbc4f5c13fbbd6ec1faa5154342,300,5,1.0E-10,1.0E-5,6000,ATOMIC,300,[K]  300,XYZ,True,4805,0.055555,-23.098981958848,2.6989611220399996,b42eea02ee613521601e7bc1d36b8e4f417c18fde67b334ee2803134f7197df2,4805,4505,True,True,4804,0.055555,-23.098954747464,2.691831739432,e6dabf8f5b712d02ff4b6a97f992b8f87d22710f39cea4b8798ed555bbd13b08,4804,4504,True
SZV/IL_25_z2-0,4,32.4,True,True,2023.1,ENERGY,SZV-MOLOPT-GTH,True,True,51,2,20.0,89f71ff0bc9d2596c883382392566210d7cb0503e557a3540af4740081b843c3,aa2f7893ea1c89babea9fd2fdf391bf7b528edd1e5ed63b5b6eb1cc633efb0cb,2354,1250,1005,99,2.0,9445ac213cb94a0c5a248b0e27ef56d8609b40a8e1429b38fd9baff4a46c28fd,300,5,1.0E-10,1.0E-5,6000,ATOMIC,300,[K]  300,XYZ,True,4860,0.067744,-23.166629459472002,2.638769540632,ffe722f5164f969afa644290b9edfdf5487c7bc1600f405b929af3c6e0f87de1,4860,4560,True,True,4859,0.067744,-23.166602248088,2.636837532368,67a9319cfecaddb8019884d8aadc86cd63079a0df512ef6eaa7aa644b8685bec,4859,4559,True
SZV/IL_25_z2-0,50,60.0,True,True,2023.1,ENERGY,SZV-MOLOPT-GTH,True,True,62,1,20.0,89f71ff0bc9d2596c883382392566210d7cb0503e557a3540af4740081b843c3,af0e22d16a46cecc3d73f6dac5a0fb9e0d57c32674baf0c98a2e4bdc2523dad9,2320,1250,986,84,2.0,deeb712142ad7ca4e8ca12357fef71cff739b3a18eb731cea4eecf09031abd1e,300,5,1.0E-10,1.0E-5,6000,ATOMIC,300,[K]  300,XYZ,True,4814,0.046493,-22.515787576959998,2.9795921252319992,ce26084bdf4e6289e6b1fee7130c89cfa12192cabde530be70107cb40b8b19fd,4814,4514,True,True,4814,0.046493,-22.515787576959998,2.9795921252319992,0730658244e9efa3910498faef65dd031027caed0792cc649b6ba5dcbb165ac4,4814,4514,True
SZV/IL_25_z2-0,5,33.0,True,True,2023.1,ENERGY,SZV-MOLOPT-GTH,True,True,42,1,20.0,89f71ff0bc9d2596c883382392566210d7cb0503e557a3540af4740081b843c3,3d85015f2d2f72ab4972cf4d6b22926d590d1d440de6f26c26fb9ddc60332eb9,2358,1250,1008,100,2.0,ac6408a16185b968da57e95b1733b18476fba662a99394cd445634e72d952e4f,300,5,1.0E-10,1.0E-5,6000,ATOMIC,300,[K]  300,XYZ,True,4866,0.06876,-23.209460177888,2.6031770503599994,89a1d582ac37f6c2dd34eb457e875303853f1b0ed46b5c29c677a6fa05ce47ed,4866,4566,True,True,4866,0.06876,-23.209460177888,2.6031770503599994,89a1d582ac37f6c2dd34eb457e875303853f1b0ed46b5c29c677a6fa05ce47ed,4866,4566,True
SZV/IL_25_z2-0,6,33.6,True,True,2023.1,ENERGY,SZV-MOLOPT-GTH,True,True,44,2,20.0,89f71ff0bc9d2596c883382392566210d7cb0503e557a3540af4740081b843c3,f22f5adb0d356c687d3b8575322d256b17bd416c54edd85f9cb7fc860a6bff6f,2362,1250,1013,99,2.0,7af0a70a3f7d1d071a37d6dff07cb65caa803d24b2db1544b7f6a2b297d17d84,300,5,1.0E-10,1.0E-5,6000,ATOMIC,300,[K]  300,XYZ,True,4876,0.069864,-23.236154545592,2.57787046324,354fd0754c74b8652a59d09d3d3d6f8a235880ef0a54e7d1ce7b214d6160b0d0,4876,4576,True,True,4875,0.069864,-23.236100122824002,2.575503072832,7c8f8148c83d473b12cf1db4007a68294e1c7e04da9e46c0b6dd1a3a1beddf82,4875,4575,True
SZV/IL_25_z2-0,7,34.2,True,True,2023.1,ENERGY,SZV-MOLOPT-GTH,True,True,43,1,20.0,89f71ff0bc9d2596c883382392566210d7cb0503e557a3540af4740081b843c3,f538f7dad9bc2530725ddd724a759945414165515bf8fc13383c453baef62042,2354,1250,1004,100,2.0,5d00195fab05aa579fe6e9e6dbd476b39b9a230e5916fcc3342e3c390a0ad164,300,5,1.0E-10,1.0E-5,6000,ATOMIC,300,[K]  300,XYZ,True,4858,0.069194,-23.239664814128,2.583775333567999,f47ed6cafb65dfae6a197be039e59958fbc5a401f31cc00ba10218087a293f67,4858,4558,True,True,4858,0.069194,-23.239664814128,2.583775333567999,f47ed6cafb65dfae6a197be039e59958fbc5a401f31cc00ba10218087a293f67,4858,4558,True
SZV/IL_25_z2-0,8,34.8,True,True,2023.1,ENERGY,SZV-MOLOPT-GTH,True,True,43,1,20.0,89f71ff0bc9d2596c883382392566210d7cb0503e557a3540af4740081b843c3,6546473960ef3860e7199c175a7a2039c2dd4b220c8e0c34d121b7c170e2ae4b,2346,1250,998,98,2.0,cee15878483fba3fe8e40887e7ed51879d458e415882cbfcc8ae8a52c2e92db7,300,5,1.0E-10,1.0E-5,6000,ATOMIC,300,[K]  300,XYZ,True,4845,0.068667,-23.237134155416,2.5891631875999996,bbfb4e33ac0ed44af48f915ed0184f2d9744cf2157babf3decc936e6ef68a0c4,4845,4545,True,True,4845,0.068667,-23.237134155416,2.5891631875999996,bbfb4e33ac0ed44af48f915ed0184f2d9744cf2157babf3decc936e6ef68a0c4,4845,4545,True
SZV/IL_25_z2-0,9,35.4,True,True,2023.1,ENERGY,SZV-MOLOPT-GTH,True,True,43,2,20.0,89f71ff0bc9d2596c883382392566210d7cb0503e557a3540af4740081b843c3,916f0f92531bd905cbf71e1dc23d4a035a8df6bd6c95e987b85a3f96eaae3ea8,2352,1250,1003,99,2.0,45919fc6501e7bb18fe66e284dd4b8b2380060827cdcc7fb108795ac8a38acc5,300,5,1.0E-10,1.0E-5,6000,ATOMIC,300,[K]  300,XYZ,True,4856,0.068471,-23.217623593088,2.606088668448,b51a51b2faed692a631bbc95c1a54d9a07121865416a29310c371e4e4631d0e2,4856,4556,True,True,4855,0.068471,-23.217596381704002,2.601898115312,6185d927b3984f9b2f2b43330906b8af2bc33b3892c032e9718ce35338c628fa,4855,4555,True
SZV/IL_25_z2-20,0,30.0,True,True,2023.1,ENERGY,SZV-MOLOPT-GTH,True,True,33,2,20.0,89f71ff0bc9d2596c883382392566210d7cb0503e557a3540af4740081b843c3,c8ca7fcc3619b8b5da6edceb72eb5ca0e6efce63a0f2edd34ac9e555dc83da86,2358,1250,1009,99,2.2,5ec86c57362b827a0c3e73d43e3ac44183cca1bd019fbaf9e3c6e96ef5581447,300,5,1.0E-10,1.0E-5,6000,ATOMIC,300,[K]  300,XYZ,True,4868,0.050018,-21.753515076968,2.9376321711039997,bfab2aeaf8ecdb52e64ddb55fc2033538eed952bcb1660e75318886be4b60bf7,4868,4568,True,True,4867,0.050018,-21.753515076968,2.9309381706399997,c0a3eba3acd07cac8d6ae5069a990700f9578e59e8ebb62541b35702efc4b0d9,4867,4567,True
SZV/IL_25_z2-20,10,36.0,True,True,2023.1,ENERGY,SZV-MOLOPT-GTH,True,True,41,2,20.0,89f71ff0bc9d2596c883382392566210d7cb0503e557a3540af4740081b843c3,c01316d439f0fbd57d715f23e69c70ed64b1aa084596678692664dca2e3ca37f,2348,1250,999,99,2.2,deae5d7d0164d5bd883811474ad2795374b959f085b9d261628dd5b5b73baedd,300,5,1.0E-10,1.0E-5,6000,ATOMIC,300,[K]  300,XYZ,True,4848,0.048732,-21.743283596583996,2.9773335803600003,8c7d9361507d6f90b7d17c393d8ea8165b25909ae92be299a818c29dc201c9d2,4848,4548,True,True,4847,0.048732,-21.743283596583996,2.974095425664,a5e50afe68b75b3fe833cadb9edbe6286e01e3a8dfcfc5f0cc53ca28994e5e3f,4847,4547,True
SZV/IL_25_z2-20,11,36.6,True,True,2023.1,ENERGY,SZV-MOLOPT-GTH,True,True,36,1,20.0,89f71ff0bc9d2596c883382392566210d7cb0503e557a3540af4740081b843c3,e512d996190272a188bcfc714d50b02c6a55067aee285a79a23d0b1ec5462e5a,2350,1250,1002,98,2.2,e8171025af8e35b3de6c3eb647ade08dadbf97e093b3b7e7fc21b16c4de523e9,300,5,1.0E-10,1.0E-5,6000,ATOMIC,300,[K]  300,XYZ,True,4853,0.049601,-21.753297385895998,2.9667755633679995,0158fd082514ee73e3e703993539e412934f2aef7985ab25ee65ea4640473e75,4853,4553,True,True,4853,0.049601,-21.753297385895998,2.9667755633679995,0158fd082514ee73e3e703993539e412934f2aef7985ab25ee65ea4640473e75,4853,4553,True
SZV/IL_25_z2-20,12,37.2,True,True,2023.1,ENERGY,SZV-MOLOPT-GTH,True,True,30,1,20.0,89f71ff0bc9d2596c883382392566210d7cb0503e557a3540af4740081b843c3,a5ca1cf46262e6d658571085ffc081b574c5e97ece243bfa9be3c63b2f2aaaae,2346,1250,998,98,2.2,b4435a539fb4d59946a1fb6c9b51aeb3b486e404bf61103871c88c02872f6fed,300,5,1.0E-10,1.0E-5,6000,ATOMIC,300,[K]  300,XYZ,True,4845,0.049247,-21.758168223632,2.9673742138159995,4cc5db6ed05a28fcbd6491a3f72ecab91349c306744fa5967051d789eb3c7662,4845,4545,True,True,4845,0.049247,-21.758168223632,2.9673742138159995,4cc5db6ed05a28fcbd6491a3f72ecab91349c306744fa5967051d789eb3c7662,4845,4545,True
SZV/IL_25_z2-20,13,37.8,True,True,2023.1,ENERGY,SZV-MOLOPT-GTH,True,True,27,1,20.0,89f71ff0bc9d2596c883382392566210d7cb0503e557a3540af4740081b843c3,97a08350023d25443fd0fcb9a39a03392fe249f8e54799713884c37e86bffb99,2346,1250,998,98,2.2,b7fdd40ebe58b5cdfbf51f6fb07099c9e8501940909195323b2e7b2ac232ab8a,300,5,1.0E-10,1.0E-5,6000,ATOMIC,300,[K]  300,XYZ,True,4845,0.049816,-21.771719492863998,2.958748205088,c858525a52642154dad1d07fc873db83c815c8364f0f99329c3c84c7094b014f,4845,4545,True,True,4845,0.049816,-21.771719492863998,2.958748205088,c858525a52642154dad1d07fc873db83c815c8364f0f99329c3c84c7094b014f,4845,4545,True
SZV/IL_25_z2-20,14,38.4,True,True,2023.1,ENERGY,SZV-MOLOPT-GTH,True,True,45,2,20.0,89f71ff0bc9d2596c883382392566210d7cb0503e557a3540af4740081b843c3,2be97685b2af1b15e85f7e989798d3a1c7c4a5262c0b84b059748781c3209241,2342,1250,995,97,2.2,b827b0d2c99e102c971ac0e76dc0728fcd0f1fea2ceca41907de96c3e9277faf,300,5,1.0E-10,1.0E-5,6000,ATOMIC,300,[K]  300,XYZ,True,4839,0.050301,-21.826441586088,2.9440540577279997,2903b0fba6a03590dd6f6dec014fa8c51bfcedbb1a3f1aadd9f9926fcdb5cc7d,4839,4539,True,True,4838,0.050301,-21.826441586088,2.936761406816,4768418960f2d24f3d7fba934a07505236e4b670fd9c7e93763fde8ab43886d6,4838,4538,True
SZV/IL_25_z2-20,15,39.0,True,True,2023.1,ENERGY,SZV-MOLOPT-GTH,True,True,39,2,20.0,89f71ff0bc9d2596c883382392566210d7cb0503e557a3540af4740081b843c3,3321427e5a7615dc07a1e4174cf58f30070f65a3fe51df25bef02aecbfde701a,2344,1250,997,97,2.2,290cc1d9e909f6617befc5120b4e8f98128ec26d6349f0c3b7fc3ec9859375ce,300,5,1.0E-10,1.0E-5,6000,ATOMIC,300,[K]  300,XYZ,True,4843,0.049949,-21.796481852303998,2.96835382364,c703ab483cd601fc89f1f6e6380f1ff5f61e8484dfbcae169d1d7a3599436280,4843,4543,True,True,4842,0.049949,-21.796481852303998,2.962666644384,b8259dc1fbbf31e533b3e714c2e7fd47527d97b09bca4a748db3ad88a5d761c5,4842,4542,True
SZV/IL_25_z2-20,16,39.6,True,True,,ENERGY,SZV-MOLOPT-GTH,False,False,,,,89f71ff0bc9d2596c883382392566210d7cb0503e557a3540af4740081b843c3,e3b0c44298fc1c149afbf4c8996fb92427ae41e4649b934ca495991b7852b855,2348,1250,1001,97,2.2,239b0e3b920d0c77450731c56eb7b78dacb8bb61d3f6f5cb5937ab842422f1de,300,5,1.0E-10,1.0E-5,6000,ATOMIC,300,[K]  300,XYZ,False,,,,,,,,,False,,,,,,,,
SZV/IL_25_z2-20,17,40.2,True,True,2023.1,ENERGY,SZV-MOLOPT-GTH,True,True,36,1,20.0,89f71ff0bc9d2596c883382392566210d7cb0503e557a3540af4740081b843c3,0f090a9a78ec0e2e76932111146b7d390f878afef0abf08fbed7eae290d294fc,2342,1250,996,96,2.2,21ad221966229de2d6afae00e39270da6c0cd457aa5e752c93f2639e549b14ab,300,5,1.0E-10,1.0E-5,6000,ATOMIC,300,[K]  300,XYZ,True,4840,0.050247,-21.808427649880002,2.9535236193600003,ae65026d1af84054c1840683c88be4525e9b90fa46937e7d24c6fb4c75dade69,4840,4540,True,True,4840,0.050247,-21.808427649880002,2.9535236193600003,ae65026d1af84054c1840683c88be4525e9b90fa46937e7d24c6fb4c75dade69,4840,4540,True
SZV/IL_25_z2-20,18,40.8,True,True,2023.1,ENERGY,SZV-MOLOPT-GTH,True,True,29,1,20.0,89f71ff0bc9d2596c883382392566210d7cb0503e557a3540af4740081b843c3,8f2bf5528790b3cc59994cc34df0e4d32ba75552c65f84512796585b8ee90626,2336,1250,990,96,2.2,5aa034a19f6277201391e4be032cc3cf20aabd3fb1c176164ac8a7e6d62c93d7,300,5,1.0E-10,1.0E-5,6000,ATOMIC,300,[K]  300,XYZ,True,4828,0.049038,-21.803910560136,2.976326759152,57b6306f0b584210725e8680c8ef0778fd2b3f47b19126ad84ba2bf8ce01d327,4828,4528,True,True,4828,0.049038,-21.803910560136,2.976326759152,57b6306f0b584210725e8680c8ef0778fd2b3f47b19126ad84ba2bf8ce01d327,4828,4528,True
SZV/IL_25_z2-20,19,41.4,True,True,2023.1,ENERGY,SZV-MOLOPT-GTH,True,True,32,1,20.0,89f71ff0bc9d2596c883382392566210d7cb0503e557a3540af4740081b843c3,44585e25acbd3304385cb734ad28b3737a5528e57bb07e7694bc7531f18c2bf9,2334,1250,988,96,2.2,34844f9d2dba7f580a8d775dd7af7f593a132891bf3e3785f614d724c6257e32,300,5,1.0E-10,1.0E-5,6000,ATOMIC,300,[K]  300,XYZ,True,4824,0.049603,-21.815230495879998,2.9675646935039994,61a63e4663b51bd68694bf1d2af79596a27d70737401f28bb559435ad03fc64b,4824,4524,True,True,4824,0.049603,-21.815230495879998,2.9675646935039994,61a63e4663b51bd68694bf1d2af79596a27d70737401f28bb559435ad03fc64b,4824,4524,True
SZV/IL_25_z2-20,1,30.6,True,True,2023.1,ENERGY,SZV-MOLOPT-GTH,True,True,31,2,20.0,89f71ff0bc9d2596c883382392566210d7cb0503e557a3540af4740081b843c3,3d613e3720400fe86e6e995b62dd66a07ea4d6380010df2a2e2f9f87b3fa97d8,2358,1250,1009,99,2.2,b3982df5e071147955de345a2af5f1a3659ad567adb47b819e010f1f40724094,300,5,1.0E-10,1.0E-5,6000,ATOMIC,300,[K]  300,XYZ,True,4868,0.049666,-21.752154507768,2.9445438626399993,b265e3ac37172cc665e29894537995048710bf21703bb7c17fe71e2dcd1b6e65,4868,4568,True,True,4867,0.049666,-21.752154507768,2.941332919328,310b486fce952c359021e5dbfc0aeb33029b40aaf9b08f07b29e301a4f12837b,4867,4567,True
SZV/IL_25_z2-20,20,42.0,True,True,2023.1,ENERGY,SZV-MOLOPT-GTH,True,True,37,2,20.0,89f71ff0bc9d2596c883382392566210d7cb0503e557a3540af4740081b843c3,257f3679a2ab180f5979abda7b86e2867acdcccb7dcf3c15e620b9e11de7042f,2334,1250,989,95,2.2,11736b24d10bc799c52a096ec677b724e4c1335191c6eca14038ee9907d31ab3,300,5,1.0E-10,1.0E-5,6000,ATOMIC,300,[K]  300,XYZ,True,4826,0.049903,-21.817489040751997,2.9550202454799996,9928b705279afc354058b02038488d7c6dddffee6db230723e7bafca651a9587,4826,4526,True,True,4825,0.049903,-21.817461829368,2.9374144800319995,3d254cb6b4b80ade9cf8beb0bfc44c41fe394cd5c4df06972a2357712d096b37,4825,4525,True
SZV/IL_25_z2-20,21,42.6,True,True,2023.1,ENERGY,SZV-MOLOPT-GTH,True,True,60,2,20.0,89f71ff0bc9d2596c883382392566210d7cb0503e557a3540af4740081b843c3,9a907f0614d1e3c6c1265d287f6456f9d6f92dbbc9321ef3215621034068f887,2334,1250,989,95,2.2,926416a1326781edea33387c233b3a2d08e5bd966db74299cf38d8aa3a60fd42,300,5,1.0E-10,1.0E-5,6000,ATOMIC,300,[K]  300,XYZ,True,4826,0.050158,-21.833570968695998,2.9167882509599994,3be8c75b4be06aaa0df6c39502dbd50fbf700ffa178a487f6a5af3e5d1e24c70,4826,4526,True,True,4825,0.050158,-21.833570968695998,2.9050057216879996,bc94637920931a0df0946285c052e36669de78aac95e29a007ca55512c4a5e88,4825,4525,True
SZV/IL_25_z2-20,22,43.2,True,True,2023.1,ENERGY,SZV-MOLOPT-GTH,True,True,42,1,20.0,89f71ff0bc9d2596c883382392566210d7cb0503e557a3540af4740081b843c3,fc12bfdaae39588fddf315c128d00e3253da728665d3e0c563058de5d39cbd98,2332,1250,988,94,2.2,ddce68b5fa35576dff53343e0eb524cc48b5c348e44419ec070afaccd9858407,300,5,1.0E-10,1.0E-5,6000,ATOMIC,300,[K]  300,XYZ,True,4823,0.050725,-21.842795627871997,2.8905836881680003,7a7f5a1aca8975a8d9f7bbfc080eef25abeac2e7e993797b466082f52eb1ab61,4823,4523,True,True,4823,0.050725,-21.842795627871997,2.8905836881680003,7a7f5a1aca8975a8d9f7bbfc080eef25abeac2e7e993797b466082f52eb1ab61,4823,4523,True
SZV/IL_25_z2-20,23,43.8,True,True,2023.1,ENERGY,SZV-MOLOPT-GTH,True,True,50,2,20.0,89f71ff0bc9d2596c883382392566210d7cb0503e557a3540af4740081b843c3,88c4499f0dac38db2c5300d459fa869b8da5f38d94e801e740549eefa7ef5162,2328,1250,985,93,2.2,81344f78600dc614ceac9eef11fc43e8ba018ea1b18b6bf712cfa0911504f3c9,300,5,1.0E-10,1.0E-5,6000,ATOMIC,300,[K]  300,XYZ,True,4817,0.050094,-21.831992708424,2.9147473971599998,57b2082fa779181668c7756abb97f579b15bad0a79ec4a34986217e775e5cc48,4817,4517,True,True,4816,0.050094,-21.83196549704,2.904053323248,4d61893c72d697fe2382247dc17ef9146ea681766df1f95791e4e351ebb4df6d,4816,4516,True
SZV/IL_25_z2-20,24,44.4,True,True,2023.1,ENERGY,SZV-MOLOPT-GTH,True,True,42,1,20.0,89f71ff0bc9d2596c883382392566210d7cb0503e557a3540af4740081b843c3,94a1e214696018ad2b3ba05f1889661fee4c5ff49234c74bab2c24e0a29b25ea,2330,1250,986,94,2.2,556485ed00fe49eed56c789ff8a2d21ef4cbfc0034e852fdffbb02f158d4f8e2,300,5,1.0E-10,1.0E-5,6000,ATOMIC,300,[K]  300,XYZ,True,4819,0.049931,-21.821543536968,2.8904476312479996,36fc087411686026a11c4607fe0dacd1bd2123b7c4db8aaeb5d207f05a4955e7,4819,4519,True,True,4819,0.049931,-21.821543536968,2.8904476312479996,36fc087411686026a11c4607fe0dacd1bd2123b7c4db8aaeb5d207f05a4955e7,4819,4519,True
SZV/IL_25_z2-20,25,45.0,True,True,2023.1,ENERGY,SZV-MOLOPT-GTH,True,True,41,1,20.0,89f71ff0bc9d2596c883382392566210d7cb0503e557a3540af4740081b843c3,44d675b202e213ec74a1d2106967ac72d8219b486e77cb8233f7928fa7d08f12,2328,1250,984,94,2.2,1d690198429560ddbb46d145f869d29ef514133ea5d7b645329337f7a835e72a,300,5,1.0E-10,1.0E-5,6000,ATOMIC,300,[K]  300,XYZ,True,4815,0.049826,-21.823040163088002,2.868324776056,a422ff261027d37571b27e4a8666ef98661926fa542f70dd3fea84dd5dbb6a46,4815,4515,True,True,4815,0.049826,-21.823040163088002,2.868324776056,a422ff261027d37571b27e4a8666ef98661926fa542f70dd3fea84dd5dbb6a46,4815,4515,True
SZV/IL_25_z2-20,26,45.6,True,True,2023.1,ENERGY,SZV-MOLOPT-GTH,False,False,,2,20.0,89f71ff0bc9d2596c883382392566210d7cb0503e557a3540af4740081b843c3,f7887d4f9d3c84de0bc9c98bea5875808befd1267e93b3010d9f99884e64bdf3,2324,1250,983,91,2.2,b5c2529c214a8f56dbad4b6f8e63a1323d7f31694456a400bc712d95c2c07ef2,300,5,1.0E-10,1.0E-5,6000,ATOMIC,300,[K]  300,XYZ,False,,,,,,,,,False,,,,,,,,
SZV/IL_25_z2-20,27,46.2,True,True,2023.1,ENERGY,SZV-MOLOPT-GTH,False,False,,2,20.0,89f71ff0bc9d2596c883382392566210d7cb0503e557a3540af4740081b843c3,32f2005789f8ad0d5e7746edd89019363da83856f9c80dae3bf21647a06c89f3,2324,1250,983,91,2.2,f51e500e7b292cd2de2b31bf5d3caba94f00e8ee8dbcc6dcc26274b5d8ff69d5,300,5,1.0E-10,1.0E-5,6000,ATOMIC,300,[K]  300,XYZ,False,,,,,,,,,False,,,,,,,,
SZV/IL_25_z2-20,28,46.8,True,True,2023.1,ENERGY,SZV-MOLOPT-GTH,False,False,,2,20.0,89f71ff0bc9d2596c883382392566210d7cb0503e557a3540af4740081b843c3,bf45c829ab4b1062a8ace4abe46dcd842652b1f9f75d500305d667b4fe2cd5e7,2322,1250,981,91,2.2,886d3a63d377b2bb0f951208e1cf7bfb02bc04ba208ba8b7c39dc50253e40427,300,5,1.0E-10,1.0E-5,6000,ATOMIC,300,[K]  300,XYZ,False,,,,,,,,,False,,,,,,,,
SZV/IL_25_z2-20,29,47.4,True,True,2023.1,ENERGY,SZV-MOLOPT-GTH,True,True,51,1,20.0,89f71ff0bc9d2596c883382392566210d7cb0503e557a3540af4740081b843c3,db70d95fd85b3c7c56a31a7324a48007b6c0bfa4f8b8d8b4c46f94bf99829cf6,2318,1250,978,90,2.2,c339cd04096d106fb6da601773441b38e9e1c2ff54ec008bd04d4e204e7bddb7,300,5,1.0E-10,1.0E-5,6000,ATOMIC,300,[K]  300,XYZ,True,4801,0.048186,-21.79101236412,2.842582806792,af3a758c428937061a01552483430409be13799d72a9911ec8235ae54bd99d12,4801,4501,True,True,4801,0.048186,-21.79101236412,2.842582806792,d28b53f96bc373ee7856b703a70443bc6654301108939043448c4658f26c5729,4801,4501,True
SZV/IL_25_z2-20,2,31.2,True,True,2023.1,ENERGY,SZV-MOLOPT-GTH,True,True,620,2,20.0,89f71ff0bc9d2596c883382392566210d7cb0503e557a3540af4740081b843c3,c07847a9609d8ce53e0c99bab8db53647b26d2d2604b6471f2a9aed4992ec28f,2352,1250,1005,97,2.2,26c18f6593c6f4fe0786e1492d614056ea77b53e15a489c851d82c613c8b99d6,300,5,1.0E-10,1.0E-5,6000,ATOMIC,300,[K]  300,XYZ,True,4859,0.049324,-21.749079621376,2.940924748568,a83e8700ba524b85db33ff3f2f64973946f791fdfa49a51459165deb9e73cda7,4859,4559,True,True,4858,0.049324,-21.749079621376,2.9381219760159993,ce038840434f4bf676e3e368419d5f6301136ac7591e92f965b28764fecba555,4858,4558,True
SZV/IL_25_z2-20,30,48.0,True,True,2023.1,ENERGY,SZV-MOLOPT-GTH,True,True,57,1,20.0,89f71ff0bc9d2596c883382392566210d7cb0503e557a3540af4740081b843c3,5d005f548f5c88b369b08bb0aa3aaef4aeb8a0aa8a1aa559f81be51fd72e406c,2318,1250,978,90,2.2,6cc25cdd20e7c5746a346004cfe45081aeec4fbbdf41c107583535e3eb6cb947,300,5,1.0E-10,1.0E-5,6000,ATOMIC,300,[K]  300,XYZ,True,4801,0.048236,-21.796835600295996,2.8325418060959997,fd213016d79ffc9ec80595bfefff8152d0f47fa420ecf6f3d5576cd144d02622,4801,4501,True,True,4801,0.048236,-21.796835600295996,2.8325418060959997,f173036959921bfb40decbc20a3b6e3533f1390e60e6af524d3d2c94c61f70a3,4801,4501,True
SZV/IL_25_z2-20,31,48.6,True,True,2023.1,ENERGY,SZV-MOLOPT-GTH,True,True,52,1,20.0,89f71ff0bc9d2596c883382392566210d7cb0503e557a3540af4740081b843c3,1292dad36eb89de7776771588ca4592421bdba7d9f39396d12b7c00d57412263,2320,1250,980,90,2.2,19ebcc0bd42e414bb04a33a2f8dccf42153770ceb1115ac3d8f41657bd134b39,300,5,1.0E-10,1.0E-5,6000,ATOMIC,300,[K]  300,XYZ,True,4805,0.048088,-21.78570614424,2.8220382118719995,7669acf27b5ae4dbc3771f84951856e1eafe1449365c7f5bea5c11be6bcd1fe8,4805,4505,True,True,4805,0.048088,-21.78570614424,2.8220382118719995,14c2a1540fbc5883be4241efc38d75a5abc2b3183db7494d71e67c66581d0515,4805,4505,True
SZV/IL_25_z2-20,32,49.2,True,True,2023.1,ENERGY,SZV-MOLOPT-GTH,False,False,,2,20.0,89f71ff0bc9d2596c883382392566210d7cb0503e557a3540af4740081b843c3,7d994767849c1e0b8793e81229f6d7ff90adcb78b6ef4736e830cb99e0406f27,2314,1250,975,89,2.2,91f0d5744ab1ee51abe7879a24ba498c18999e6e6184be7441442d4433e19130,300,5,1.0E-10,1.0E-5,6000,ATOMIC,300,[K]  300,XYZ,False,,,,,,,,,False,,,,,,,,
SZV/IL_25_z2-20,33,49.8,True,True,2023.1,ENERGY,SZV-MOLOPT-GTH,False,False,,2,20.0,89f71ff0bc9d2596c883382392566210d7cb0503e557a3540af4740081b843c3,14af4ff969319d9a25e52441675293c3439da33d03a2aa18eb0c6eaf30fc1a87,2316,1250,977,89,2.2,622d942db9cda8ca339fb7aba1a011e8219b0c75ce7bf78304a04982c73a70eb,300,5,1.0E-10,1.0E-5,6000,ATOMIC,300,[K]  300,XYZ,False,,,,,,,,,False,,,,,,,,
SZV/IL_25_z2-20,34,50.4,True,True,2023.1,ENERGY,SZV-MOLOPT-GTH,True,True,46,1,20.0,89f71ff0bc9d2596c883382392566210d7cb0503e557a3540af4740081b843c3,9e7a0305d3e5a579a54fd0875d08c82f3fcc255026b343d29ccc54e98629c839,2312,1250,974,88,2.2,7f23c26888329317a9e3662a86125d8a82f0cf4785cc8d0099529aa0777de507,300,5,1.0E-10,1.0E-5,6000,ATOMIC,300,[K]  300,XYZ,True,4792,0.046962,-21.757351882111998,2.8371677413759997,326684fc075988786d355672778052cf1c429ccbce9a0fb0462845de6219b8cf,4792,4492,True,True,4792,0.046962,-21.757351882111998,2.83719495276,653c232d30c56941907a6817590f3fd61080d99c8d2e511b3f77b5d7b63b91e1,4792,4492,True
SZV/IL_25_z2-20,35,51.0,True,True,2023.1,ENERGY,SZV-MOLOPT-GTH,True,True,52,1,20.0,89f71ff0bc9d2596c883382392566210d7cb0503e557a3540af4740081b843c3,41964534b20d9ff6fac6d5bb4cbb2d04ad8f4a834a2fc8a95fbbc4f6beee25c6,2312,1250,974,88,2.2,c57dae4e30480b4e3432b4f925593e67a81a5f523ec6e06b712ed6eef78f154c,300,5,1.0E-10,1.0E-5,6000,ATOMIC,300,[K]  300,XYZ,True,4792,0.047304,-21.757896109791997,2.8171129513679998,61b9ca113ee9230f5834339240982ca642f54ed94caf14e2d4a2d88b583f6936,4792,4492,True,True,4792,0.047304,-21.757896109791997,2.8171129513679998,7f542e187fcc7f061206b6d158e50c134d0984cb1772fc31567a634fc4368cfe,4792,4492,True
SZV/IL_25_z2-20,36,51.6,True,True,2023.1,ENERGY,SZV-MOLOPT-GTH,True,True,47,1,20.0,89f71ff0bc9d2596c883382392566210d7cb0503e557a3540af4740081b843c3,5e86ce994e6eba245bd08290005beac8e4ea6e47693890caf0cbbfa37c71fc59,2312,1250,974,88,2.2,5bd906574560c89cf3667ae8dc16a15e198016aa140974cf0af00a28d0103b29,300,5,1.0E-10,1.0E-5,6000,ATOMIC,300,[K]  300,XYZ,True,4792,0.046724,-21.761651280783997,2.8327594971679995,a295618ec1c450a34dff23fd10945207bd8a8dfaec86bb55f47420a5cefdc7c3,4792,4492,True,True,4792,0.046724,-21.761651280783997,2.8327594971679995,78488f65ce9a7cf252e9efaabadfcb5841c91681fe6cb85ad0c9a3cf08b436b2,4792,4492,True
SZV/IL_25_z2-20,37,52.2,True,True,2023.1,ENERGY,SZV-MOLOPT-GTH,True,True,53,1,20.0,89f71ff0bc9d2596c883382392566210d7cb0503e557a3540af4740081b843c3,93dcaac96d77ca76eec9e2601489ab01fdd5fb12dae74136bca7710d21f41e37,2312,1250,974,88,2.2,6636fa01e208f642fb333270b8d3d72758af56079d5c84fc524d0b5992c618d5,300,5,1.0E-10,1.0E-5,6000,ATOMIC,300,[K]  300,XYZ,True,4792,0.047759,-21.779910119448,2.7993167062319997,a3552a89ac15a45f866ea69fcfa3b7d3ccdec3c80b464cc74a7d9c773963276c,4792,4492,True,True,4792,0.047759,-21.779910119448,2.7993167062319997,39246766a5d674fc48a96c87590a2b55ed4ab5fd6389ed3a1976281ca960007b,4792,4492,True
SZV/IL_25_z2-20,38,52.8,True,True,2023.1,ENERGY,SZV-MOLOPT-GTH,True,True,50,1,20.0,89f71ff0bc9d2596c883382392566210d7cb0503e557a3540af4740081b843c3,ced8259272eb8aa3d8075e63a37c52a6988af708745f09eca304b94f0dbbefda,2306,1250,970,86,2.2,116a72c45d8afa8d00d7d1ae26a5c12611e0e1ec078bba9a68cda15a114d5911,300,5,1.0E-10,1.0E-5,6000,ATOMIC,300,[K]  300,XYZ,True,4783,0.04794,-21.790250445368,2.7758604932239996,3c1ae471a5f0519857fdcb908b05a334cc25ce3c4eac2c3279eb7f74443c52c4,4783,4483,True,True,4783,0.04794,-21.790250445368,2.7758604932239996,379b3b9cc3bdba14f0f147fcb9bd17991cbeed8898bc4999e945f27a61904bc4,4783,4483,True
SZV/IL_25_z2-20,39,53.4,True,True,2023.1,ENERGY,SZV-MOLOPT-GTH,True,True,53,1,20.0,89f71ff0bc9d2596c883382392566210d7cb0503e557a3540af4740081b843c3,351d24614a38f9c9d3a6f84f573534749f1c325cb16538ce82bface4631936c3,2306,1250,970,86,2.2,c8879d96265ea6d3d86ee4ace2d22d673fa9571d67a61fe07cf8d5a6a4ce236c,300,5,1.0E-10,1.0E-5,6000,ATOMIC,300,[K]  300,XYZ,True,4783,0.04799,-21.810795040288,2.770608696112,5cc5bdf9a74589e8a9d664ba23be7c73f55ac12a7396d8389164af1d667917e9,4783,4483,True,True,4783,0.04799,-21.810795040288,2.770608696112,c747171bded5cfd48a01d319ef5b6fe99d9dee2aca89d81c6393f8aa72160ec4,4783,4483,True
SZV/IL_25_z2-20,3,31.8,True,True,2023.1,ENERGY,SZV-MOLOPT-GTH,True,True,39,1,20.0,89f71ff0bc9d2596c883382392566210d7cb0503e557a3540af4740081b843c3,b29a0a2289c0ae4bd9be5e197d53292cc932a5b2346d13e0833b417bece1e4b6,2360,1250,1010,100,2.2,2e0c10e76b43bfa5f0d7253690b568098709607429419715b648e2a6d8ad27bf,300,5,1.0E-10,1.0E-5,6000,ATOMIC,300,[K]  300,XYZ,True,4870,0.049614,-21.746630596816,2.951455554176,4e6eb90e0d5649fa57214ac4292ae172be6dc88109cab85a3ccbfaf83811967d,4870,4570,True,True,4870,0.049614,-21.746630596816,2.951455554176,4e6eb90e0d5649fa57214ac4292ae172be6dc88109cab85a3ccbfaf83811967d,4870,4570,True
SZV/IL_25_z2-20,40,54.0,True,True,2023.1,ENERGY,SZV-MOLOPT-GTH,True,True,58,1,20.0,89f71ff0bc9d2596c883382392566210d7cb0503e557a3540af4740081b843c3,34c89f1d74358f70dc94f20250dcc9196683995d1b93497faf930f1cdca7c817,2306,1250,970,86,2.2,c9aa0b3370aa876546244818d41e4526360aaa1475e5a44b2e7edd235c254179,300,5,1.0E-10,1.0E-5,6000,ATOMIC,300,[K]  300,XYZ,True,4783,0.047899,-21.813924349447998,2.779397973144,1ab6414b4f5d4d55f995cefe2143c2990ee2f8eba63c77b6887360872b825ae5,4783,4483,True,True,4783,0.047899,-21.813924349447998,2.7794251845280002,0615447cb038a92f74619ecbd203e9c1a21c9afb7abaf7ca99506e8218e6d774,4783,4483,True
SZV/IL_25_z2-20,41,54.6,True,True,2023.1,ENERGY,SZV-MOLOPT-GTH,True,True,62,1,20.0,89f71ff0bc9d2596c883382392566210d7cb0503e557a3540af4740081b843c3,bfeba683bfb4dc42e5a71b3f9536527864d5be3f6b11b9c1e0cd1e95a8a00c30,2304,1250,968,86,2.2,f24d9f3245e6bce36f3cbc57747d688be962a1f69e978b2d4746c769669c5d7e,300,5,1.0E-10,1.0E-5,6000,ATOMIC,300,[K]  300,XYZ,True,4779,0.048173,-21.820128545,2.766526988512,52c6d032529eb74696960a3c389fb1e63c3d27adc2ee86e0fedc4b8ea5276cdb,4779,4479,True,True,4779,0.048173,-21.820128545,2.766526988512,9dd39d6383a341627b395e214bd8d1f2a722ed8aebd0fd04e716339da95b6e3b,4779,4479,True
SZV/IL_25_z2-20,42,55.2,True,True,2023.1,ENERGY,SZV-MOLOPT-GTH,True,True,100,2,20.0,89f71ff0bc9d2596c883382392566210d7cb0503e557a3540af4740081b843c3,ac6be84a6fe598fb7c7add999b4cac64b0f0b44d7e2c8027e35299bd7795fb2f,2302,1250,967,85,2.2,7247c3ae4dfce9779f5444cb4b40f34517d037e19a90bf8c51d9e592278d383f,300,5,1.0E-10,1.0E-5,6000,ATOMIC,300,[K]  300,XYZ,True,4777,0.047365,-21.815557032487998,2.7769489485839998,7e8eccfceae3146d23a28d2180444a2358ad95814db9ca9f49be0680e80224c1,4777,4477,True,True,4776,0.047365,-21.815529821104,2.774227810184,fe780f04b376507c85138a666a9f70e21a5b65ada76fc903f75e94b647550014,4776,4476,True
SZV/IL_25_z2-20,43,55.8,True,True,2023.1,ENERGY,SZV-MOLOPT-GTH,True,True,61,2,20.0,89f71ff0bc9d2596c883382392566210d7cb0503e557a3540af4740081b843c3,20aa8fa697d4f6612d9ac08d29802b0c79c477a595bb6d6245578635c0757266,2308,1250,971,87,2.2,d1a1097eec9c590a7b5e8240a817e7d35bae08a12221a71c24cfcacdf5ac5d97,300,5,1.0E-10,1.0E-5,6000,ATOMIC,300,[K]  300,XYZ,True,4786,0.048488,-21.828047057743998,2.7522954346799993,0d1cfdd36400b9f268dcff01e4ae16466e3d025436499cbbfa7fc368ee404204,4786,4486,True,True,4785,0.048488,-21.827992634976,2.7467987351120002,cd33754421fc6656232c38efe47cfb71b589db1118819e9f670f609645948804,4785,4485,True
SZV/IL_25_z2-20,44,56.4,True,True,2023.1,ENERGY,SZV-MOLOPT-GTH,True,True,56,2,20.0,89f71ff0bc9d2596c883382392566210d7cb0503e557a3540af4740081b843c3,9ac3a615088a57c4795a422b444d5e5977c48ff20612cdcd35c4c7d80d0932eb,2304,1250,967,87,2.2,6edcf73af397325a4553b73b9599e16c20042c96f8f518b6e8ccee084cac1cf5,300,5,1.0E-10,1.0E-5,6000,ATOMIC,300,[K]  300,XYZ,True,4778,0.049223,-21.835339708655997,2.749383816592,83348b42e562ed4bc667d20e7ac3d2c517c55bbdc451629c873239fea032115a,4778,4478,True,True,4777,0.049223,-21.835312497272,2.7458463366719994,f18a7a8ea0db936cf11c3c3faf659814fda6945c15fda54d97179bf998074bcc,4777,4477,True
SZV/IL_25_z2-20,45,57.0,True,True,2023.1,ENERGY,SZV-MOLOPT-GTH,True,True,41,1,20.0,89f71ff0bc9d2596c883382392566210d7cb0503e557a3540af4740081b843c3,788c0b94241470ffb62bacf9bd8e75d426de4f9d91d2d0e8c854db9efbdb2fc5,2296,1250,960,86,2.2,5d195dea24395cb19e6f4609358e9dedc8a07ff7664f476623c9fac681c8e521,300,5,1.0E-10,1.0E-5,6000,ATOMIC,300,[K]  300,XYZ,True,4763,0.047574,-21.850686929231998,2.7900376242879994,190108dfa077f9abbb3260b6d2e487c8d9d8036bec620fc3a42f410a89559aa3,4763,4463,True,True,4763,0.047574,-21.850686929231998,2.7900376242879994,257e8db96989962c7e1c10b552943aa2fa15836531f1d9d7188cc4a9d40bc027,4763,4463,True
SZV/IL_25_z2-20,46,57.6,True,True,2023.1,ENERGY,SZV-MOLOPT-GTH,True,True,39,2,20.0,89f71ff0bc9d2596c883382392566210d7cb0503e557a3540af4740081b843c3,22a75684cef3ef5dc73bfafaf34dc3f0a67b56f688649d6f5fc88a58967bf72a,2302,1250,967,85,2.2,4423f5748ddc0af127452c7dcd45eff01c11e659b6e5613a3e57bf10ff3cd162,300,5,1.0E-10,1.0E-5,6000,ATOMIC,300,[K]  300,XYZ,True,4777,0.049912,-21.882388191592,2.738036669464,9537806e2f48dca36f7a68ab1f84ec5323ded70f75801e893fd9bdbaa08a4943,4777,4477,True,True,4776,0.049912,-21.882333768823997,2.7351522627600002,36b3b075e7b188e7497f846ace0e6f74c824cd0b2e61efc963a4e220292f244f,4776,4476,True
SZV/IL_25_z2-20,47,58.2,True,True,2023.1,ENERGY,SZV-MOLOPT-GTH,True,True,73,2,20.0,89f71ff0bc9d2596c883382392566210d7cb0503e557a3540af4740081b843c3,7748dfe28ba622c6bb544ffc9b7c0ce7d60d3bc7ac8608c9e9f39e8f50e7a7ec,2292,1250,957,85,2.2,6bb52f60ac3a4258c5c1c22100588e86e232bb34e1b73b330811457ef108f6dc,300,5,1.0E-10,1.0E-5,6000,ATOMIC,300,[K]  300,XYZ,True,4757,0.047978,-21.907858047016,2.7713706148640003,28e567ea2bc726f2d52a057c9965e48adfd9f2b1120044fe746513867bdc60db,4757,4457,True,True,4756,0.047978,-21.907858047016,2.7694113952159998,2df1e1151285d49e99b36049e731ae3ece884cc1f248d4dfa34f028672dfbf49,4756,4456,True
SZV/IL_25_z2-20,48,58.8,True,True,2023.1,ENERGY,SZV-MOLOPT-GTH,True,True,90,2,20.0,89f71ff0bc9d2596c883382392566210d7cb0503e557a3540af4740081b843c3,8a4cc52c69f95c520d4ada91d8ef06a3fed310aa554d4c416c934d7447be5995,2290,1250,955,85,2.2,668c517f5aede5b0a6d5c3a2bbf269f9f33dc8fe0d56bc7f859893c64e61723a,300,5,1.0E-10,1.0E-5,6000,ATOMIC,300,[K]  300,XYZ,True,4753,0.046434,-21.906361420895998,2.798228250872,324a72b2228bc3f49a6f53cb9e422c26df238bcf7f0d852e0e8ec4955a9659ff,4753,4453,True,True,4752,0.046434,-21.906306998128,2.791153291032,6a579a8f6ceda6521198ebf5f93441b025c4ea6239459213d509a6d3f27346de,4752,4452,True
SZV/IL_25_z2-20,49,59.4,True,True,2023.1,ENERGY,SZV-MOLOPT-GTH,False,False,,2,20.0,89f71ff0bc9d2596c883382392566210d7cb0503e557a3540af4740081b843c3,1f935116f6d53fd822c5790e492717a501a706b0d2991379d471e0c312fd4981,2316,1250,981,85,2.2,bc66e88688f29d7f6757003eb851799b0800bffe63b3487c900de009697e9429,300,5,1.0E-10,1.0E-5,6000,ATOMIC,300,[K]  300,XYZ,False,,,,,,,,,False,,,,,,,,
SZV/IL_25_z2-20,4,32.4,True,True,2023.1,ENERGY,SZV-MOLOPT-GTH,True,True,37,2,20.0,89f71ff0bc9d2596c883382392566210d7cb0503e557a3540af4740081b843c3,ad962a1036943bed30734604b945194313dc887ddaa908ff2851e2ce71becdcb,2354,1250,1005,99,2.2,852346c874f2fbf176396fd036037cd3b86c6aafca1a0c3091974bca222b34db,300,5,1.0E-10,1.0E-5,6000,ATOMIC,300,[K]  300,XYZ,True,4860,0.049012,-21.730140498111997,2.9691429537759997,cd1e9ab5a73fc2919c29f234fbbafc79e846ce2d0904a8b1914e8009e1e076b1,4860,4560,True,True,4859,0.049012,-21.730113286728,2.966557872296,949e6aeab9112527f3dbb61ac9db07b79e612f8389971c5b7a6a8bb9b9159c15,4859,4559,True
SZV/IL_25_z2-20,50,60.0,True,True,2023.1,ENERGY,SZV-MOLOPT-GTH,True,True,103,1,20.0,89f71ff0bc9d2596c883382392566210d7cb0503e557a3540af4740081b843c3,10ed40d310d05d56dc9e1d3d93cba6a4d3dcc3736c84172f3e62f5960230350b,2320,1250,986,84,2.2,0cd8d921108897330b5e82657bf6cc4fe769c36dade46eb473359ae769418caa,300,5,1.0E-10,1.0E-5,6000,ATOMIC,300,[K]  300,XYZ,True,4814,0.043561,-21.629730491152,2.916951519264,ce13993f2b8d280b0a0582d8e38902cc57394c21d986599442fa407cfd0afb86,4814,4514,True,True,4814,0.043561,-21.629757702536,2.91692430788,d2a26ed92db5647395867612bd6873c0d941ac9d263e1194ccbb520831532d1a,4814,4514,True
SZV/IL_25_z2-20,5,33.0,True,True,2023.1,ENERGY,SZV-MOLOPT-GTH,True,True,36,1,20.0,89f71ff0bc9d2596c883382392566210d7cb0503e557a3540af4740081b843c3,2a9a4f0700a4d8b41e0da0adefc673760c20bfe001283695d7e622c80dc471bb,2358,1250,1008,100,2.2,b9a3daf7dd8f7edb119570e1d6d1a253600b90fc54dd0adb3532c49a5698c5ec,300,5,1.0E-10,1.0E-5,6000,ATOMIC,300,[K]  300,XYZ,True,4866,0.049129,-21.730276555032,2.967972864264,020f7f499258b5b97349926af255000f344530e7adf62bf8901cb6a06f15ab9e,4866,4566,True,True,4866,0.049129,-21.730276555032,2.967972864264,020f7f499258b5b97349926af255000f344530e7adf62bf8901cb6a06f15ab9e,4866,4566,True
SZV/IL_25_z2-20,6,33.6,True,True,2023.1,ENERGY,SZV-MOLOPT-GTH,True,True,34,2,20.0,89f71ff0bc9d2596c883382392566210d7cb0503e557a3540af4740081b843c3,970abc0130600944b849037f5a92c84d0a2dba6b35181a0ba1541fe687369cc2,2362,1250,1013,99,2.2,e6919cd0d2cfd921ecbdb6ae4128578e2c9da93498d9029b2f3a76ff4a3921d1,300,5,1.0E-10,1.0E-5,6000,ATOMIC,300,[K]  300,XYZ,True,4876,0.04954,-21.734031726024,2.968190555336,ef16c3be2a570c1456a6e2031063a58c0eb0d4984aa8455606491ab479b7ab6a,4876,4576,True,True,4875,0.04954,-21.73400451464,2.966367392608,b148041a20867e4e0b68167ca0640171b6d1787cf406c632a3bd2bf9808d1ec1,4875,4575,True
SZV/IL_25_z2-20,7,34.2,True,True,2023.1,ENERGY,SZV-MOLOPT-GTH,True,True,40,1,20.0,89f71ff0bc9d2596c883382392566210d7cb0503e557a3540af4740081b843c3,13bf9a7f576aed69f34572a9946c5b443d8d526739d3c56fc80258aebb615f4c,2354,1250,1004,100,2.2,a70f9f8c4d3069adf62e1ee3f800af5bfbf4940ccb47935409490f981ebc0d59,300,5,1.0E-10,1.0E-5,6000,ATOMIC,300,[K]  300,XYZ,True,4858,0.049259,-21.739283523136002,2.967347002432,133e34b12376659606b0379b4e17536d10aeeb634f25c31ccd67358ebbeeb1fe,4858,4558,True,True,4858,0.049259,-21.739283523136002,2.967347002432,133e34b12376659606b0379b4e17536d10aeeb634f25c31ccd67358ebbeeb1fe,4858,4558,True
SZV/IL_25_z2-20,8,34.8,True,True,2023.1,ENERGY,SZV-MOLOPT-GTH,True,True,39,1,20.0,89f71ff0bc9d2596c883382392566210d7cb0503e557a3540af4740081b843c3,ef187bd52f76710b6ed23a003333cc500364525ec1375b09caa466ded8fac1bf,2346,1250,998,98,2.2,a7e4ad3d461c81bc28fe3091f49aa6370afde011b8a3aa6307cccf8f47f9ebab,300,5,1.0E-10,1.0E-5,6000,ATOMIC,300,[K]  300,XYZ,True,4845,0.048785,-21.742331198143997,2.9739321573599997,66ad2dff3a3f7def618fa1f7a40c92fd1c49d9c7ba774ec89daf2a7233397763,4845,4545,True,True,4845,0.048785,-21.742331198143997,2.9739321573599997,66ad2dff3a3f7def618fa1f7a40c92fd1c49d9c7ba774ec89daf2a7233397763,4845,4545,True
SZV/IL_25_z2-20,9,35.4,True,True,2023.1,ENERGY,SZV-MOLOPT-GTH,True,True,41,2,20.0,89f71ff0bc9d2596c883382392566210d7cb0503e557a3540af4740081b843c3,527c8f1dfd4ae37db441c13d4a8c0c16d4c12765ea3b5632236a30edff515abe,2352,1250,1003,99,2.2,d81dfa62fbfcc87b665eb71c08d0c9660ec8bd73e961105d6c1a630dddeaca5a,300,5,1.0E-10,1.0E-5,6000,ATOMIC,300,[K]  300,XYZ,True,4856,0.049271,-21.745052336544,2.9714287100319994,a6f86f42bff6dcdae6fa377ed072c99af43f66b2562fcca5d8382ca02611831a,4856,4556,True,True,4855,0.049271,-21.745052336544,2.96495240064,224475f4fdc437d7eba74b6adf070bc09efff68c1b475ac32ebbf044ddba8319,4855,4555,True
SZV/IL_25_z2-25,0,30.0,True,True,2023.1,ENERGY,SZV-MOLOPT-GTH,True,True,23,2,20.0,89f71ff0bc9d2596c883382392566210d7cb0503e557a3540af4740081b843c3,e55eb9826c747ff61e9f551c12ccf7904a301aca7799647b868ef3c2a7ca4661,2358,1250,1009,99,2.25,37b27a811e9826e27ca2dfa8f840bed639245ae52e589764d68a6054103a4879,300,5,1.0E-10,1.0E-5,6000,ATOMIC,300,[K]  300,XYZ,True,4868,0.046591,-21.495279042808,2.982884702696,e6ef68e9c27e02b6bebaab00563e60339318c6e1b1a2a3837469cf1c1d97bd52,4868,4568,True,True,4867,0.046591,-21.495251831424003,2.9811975968880002,4c846273e97600a94fc8db6cb0807e273bc8c1694cf420cde067169fc9fa1440,4867,4567,True
SZV/IL_25_z2-25,10,36.0,True,True,2023.1,ENERGY,SZV-MOLOPT-GTH,True,True,27,2,20.0,89f71ff0bc9d2596c883382392566210d7cb0503e557a3540af4740081b843c3,117790378bd36883385e544914f9b1f6dddfd92d6f359ed13ed156d078061192,2348,1250,999,99,2.25,cf2cd3d979bb4a5d11609594795cf932ae831e7a22239956f84442de513b341d,300,5,1.0E-10,1.0E-5,6000,ATOMIC,300,[K]  300,XYZ,True,4848,0.044927,-21.453700048056,3.04672260956,c28fa5addbd2cabe31f70c56d82688ed3253f98d1be8ef15b679f442d3ed6a2f,4848,4548,True,True,4847,0.044927,-21.453672836672,3.04196061736,e48cfecee84ba57c789bd787af9964ef40e5b9c524f33e180cb79ab4613db907,4847,4547,True
SZV/IL_25_z2-25,11,36.6,True,True,2023.1,ENERGY,SZV-MOLOPT-GTH,True,True,27,1,20.0,89f71ff0bc9d2596c883382392566210d7cb0503e557a3540af4740081b843c3,96e6b945489bb9ae113f6cec7dfb5d31e389ef47aa64cdd32c7467dbc4857153,2350,1250,1002,98,2.25,29ce4dabae300116b853ba6ef3246359c74411ea961f6e7c2aebf519c204f848,300,5,1.0E-10,1.0E-5,6000,ATOMIC,300,[K]  300,XYZ,True,4853,0.045755,-21.464176430896,3.0387496740480007,95cb89a91d1eb85932d342b5014d1c53122b8e43ef0ef7a4cb10f8eb6fc07033,4853,4553,True,True,4853,0.045755,-21.464176430896,3.0387496740480007,95cb89a91d1eb85932d342b5014d1c53122b8e43ef0ef7a4cb10f8eb6fc07033,4853,4553,True
SZV/IL_25_z2-25,12,37.2,True,True,2023.1,ENERGY,SZV-MOLOPT-GTH,True,True,25,1,20.0,89f71ff0bc9d2596c883382392566210d7cb0503e557a3540af4740081b843c3,95a810c5a69467a09ce25847a5d3db943e2f0a1f62b692ba1744ecb2122e4c8e,2346,1250,998,98,2.25,43fc63505d701304446f5506a6b54ae68491d706cfe3d3e756ac885b11947a6c,300,5,1.0E-10,1.0E-5,6000,ATOMIC,300,[K]  300,XYZ,True,4845,0.045597,-21.47481608204,3.03189240528,9b99cff6d4e1c33d2016fc695c32d2394be269aabf6d16885cc757e6f96ee094,4845,4545,True,True,4845,0.045597,-21.47481608204,3.03189240528,353e6e112cf764544b4ec1e2f327c1d0a301d228a5f6a16dfc2085b09ca42724,4845,4545,True
SZV/IL_25_z2-25,13,37.8,True,True,2023.1,ENERGY,SZV-MOLOPT-GTH,True,True,23,1,20.0,89f71ff0bc9d2596c883382392566210d7cb0503e557a3540af4740081b843c3,120e4405b9aefeca2c5003565490993d3f35dd5d2474dff659176f83a709a006,2346,1250,998,98,2.25,5d94a4344d4c60244cdbf8fb0504649afc41c09cde8d71938fdfca1338c614e7,300,5,1.0E-10,1.0E-5,6000,ATOMIC,300,[K]  300,XYZ,True,4845,0.046095,-21.487442164216,3.024844656824,5b334408054698558ea7b57bf64ef8fa269f056720c98a6a5583548554ff0722,4845,4545,True,True,4845,0.046095,-21.487442164216,3.024844656824,5b334408054698558ea7b57bf64ef8fa269f056720c98a6a5583548554ff0722,4845,4545,True
SZV/IL_25_z2-25,14,38.4,True,True,2023.1,ENERGY,SZV-MOLOPT-GTH,True,True,28,2,20.0,89f71ff0bc9d2596c883382392566210d7cb0503e557a3540af4740081b843c3,e9a380e46fba65b65ce90d5861af3fbfa519fae47a6b8f625f30e59cb670bd01,2342,1250,995,97,2.25,05a437f1b6b738f1088295ed7067e200c9c48828c8b16b31d2c67a3cdf56e2ac,300,5,1.0E-10,1.0E-5,6000,ATOMIC,300,[K]  300,XYZ,True,4839,0.046367,-21.53277632996,3.013307030008,c88afee41f9b0c2272c3f6052f7f8bc503be6379fb864918675af8c73c2abd20,4839,4539,True,True,4838,0.046367,-21.53277632996,3.009143688256,cc2146b6f19c7893889f2f2599e1d59ba0aa0f2de2b205560f588b3f504995e0,4838,4538,True
SZV/IL_25_z2-25,15,39.0,True,True,2023.1,ENERGY,SZV-MOLOPT-GTH,True,True,38,2,20.0,89f71ff0bc9d2596c883382392566210d7cb0503e557a3540af4740081b843c3,699fc3ed4fa5a1c191205d4f433cadcf26e1f88b1a24a0d5f4ba43d0e59b813c,2344,1250,997,97,2.25,33d9c58c04693da5bc02e62910f96c66fb3cd0cf57d397af257ffaf7521cb592,300,5,1.0E-10,1.0E-5,6000,ATOMIC,300,[K]  300,XYZ,True,4843,0.046396,-21.520476784392,3.02835492536,f705ae17fc5a5e987211461da7cbb3e9bcc5d5433561235f3f473ffe6b079ca4,4843,4543,True,True,4842,0.046396,-21.520476784392,3.023837835616,1070b801aa307acab85633939dabb8e4ab3094ad633e6e117505f5e697585872,4842,4542,True
SZV/IL_25_z2-25,16,39.6,True,True,2023.1,ENERGY,SZV-MOLOPT-GTH,True,True,38,2,20.0,89f71ff0bc9d2596c883382392566210d7cb0503e557a3540af4740081b843c3,3fa7397b717dab23141363735ff335ee439c57cd2ff1c9957be63a05a610e707,2348,1250,1001,97,2.25,856892f1c98d88a41dc63d1a85fb0452725037e8193fd7c0ad9fa491a8e5c23c,300,5,1.0E-10,1.0E-5,6000,ATOMIC,300,[K]  300,XYZ,True,4851,0.046671,-21.525810215656,3.022259575344,d33d25b52c310230b52be2c0272c2f6fa5a6bf4a06f535a347f0fe8d97ae9e6b,4851,4551,True,True,4850,0.046671,-21.525810215656,3.01542951796,b5c383b8c18ae1c5e58e4e3124c7ba8ec54025c24c88975a9d7f51d29e1baaf3,4850,4550,True
SZV/IL_25_z2-25,17,40.2,True,True,2023.1,ENERGY,SZV-MOLOPT-GTH,True,True,33,1,20.0,89f71ff0bc9d2596c883382392566210d7cb0503e557a3540af4740081b843c3,3d0b6e5f877489f0a805c2f4bc3039d2a362042c3805f473db0be49bf340463c,2342,1250,996,96,2.25,a2bf42e1271dc6332c83c2999596e2a10c642ebfb47371b20e0fc9acc43d7fc1,300,5,1.0E-10,1.0E-5,6000,ATOMIC,300,[K]  300,XYZ,True,4840,0.046606,-21.527252419008,3.0101505094639998,66c86aea640bd69e0604c34990f123f5987dd2a6af292714ee7c72e57cb5ae88,4840,4540,True,True,4840,0.046606,-21.527252419008,3.0101505094639998,66c86aea640bd69e0604c34990f123f5987dd2a6af292714ee7c72e57cb5ae88,4840,4540,True
SZV/IL_25_z2-25,18,40.8,True,True,2023.1,ENERGY,SZV-MOLOPT-GTH,True,True,30,1,20.0,89f71ff0bc9d2596c883382392566210d7cb0503e557a3540af4740081b843c3,bf921a66398227d283ea22e15ff3ebacbfa1b4a00a88dc5b98729318fe35f67e,2336,1250,990,96,2.25,9a765d3b2a6203440a26be312f69e31633db9e300f4bfbdd06919dbfbb7d4136,300,5,1.0E-10,1.0E-5,6000,ATOMIC,300,[K]  300,XYZ,True,4828,0.04561,-21.5255653132,3.0292801124159996,c33bd05f9fc8dbbe9ed6737b3e937657dfa0fb2a85fedd9aa0cf0b3acc8a22e5,4828,4528,True,True,4828,0.04561,-21.5255653132,3.0292801124159996,c33bd05f9fc8dbbe9ed6737b3e937657dfa0fb2a85fedd9aa0cf0b3acc8a22e5,4828,4528,True
SZV/IL_25_z2-25,19,41.4,True,True,2023.1,ENERGY,SZV-MOLOPT-GTH,True,True,38,1,20.0,89f71ff0bc9d2596c883382392566210d7cb0503e557a3540af4740081b843c3,ccd47914ae1adf7338b72803639f03c835c2f4fc0268248dab0580f03680f9b6,2334,1250,988,96,2.25,e75b36174cc1f6c514d6589c8449c960e12b685d13476999255b6320fd868719,300,5,1.0E-10,1.0E-5,6000,ATOMIC,300,[K]  300,XYZ,True,4824,0.046296,-21.537238996936,3.0158649001039994,d19f86199c6d394d107b08ddb2ee1eecc66f2e8840ad8293b3b8b94e1734ed67,4824,4524,True,True,4824,0.046296,-21.537238996936,3.0158649001039994,d19f86199c6d394d107b08ddb2ee1eecc66f2e8840ad8293b3b8b94e1734ed67,4824,4524,True
SZV/IL_25_z2-25,1,30.6,True,True,2023.1,ENERGY,SZV-MOLOPT-GTH,True,True,24,2,20.0,89f71ff0bc9d2596c883382392566210d7cb0503e557a3540af4740081b843c3,aaf7263cc9f773812bb46b351859e7f2d72d83c02e3e15971be2cb7c3a7c8b1c,2358,1250,1009,99,2.25,b3214d456c0b45de248f7cace357dd7ee4c9dd710a44af6fa0e3900809a2d28a,300,5,1.0E-10,1.0E-5,6000,ATOMIC,300,[K]  300,XYZ,True,4868,0.046359,-21.490000034312,2.992789646472,1278d85e6ef19f923c63eb727718d7d3b36c8dbc01e2c1b944e8bd6cf295d61b,4868,4568,True,True,4867,0.046359,-21.490000034312,2.990558312984,73bbbdf9a966f9a64371e59c97fa4a5b8be1e90108e2f616e39eabc0d4cdcbd6,4867,4567,True
SZV/IL_25_z2-25,20,42.0,True,True,2023.1,ENERGY,SZV-MOLOPT-GTH,True,True,35,2,20.0,89f71ff0bc9d2596c883382392566210d7cb0503e557a3540af4740081b843c3,5f72b6112d97b86db70e119d86c985b827dd2cba2ac85f6a5a345036fafc96d6,2334,1250,989,95,2.25,ca837586339bbb431582d05db2bff6c617ab8f4e7a89d27caff194085b20bb11,300,5,1.0E-10,1.0E-5,6000,ATOMIC,300,[K]  300,XYZ,True,4826,0.046579,-21.541320704536,3.0021775739519994,55e42a7e1cfcda9bae34f936f4fe12e3cb2693860a21daf69403b40c141e22f7,4826,4526,True,True,4825,0.046579,-21.541320704536,2.9918916708,2b41ca7dd0648407b0c26b9ef1ffcb37d950ac7e8d3ae49f5055ceefd62902ff,4825,4525,True
SZV/IL_25_z2-25,21,42.6,True,True,2023.1,ENERGY,SZV-MOLOPT-GTH,True,True,49,2,20.0,89f71ff0bc9d2596c883382392566210d7cb0503e557a3540af4740081b843c3,13744206590366c4242cc3ffdaa23af1c94d9ae7126565ab0754073db885f6a6,2334,1250,989,95,2.25,03742021a8f6a1ffbc70bc36eb7635369bbd7b6b53be8f3a55f116f8dec59ff6,300,5,1.0E-10,1.0E-5,6000,ATOMIC,300,[K]  300,XYZ,True,4826,0.046746,-21.553701884255997,2.9804628895199996,0b37a2d4b36482ae1aa9ffc609f1512f651317c7809cf1553f900e4688b70a61,4826,4526,True,True,4825,0.046746,-21.553647461487998,2.96726536828,048d271987d96ef9cdd74858eb1f91de0b6262ddad06c158b0eb4f9eefbcbfa8,4825,4525,True
SZV/IL_25_z2-25,22,43.2,True,True,2023.1,ENERGY,SZV-MOLOPT-GTH,True,True,38,1,20.0,89f71ff0bc9d2596c883382392566210d7cb0503e557a3540af4740081b843c3,662a3ec82b898366f90d773950599cea9e7e11b5b9a46ea2b596ac90ef2b5b23,2332,1250,988,94,2.25,f3d45ba73017ec5dc01d30569e89727b7f05ba536fb951828e9e5c539a347765,300,5,1.0E-10,1.0E-5,6000,ATOMIC,300,[K]  300,XYZ,True,4823,0.04736,-21.562654429591998,2.948679993008,983dbf6d6ed1c9c5811b64a2e0640ea30bd5ff7d6f43e6eb0962e3edec2cfd80,4823,4523,True,True,4823,0.04736,-21.562654429591998,2.948679993008,983dbf6d6ed1c9c5811b64a2e0640ea30bd5ff7d6f43e6eb0962e3edec2cfd80,4823,4523,True
SZV/IL_25_z2-25,23,43.8,True,True,2023.1,ENERGY,SZV-MOLOPT-GTH,True,True,56,2,20.0,89f71ff0bc9d2596c883382392566210d7cb0503e557a3540af4740081b843c3,82627868725774cf147a4390527a21b9a8df4dd73b9d91766d8c996446168ca9,2328,1250,985,93,2.25,c502151a723972ab618501b256f188d6562789e2f8edf7c23dd1d1f44a354775,300,5,1.0E-10,1.0E-5,6000,ATOMIC,300,[K]  300,XYZ,True,4817,0.047034,-21.570137560192002,2.9670204658239996,42d66f4b8d26efa50b2092ab6a14a494f195b52f7e2eab6e62a65d147fa3a85c,4817,4517,True,True,4816,0.047034,-21.570137560192002,2.9639183680480006,a4d72d6075bd72bba753d7287299570eb1538454cb3db58f872e7bff73384cb1,4816,4516,True
SZV/IL_25_z2-25,24,44.4,True,True,2023.1,ENERGY,SZV-MOLOPT-GTH,True,True,37,1,20.0,89f71ff0bc9d2596c883382392566210d7cb0503e557a3540af4740081b843c3,ef8aa785247571003c4205d67e464307a9c773fe12f6ae7b678ea445d9e92d70,2330,1250,986,94,2.25,4c70bd554b417126118bdd0eb85bfa48401e47e0a90c005e697dda47983badfa,300,5,1.0E-10,1.0E-5,6000,ATOMIC,300,[K]  300,XYZ,True,4819,0.046885,-21.561865299456,2.945305781392,485c5d394812dcd358e2284f7e6206fbcaf97ad69ab87b69edd79ddd642df1bb,4819,4519,True,True,4819,0.046885,-21.561865299456,2.945305781392,485c5d394812dcd358e2284f7e6206fbcaf97ad69ab87b69edd79ddd642df1bb,4819,4519,True
SZV/IL_25_z2-25,25,45.0,True,True,2023.1,ENERGY,SZV-MOLOPT-GTH,True,True,38,1,20.0,89f71ff0bc9d2596c883382392566210d7cb0503e557a3540af4740081b843c3,402f02bcf0408a4759f5b5e5a31ba166fa3767589ba1bf24582df0d0ef5610f7,2328,1250,984,94,2.25,27f9a9f628010ea38c52021011bc260d72890a96986750aea5c59a542be0fe52,300,5,1.0E-10,1.0E-5,6000,ATOMIC,300,[K]  300,XYZ,True,4815,0.046755,-21.552286892288,2.9239992677200006,fc36b7317e557abb86b75063f50c76d7b3a131606b83040a2511e8c9542c4380,4815,4515,True,True,4815,0.046755,-21.552286892288,2.9239992677200006,fc36b7317e557abb86b75063f50c76d7b3a131606b83040a2511e8c9542c4380,4815,4515,True
SZV/IL_25_z2-25,26,45.6,True,True,2023.1,ENERGY,SZV-MOLOPT-GTH,False,False,,2,20.0,31c0ce8c2d5dd2565a0426a79483adb832be38b77761cdbc587d3f09b20e3396,37fe2bb7b5f5b8747f43f1ae0accb77f74f90a752ecfba055b0e7c03f8054c89,2324,1250,983,91,2.25,89ecef568a9c00d55073928b72388134fca24305952c1c2cace05d357f65fdda,300,5,1.0E-10,1.0E-5,6000,RESTART,300,[K]  300,XYZ,False,,,,,,,,,False,,,,,,,,
SZV/IL_25_z2-25,27,46.2,True,True,2023.1,ENERGY,SZV-MOLOPT-GTH,False,False,,2,20.0,31c0ce8c2d5dd2565a0426a79483adb832be38b77761cdbc587d3f09b20e3396,8a7019e0c72e36834d984928cbce717bf2dbbb72fa49ff258cff8ed1812368e3,2324,1250,983,91,2.25,3f95270f5f5cf13f0b166858e9809f80f403403d132f5a161f3f068814f37439,300,5,1.0E-10,1.0E-5,6000,RESTART,300,[K]  300,XYZ,False,,,,,,,,,False,,,,,,,,
SZV/IL_25_z2-25,28,46.8,True,True,2023.1,ENERGY,SZV-MOLOPT-GTH,False,False,,2,20.0,31c0ce8c2d5dd2565a0426a79483adb832be38b77761cdbc587d3f09b20e3396,6963ab4167dcf0311f4b71218e83da37b53a86bbfa79b80112fb17b2d416ffc8,2322,1250,981,91,2.25,b3a37ce036f107081c71acaaf2a2b9fabce1423a70492c1109d15177bca837b3,300,5,1.0E-10,1.0E-5,6000,RESTART,300,[K]  300,XYZ,False,,,,,,,,,False,,,,,,,,
SZV/IL_25_z2-25,29,47.4,True,True,2023.1,ENERGY,SZV-MOLOPT-GTH,True,True,53,1,20.0,89f71ff0bc9d2596c883382392566210d7cb0503e557a3540af4740081b843c3,33dc8fe6f7b29938e2645e402b3be3d959dad6b829b4dbf7001dc6b844134755,2318,1250,978,90,2.25,0f584ea39e687e35945d96a9558fb041271708978742c8bb5281b7ccec9ef794,300,5,1.0E-10,1.0E-5,6000,ATOMIC,300,[K]  300,XYZ,True,4801,0.045678,-21.544096265704,2.890039460488,f06b54f9098e9054473140f209316ba487d27eebacacd5072bb980a02ad4fa7d,4801,4501,True,True,4801,0.045678,-21.544096265704,2.890039460488,b364f404cc697d79337d5e87ed7654a526d97a9007195ce3a1ad86460274a458,4801,4501,True
SZV/IL_25_z2-25,2,31.2,True,True,2023.1,ENERGY,SZV-MOLOPT-GTH,False,False,,,,31c0ce8c2d5dd2565a0426a79483adb832be38b77761cdbc587d3f09b20e3396,8806d8a2275171401ee35e990ee628bdaf0e6b206a8ccccd235d17162b044741,2352,1250,1005,97,2.25,9ad1a9224f2f25891de99aa957c439b0a484af5fe49f44356dc2c406515bd39b,300,5,1.0E-10,1.0E-5,6000,RESTART,300,[K]  300,XYZ,False,,,,,,,,,False,,,,,,,,
SZV/IL_25_z2-25,30,48.0,True,True,2023.1,ENERGY,SZV-MOLOPT-GTH,True,True,36,1,20.0,89f71ff0bc9d2596c883382392566210d7cb0503e557a3540af4740081b843c3,2080822240a479fb369a82c222d2e368c66dd01bca9d2dcf18d42059e028a45a,2318,1250,978,90,2.25,afee03116153b3eb6f8e0a798fcf19a20756e682391f124376ab6b3878b7e362,300,5,1.0E-10,1.0E-5,6000,ATOMIC,300,[K]  300,XYZ,True,4801,0.04557,-21.545701737359998,2.8843250698480003,5254728d233c9b7b1d7dc3de965099c0686c2db85e0e2d2ebeec31c8ea5fd34b,4801,4501,True,True,4801,0.04557,-21.545701737359998,2.8843250698480003,8f9040f5edc64f3b08a6d28a38d305734510a3c33842bd70b6aa299d45676557,4801,4501,True
SZV/IL_25_z2-25,31,48.6,True,True,2023.1,ENERGY,SZV-MOLOPT-GTH,True,True,48,1,20.0,89f71ff0bc9d2596c883382392566210d7cb0503e557a3540af4740081b843c3,cb06c799a251713d5a57ab019fc9d2cb700405eaf72790515a4eb4f0bdd32bcf,2320,1250,980,90,2.25,b0aaad54a5c01584a290044c9e68e18c714e326a1bc8954385fc409be728b926,300,5,1.0E-10,1.0E-5,6000,ATOMIC,300,[K]  300,XYZ,True,4805,0.045626,-21.545375200752,2.8725425405759997,b584574a285088bb1b37c3b19d6069a1a3e411dc11d210f4e4a6aa13d2fb6104,4805,4505,True,True,4805,0.045626,-21.545375200752,2.8725425405759997,b076d936d7100c5ea952fd473aad50906eb7ec994dfe9ecf694200b6658cee73,4805,4505,True
SZV/IL_25_z2-25,32,49.2,True,True,2023.1,ENERGY,SZV-MOLOPT-GTH,True,True,536,2,20.0,89f71ff0bc9d2596c883382392566210d7cb0503e557a3540af4740081b843c3,a5bbd31cf528adb296fc1725c693b1b1ebce4bbda18626e4ede3f033eb21e8c7,2314,1250,975,89,2.25,2c3a92d8bfa064ccb874049336d9ba96b4eafe843e0e4d2fdf3d133a9466c027,300,5,1.0E-10,1.0E-5,6000,ATOMIC,300,[K]  300,XYZ,True,4795,0.045016,-21.537973704304,2.8771684758559997,6a4ab0cd3ee7ce973b42cc677c09f7ec054ac89ce9d4439d4439e9cc59052f96,4795,4495,True,True,4794,0.045016,-21.538109761224,2.872950711336,5086311a5a10fe89056cfd3b31f1c5c6e0c514899e030aa511999fc7212604bf,4794,4494,True
SZV/IL_25_z2-25,33,49.8,True,True,2023.1,ENERGY,SZV-MOLOPT-GTH,False,False,,2,20.0,31c0ce8c2d5dd2565a0426a79483adb832be38b77761cdbc587d3f09b20e3396,ac0efebd80d378367b9d9e938269f7fd7ab4d018a5c3e451cc0da9854a12ea7d,2316,1250,977,89,2.25,b975963d5f1c81a02bb2f40a94bf3b69a4a9d937ba60403a610a770d51428d40,300,5,1.0E-10,1.0E-5,6000,RESTART,300,[K]  300,XYZ,False,,,,,,,,,False,,,,,,,,
SZV/IL_25_z2-25,34,50.4,True,True,2023.1,ENERGY,SZV-MOLOPT-GTH,True,True,54,1,20.0,89f71ff0bc9d2596c883382392566210d7cb0503e557a3540af4740081b843c3,78851cbfa8cfd32b376b880da842b9c07037c4ade6425c37160c1e13bf491601,2312,1250,974,88,2.25,e0d27b43d6ca2b957fb7393b528d75d67e4133776f0452993c96145594be7402,300,5,1.0E-10,1.0E-5,6000,ATOMIC,300,[K]  300,XYZ,True,4792,0.044724,-21.529429329728,2.8823658502000002,e4d0a28918880c0422cde24250ba47b3cb5281a80868e56a4b39adc5e231fea6,4792,4492,True,True,4792,0.044724,-21.529429329728,2.8823658502000002,527adcc7ef84ed05c232b78ea4a188f4326707bf9cbb123f8bcd24d18fd8fce5,4792,4492,True
SZV/IL_25_z2-25,35,51.0,True,True,2023.1,ENERGY,SZV-MOLOPT-GTH,True,True,57,1,20.0,89f71ff0bc9d2596c883382392566210d7cb0503e557a3540af4740081b843c3,21f4793aa78bae6706a2622c24fb9d099b7b8e590293aa879820e99508345de7,2312,1250,974,88,2.25,cf64254699b1b4709006ec0e8d3041fd74e28590d8c265266be960935b36719d,300,5,1.0E-10,1.0E-5,6000,ATOMIC,300,[K]  300,XYZ,True,4792,0.044937,-21.521918987743998,2.87066495508,919462d7b5d739b7645c2f0ccfcad8e8779835c59b020ddeb5e11073fc032dd0,4792,4492,True,True,4792,0.044937,-21.521918987743998,2.87066495508,74df2a0d7d7ddd799316128d282ecea6a6e63fb97d934d0230951e2b5c6c32eb,4792,4492,True
SZV/IL_25_z2-25,36,51.6,True,True,2023.1,ENERGY,SZV-MOLOPT-GTH,True,True,48,1,20.0,89f71ff0bc9d2596c883382392566210d7cb0503e557a3540af4740081b843c3,8754e64c51547d0959224a7f4c20e48f9b7628b55a212c199541d3841db07308,2312,1250,974,88,2.25,90bf3b46f256145a89a4c35eee4b4830282c21411ec4ee266867aa17af30b631,300,5,1.0E-10,1.0E-5,6000,ATOMIC,300,[K]  300,XYZ,True,4792,0.044511,-21.521075434839997,2.865141044128,caeaa940780db84c25677e42f9b14ad39585840ecb9e3e68efd4fc585f00990e,4792,4492,True,True,4792,0.044511,-21.521075434839997,2.865141044128,4a42b2fcf05d916b47253af7e74710b7fd1ae591908d812eef2687d07077ea87,4792,4492,True
SZV/IL_25_z2-25,37,52.2,True,True,2023.1,ENERGY,SZV-MOLOPT-GTH,True,True,50,1,20.0,89f71ff0bc9d2596c883382392566210d7cb0503e557a3540af4740081b843c3,87f449e7550cdf13a5de47c72c88b552310211404f25302364c6a17342346923,2312,1250,974,88,2.25,2f77235cc99600e88a5281e3e9a485d929a7d79b6846306357c881863b6f8a97,300,5,1.0E-10,1.0E-5,6000,ATOMIC,300,[K]  300,XYZ,True,4792,0.045273,-21.530572207856,2.854909563743999,29d1a2fe724daf86b035a88228f8596a0b57e038cc5036026c0b4fc6939a30b6,4792,4492,True,True,4792,0.045273,-21.530572207856,2.854909563743999,39385ef967ca816a02bb7f1390d01ab2fd10afbc9ead520f8e1424c398a8c2f2,4792,4492,True
SZV/IL_25_z2-25,38,52.8,True,True,2023.1,ENERGY,SZV-MOLOPT-GTH,True,True,45,1,20.0,89f71ff0bc9d2596c883382392566210d7cb0503e557a3540af4740081b843c3,8e8a647187a03a9bb60f63580e3bf1e66c2b919fcc99f577905a8a31d1489764,2306,1250,970,86,2.25,270683df05eed6f675a83dc7930b73c9ffea81a3949a1221081e43a48b85f56b,300,5,1.0E-10,1.0E-5,6000,ATOMIC,300,[K]  300,XYZ,True,4783,0.045609,-21.542735696504,2.826419244696,ebf0855b95ccc6e6999cf9174c2639e2b67df990c9c212ba1926ee47934ff262,4783,4483,True,True,4783,0.045609,-21.542735696504,2.826419244696,66ce7c7dea2838a7ae731dd82dd3fab5889b5cbfafc3e68d3ccfa37426adf7b2,4783,4483,True
SZV/IL_25_z2-25,39,53.4,True,True,2023.1,ENERGY,SZV-MOLOPT-GTH,True,True,49,1,20.0,89f71ff0bc9d2596c883382392566210d7cb0503e557a3540af4740081b843c3,e649cb2006e2c01f5250e8c788873cc27bb6420c30740e56d2ebd12ee5886a63,2306,1250,970,86,2.25,974c7cb5222ef609f0e5a214262476f5b61f1e07cdf7f66b017fd7e20f11ea59,300,5,1.0E-10,1.0E-5,6000,ATOMIC,300,[K]  300,XYZ,True,4783,0.04575,-21.564423169551997,2.81801092704,a517d01c1174d01eca2b381b14cc9e584931e22d61ce59e90c260aae129754f8,4783,4483,True,True,4783,0.04575,-21.564423169551997,2.81801092704,bb523ac3643674baa83e7f94a735f78e5a725d7fb7b8799377ac1dc33d969973,4783,4483,True
SZV/IL_25_z2-25,3,31.8,True,True,2023.1,ENERGY,SZV-MOLOPT-GTH,True,True,25,1,20.0,89f71ff0bc9d2596c883382392566210d7cb0503e557a3540af4740081b843c3,08fb10a35ca72d323bad344320f834f7fd76d790c15b50ccf7fa18256d6e631b,2360,1250,1010,100,2.25,5a43c9d6aa92d4564bbb69ccca0e85d5b3127e20f6d687661510cc1ed28ee024,300,5,1.0E-10,1.0E-5,6000,ATOMIC,300,[K]  300,XYZ,True,4870,0.045753,-21.46189067464,3.017415948992,65de0085c3c45e76bdcb77789067ed23d39ae53ca389421a0a45fe6a061dc549,4870,4570,True,True,4870,0.045753,-21.46189067464,3.017415948992,65de0085c3c45e76bdcb77789067ed23d39ae53ca389421a0a45fe6a061dc549,4870,4570,True
SZV/IL_25_z2-25,40,54.0,True,True,2023.1,ENERGY,SZV-MOLOPT-GTH,True,True,45,1,20.0,89f71ff0bc9d2596c883382392566210d7cb0503e557a3540af4740081b843c3,5f37262e08d4f9c0244e0a2b218620044836b065803245611a820787cd53c977,2306,1250,970,86,2.25,3664e2e281394ba81bb305830004a16de65809da1614b5a2d6a0b54add24547e,300,5,1.0E-10,1.0E-5,6000,ATOMIC,300,[K]  300,XYZ,True,4783,0.045674,-21.57155255216,2.8281063505039996,6b8d3ad1e5008f879ade4e4c80cae9418a41a45e32bdf49df63774400dbbb446,4783,4483,True,True,4783,0.045674,-21.57155255216,2.8281063505039996,ab54d16532c7fbb7570d30a7bdca454da470a1a9208394251eb5878e49f65f39,4783,4483,True
SZV/IL_25_z2-25,41,54.6,True,True,2023.1,ENERGY,SZV-MOLOPT-GTH,True,True,50,1,20.0,89f71ff0bc9d2596c883382392566210d7cb0503e557a3540af4740081b843c3,bdccc132fa8a85a2d0437efa2b3d2024f4f3e046e11446a168579b3282b45193,2304,1250,968,86,2.25,09dbeeb2363c1347f92a2f6e34900230c6a371149554cad038a3b1722b0dd0ed,300,5,1.0E-10,1.0E-5,6000,ATOMIC,300,[K]  300,XYZ,True,4779,0.046042,-21.58175682116,2.8083236743359996,45e80c79cde71810f5dd2a0793f77f265a322d222ee00126e8e59bfa3f065908,4779,4479,True,True,4779,0.046042,-21.58175682116,2.8083236743359996,e450435e140de42f904adc57e0f618ad8274f412c925b9c39e779650a4ab2a44,4779,4479,True
SZV/IL_25_z2-25,42,55.2,True,True,2023.1,ENERGY,SZV-MOLOPT-GTH,True,True,95,2,20.0,89f71ff0bc9d2596c883382392566210d7cb0503e557a3540af4740081b843c3,0be3a66d6711a6efdef494014ae7e8584ba38999aff0bb954f899ebb81af7b11,2302,1250,967,85,2.25,2c1f46485022e4e6205df910294fa981cadd6b853c25661d7ab390ae4657cffa,300,5,1.0E-10,1.0E-5,6000,ATOMIC,300,[K]  300,XYZ,True,4777,0.045433,-21.58447795956,2.8088679020160003,9619e8136ab4af041b87327abae3dd6171937cc6327b9a2154a964aac17dac15,4777,4477,True,True,4776,0.045433,-21.58447795956,2.8017929421759997,23d88ec06c3449232ae2537c2b8b39fd0f64f059bc018d597db7a495ec6d5eec,4776,4476,True
SZV/IL_25_z2-25,43,55.8,True,True,2023.1,ENERGY,SZV-MOLOPT-GTH,True,True,73,2,20.0,89f71ff0bc9d2596c883382392566210d7cb0503e557a3540af4740081b843c3,7cabd255beab47ac7df05d50114df8f8a31f1381bad65392cc598e180439c188,2308,1250,971,87,2.25,5eb461643b221988151d5c40236605e8c6c59db87813842ea1ea2e2735890cf4,300,5,1.0E-10,1.0E-5,6000,ATOMIC,300,[K]  300,XYZ,True,4786,0.046513,-21.598546245088,2.7788809568479995,8d9bce3261731137e9011d0a0e5c944cb31db7c96c6062b3468ffc3e309324d0,4786,4486,True,True,4785,0.046513,-21.598519033704,2.7728944523679995,334afa010ae79726394127e1d2188c4d7e7a0b1d30e5b1a3ce3cfd42a168e93e,4785,4485,True
SZV/IL_25_z2-25,44,56.4,True,True,2023.1,ENERGY,SZV-MOLOPT-GTH,True,True,80,2,20.0,89f71ff0bc9d2596c883382392566210d7cb0503e557a3540af4740081b843c3,b5ad4860e67f68d263718df816d18f42d4df0012e69f89f78002af66f599f14b,2304,1250,967,87,2.25,cccf9666713b775d29a5ccbea0a5c9444c5c293ae1df3738ae9daf9021f014a7,300,5,1.0E-10,1.0E-5,6000,ATOMIC,300,[K]  300,XYZ,True,4778,0.047386,-21.618791514784,2.7783911519360003,9971dfae590b87444693a0fedba1944921f7339bdce44a2f97859495e8383723,4778,4478,True,True,4777,0.047386,-21.618791514784,2.767098427576,5d00cc3121506839e83f1d184ece895e09f3e136ab226f6a3f7c15634c545cc8,4777,4477,True
SZV/IL_25_z2-25,45,57.0,True,True,2023.1,ENERGY,SZV-MOLOPT-GTH,True,True,44,1,20.0,89f71ff0bc9d2596c883382392566210d7cb0503e557a3540af4740081b843c3,ce49c66aafa4cc3e3ddc8bfbf12686c79de17f4a4c7442b90c9a4797f7dba30c,2296,1250,960,86,2.25,b6f99c76e99807726eb7a9e0f7b2503847537c14b9b594012bb6ce39b6432c10,300,5,1.0E-10,1.0E-5,6000,ATOMIC,300,[K]  300,XYZ,True,4763,0.045799,-21.633757775983998,2.8156707480159993,7e69c2c6be910e0d91dd192a465fa11920f20dc24cadb30dad1536f9b1f31241,4763,4463,True,True,4763,0.045799,-21.633757775983998,2.8156707480159993,df10a15b1cb73fbc7be24029574561ed507116dd2aab6fe4e96fc015bb3dfc64,4763,4463,True
SZV/IL_25_z2-25,46,57.6,True,True,2023.1,ENERGY,SZV-MOLOPT-GTH,True,True,74,2,20.0,89f71ff0bc9d2596c883382392566210d7cb0503e557a3540af4740081b843c3,5e55f3de6173c7233b302654402cf915bf19fb309fdec04e488e754d6f0c9628,2302,1250,967,85,2.25,2b0c55a4e23118a6e30222ab2dff62697a200575cbfef1c45975e2d59f3d52b0,300,5,1.0E-10,1.0E-5,6000,ATOMIC,300,[K]  300,XYZ,True,4777,0.048253,-21.665513461112,2.7584179960800004,9965a11faaf5a5d47e16b8b14e3630523acafccdd45f3b1a4cbaf8990413ad71,4777,4477,True,True,4776,0.048253,-21.665513461112,2.7563227195120006,a70b0a00276dd7e5946e2ca03cff5b7b1a96f1215265a2864ad9850b3dba5ff3,4776,4476,True
SZV/IL_25_z2-25,47,58.2,True,True,2023.1,ENERGY,SZV-MOLOPT-GTH,True,True,82,2,20.0,89f71ff0bc9d2596c883382392566210d7cb0503e557a3540af4740081b843c3,d5874d6a2ffd324717ffa223f1f84027657b04fcfc46cf63e82e13d1fe17c5a0,2292,1250,957,85,2.25,da0e4a98652349725a69eca6e828f6354b48e0d468efe5d54c14f9a2bb3c5c9a,300,5,1.0E-10,1.0E-5,6000,ATOMIC,300,[K]  300,XYZ,True,4757,0.046406,-21.705895154967997,2.8029902430719997,df479506fedbaad40f0e64e0c241039c6e7973a9140857580ae726df6d8d47e1,4757,4457,True,True,4756,0.046406,-21.705895154967997,2.80127592588,fb8c60e7497e05ad762dcd9d6547ae1458ec818c406cfc8edc289789605b2a90,4756,4456,True
SZV/IL_25_z2-25,48,58.8,True,True,2023.1,ENERGY,SZV-MOLOPT-GTH,True,True,79,2,20.0,89f71ff0bc9d2596c883382392566210d7cb0503e557a3540af4740081b843c3,c9860d66460ac07266c9bf586ca464a972ec1ecf542bff2b5922a5b8e22ed8b7,2290,1250,955,85,2.25,ffdbed12a50121ef48ef746877dd549dccf3e54421602cd0dc6bfb9780daaa99,300,5,1.0E-10,1.0E-5,6000,ATOMIC,300,[K]  300,XYZ,True,4753,0.044829,-21.67971780356,2.8376575462879994,e87227a1bf4ce2f502a795d4f1e2b813e15e2de671198612b7ced52e19d97e4c,4753,4453,True,True,4752,0.044829,-21.679745014944,2.8321880581039993,10352792b1b94edb58671be5cd080cf78ae1143a5de19c70565a6e6c46140574,4752,4452,True
SZV/IL_25_z2-25,49,59.4,True,True,2023.1,ENERGY,SZV-MOLOPT-GTH,True,True,273,2,20.0,89f71ff0bc9d2596c883382392566210d7cb0503e557a3540af4740081b843c3,1410955b8ec4557486338f85f70cc4c0759a3b21f7a004213df606973170770b,2316,1250,981,85,2.25,a3449ade920091fe727e2592f61fa52a746dd23c6f5b6df46e911e9e773c415a,300,5,1.0E-10,1.0E-5,6000,ATOMIC,300,[K]  300,XYZ,True,4805,0.046839,-21.710004073952,2.8109359672,533f081afc33578857ad02384f745cf90b9dbfb9269334651e5e81fc3f08d066,4805,4505,True,True,4804,0.046839,-21.710004073952,2.80780665804,436b43026f6dfe3cdedb60b92d3e78862250c8c0a4c017b3a342646d6c763a9b,4804,4504,True
SZV/IL_25_z2-25,4,32.4,True,True,2023.1,ENERGY,SZV-MOLOPT-GTH,True,True,24,2,20.0,89f71ff0bc9d2596c883382392566210d7cb0503e557a3540af4740081b843c3,3c75b53c4c5e5565782282afc344288ab3928e6e2764a8cba19b7492bff80cac,2354,1250,1005,99,2.25,07adb0c8b3d02956edef6a06d355a0ae39704bc49b43102cf49a272f4fb8ce57,300,5,1.0E-10,1.0E-5,6000,ATOMIC,300,[K]  300,XYZ,True,4860,0.045551,-21.45467965788,3.025388884504,0370874ddc3f19f1d3ef85b2305405e11ea241a75e8b2b7ecbc52c1e52ea7a04,4860,4560,True,True,4859,0.045551,-21.454652446496,3.021633713512,ec905726bf751b78955fbcdef69d5617777a8b9c0f7269ed7269b039c6d5f62a,4859,4559,True
SZV/IL_25_z2-25,50,60.0,True,True,2023.1,ENERGY,SZV-MOLOPT-GTH,True,True,111,1,20.0,89f71ff0bc9d2596c883382392566210d7cb0503e557a3540af4740081b843c3,c60615b6a154699a51788e59e0ff6bf2dcef11f0768e202f788cce42088403aa,2320,1250,986,84,2.25,c2f2432f410bcf2aed4918a39afca489122af2de7be2a53800ea09c1dab003d1,300,5,1.0E-10,1.0E-5,6000,ATOMIC,300,[K]  300,XYZ,True,4814,0.043012,-21.461264812808,2.8868013057920003,69201b0695dadb6fe5d19a938431ea23d884e439c45b42009bfdf7001b2bdd1d,4814,4514,True,True,4814,0.043012,-21.461264812808,2.8868013057920003,3ce8e78104d0f7138d926a7242c02b372842e2ec7693bc53e01c1034c02f65c9,4814,4514,True
SZV/IL_25_z2-25,5,33.0,True,True,2023.1,ENERGY,SZV-MOLOPT-GTH,True,True,23,1,20.0,89f71ff0bc9d2596c883382392566210d7cb0503e557a3540af4740081b843c3,dc52592af5419d7d844b0f4da144650626575bb58b9d510d0fb45f7fbb264778,2358,1250,1008,100,2.25,4a592861c2e962b6e0a41b6aa38229c233e70a2a9668d12099fdccd027e7fe24,300,5,1.0E-10,1.0E-5,6000,ATOMIC,300,[K]  300,XYZ,True,4866,0.04558,-21.454543600959997,3.0288175188879998,86c8c92e167834ba52d4fa4466fc043843f07542268a3ae521c611e88256e013,4866,4566,True,True,4866,0.04558,-21.454543600959997,3.0288175188879998,86c8c92e167834ba52d4fa4466fc043843f07542268a3ae521c611e88256e013,4866,4566,True
SZV/IL_25_z2-25,6,33.6,True,True,2023.1,ENERGY,SZV-MOLOPT-GTH,True,True,25,2,20.0,89f71ff0bc9d2596c883382392566210d7cb0503e557a3540af4740081b843c3,3b2240848d553ed1987619d1855670460670c7911bddb561e18502dfa435330e,2362,1250,1013,99,2.25,5e220cab80d336ff012d98289153c74d780a83d91dae6fdd35fe4120bcb84c02,300,5,1.0E-10,1.0E-5,6000,ATOMIC,300,[K]  300,XYZ,True,4876,0.04594,-21.458244349183996,3.0286542505839993,69f19c5700331d91c0e7eb9a082435f446fb0ab89af461ffd9c60cc5316b2b28,4876,4576,True,True,4875,0.04594,-21.4582171378,3.0247902340559993,3c11b7d5620358ee95a7fe22a260a235b5bf1f97d94c76ce00920deadc0a538e,4875,4575,True
SZV/IL_25_z2-25,7,34.2,True,True,2023.1,ENERGY,SZV-MOLOPT-GTH,True,True,25,1,20.0,89f71ff0bc9d2596c883382392566210d7cb0503e557a3540af4740081b843c3,cd5c8893c2d37ee42a92a534715fa028db62cc1eb935fcf26dc0182ab899564e,2354,1250,1004,100,2.25,bd85f796069919d49df749a687d94d06738946b2cc49bf3ac4ff6ee97aafd905,300,5,1.0E-10,1.0E-5,6000,ATOMIC,300,[K]  300,XYZ,True,4858,0.045667,-21.460067511911998,3.0255793641919997,65267b00166019009499540a59ee6cc4f9c9574e46bd38dcab479575fa4347a3,4858,4558,True,True,4858,0.045667,-21.460067511911998,3.0255793641919997,65267b00166019009499540a59ee6cc4f9c9574e46bd38dcab479575fa4347a3,4858,4558,True
SZV/IL_25_z2-25,8,34.8,True,True,2023.1,ENERGY,SZV-MOLOPT-GTH,True,True,25,1,20.0,89f71ff0bc9d2596c883382392566210d7cb0503e557a3540af4740081b843c3,b9d8dc00cebfd6af79d34afe88a5f55d703069a3aae62003c6f952eb971a7a92,2346,1250,998,98,2.25,1f828fb1305a63cb7ec05a187c9b31225ea44cad1778f91b2774777b90ab1456,300,5,1.0E-10,1.0E-5,6000,ATOMIC,300,[K]  300,XYZ,True,4845,0.045304,-21.463985951208,3.0286270392,2e512e3ab3d81732167a083e351eb02c29a16ad6c38d5e29f5bddc9b9039f111,4845,4545,True,True,4845,0.045304,-21.463985951208,3.0286270392,2e512e3ab3d81732167a083e351eb02c29a16ad6c38d5e29f5bddc9b9039f111,4845,4545,True
SZV/IL_25_z2-25,9,35.4,True,True,2023.1,ENERGY,SZV-MOLOPT-GTH,True,True,27,2,20.0,89f71ff0bc9d2596c883382392566210d7cb0503e557a3540af4740081b843c3,47dc9ef61459c6b025b535b765943c795188ff92852f6f2078839b46865cd453,2352,1250,1003,99,2.25,e4f45988a682f8296f0ac1350b90a03d4033cf0427bf21b2c17939d86bd2484b,300,5,1.0E-10,1.0E-5,6000,ATOMIC,300,[K]  300,XYZ,True,4856,0.045599,-21.461999520175997,3.03420537292,fd229c90b58bbd4209c990d99bad9e5000fd2d8d50d33a7003567386c12da87d,4856,4556,True,True,4855,0.045599,-21.461999520175997,3.029361746568,c01c1494ef67b444aa2ea7d6c0cab9671a7946964ab50db71070b82dfde39c0d,4855,4555,True
SZV/IL_25_z2-30,0,30.0,True,True,2023.1,ENERGY,SZV-MOLOPT-GTH,True,True,21,2,20.0,89f71ff0bc9d2596c883382392566210d7cb0503e557a3540af4740081b843c3,9339bc694cfeceaa2a48c3bd62af300a395f8d3f16481b411e03c8d762a719b4,2358,1250,1009,99,2.3,d33fe29e0442ae91a56f1b5878b46d3e1655696e28ea6e4907a3038f7cbd4701,300,5,1.0E-10,1.0E-5,6000,ATOMIC,300,[K]  300,XYZ,True,4868,0.043643,-21.25930192076,3.0286270392,e36d9d16f47e07160afc57ea22b5959a5460bfb4e88e19aaa80466e2a3710809,4868,4568,True,True,4867,0.043643,-21.25930192076,3.0253616731199995,737cf2cfc8e2a9dfad9effd5ae6698ac1b7e8c347877132f02cebe9a0db6d842,4867,4567,True
SZV/IL_25_z2-30,10,36.0,True,True,2023.1,ENERGY,SZV-MOLOPT-GTH,True,True,22,2,20.0,89f71ff0bc9d2596c883382392566210d7cb0503e557a3540af4740081b843c3,8e8175c9d50a1d7ba8cba9d8293063c4d62873a3bf4f4e320107bb116b52662b,2348,1250,999,99,2.3,055e98bdcfecb6dc2c60c6aaf8519ae40b77482c62724c5bf85bdd63ce32eafd,300,5,1.0E-10,1.0E-5,6000,ATOMIC,300,[K]  300,XYZ,True,4848,0.042656,-21.2330429352,3.069879497344,b32487ba1687f20488de0200231704ebded2dd1dff5aa7649fd288d8f23628da,4848,4548,True,True,4847,0.042656,-21.2330429352,3.0683828712239998,f8323553b78282cef7a9f0624eb864ebe2bb7612483f4a29de76c3d9f22a6db4,4847,4547,True
SZV/IL_25_z2-30,11,36.6,True,True,2023.1,ENERGY,SZV-MOLOPT-GTH,True,True,23,1,20.0,89f71ff0bc9d2596c883382392566210d7cb0503e557a3540af4740081b843c3,1d31100ddfff3ac5e78b65badf7fdacc635e03fefb71943245005e2c5e15dc3a,2350,1250,1002,98,2.3,cac1fac8ba49034b33fb9b50dff9e56c14cb07a10d81c28cc9d0095f5b4ae655,300,5,1.0E-10,1.0E-5,6000,ATOMIC,300,[K]  300,XYZ,True,4853,0.043417,-21.258349522320003,3.061090220312,eec4aeb109c3fddf7ec457d84d41b3d03fa6ba0a6cc2a8faded27e5d44c16374,4853,4553,True,True,4853,0.043417,-21.258349522320003,3.061090220312,eec4aeb109c3fddf7ec457d84d41b3d03fa6ba0a6cc2a8faded27e5d44c16374,4853,4553,True
SZV/IL_25_z2-30,12,37.2,True,True,2023.1,ENERGY,SZV-MOLOPT-GTH,True,True,22,1,20.0,89f71ff0bc9d2596c883382392566210d7cb0503e557a3540af4740081b843c3,36fee6473b807f99c99a8d0bc182ccb00668c98510ff642c829d1b5b22373529,2346,1250,998,98,2.3,bc9480e0c20ef359ecb809f6856749d88a3d03f4507b86e3628757b82f226141,300,5,1.0E-10,1.0E-5,6000,ATOMIC,300,[K]  300,XYZ,True,4845,0.04317,-21.266812262744,3.0585595616,dec5fe91513d701cd4dc9e882a1551899d5dc846913848bc115603c2b74beba5,4845,4545,True,True,4845,0.04317,-21.266812262744,3.0585595616,dec5fe91513d701cd4dc9e882a1551899d5dc846913848bc115603c2b74beba5,4845,4545,True
SZV/IL_25_z2-30,13,37.8,True,True,2023.1,ENERGY,SZV-MOLOPT-GTH,True,True,22,1,20.0,89f71ff0bc9d2596c883382392566210d7cb0503e557a3540af4740081b843c3,5444fd9fe6924a1d27f452b7e5c188c7640623cd9fef95811f007d02889b481a,2346,1250,998,98,2.3,4b61d0570ec1db2b858231c3fcf3fe832525301d4efc0288fafcc03c3279c8d0,300,5,1.0E-10,1.0E-5,6000,ATOMIC,300,[K]  300,XYZ,True,4845,0.043591,-21.26528842524,3.055511886592,605b15d0fbc56379f96864acf4ad2673aa4e72f5ae84994c0ae2320f5b050e1c,4845,4545,True,True,4845,0.043591,-21.26528842524,3.055511886592,605b15d0fbc56379f96864acf4ad2673aa4e72f5ae84994c0ae2320f5b050e1c,4845,4545,True
SZV/IL_25_z2-30,14,38.4,True,True,2023.1,ENERGY,SZV-MOLOPT-GTH,True,True,26,2,20.0,89f71ff0bc9d2596c883382392566210d7cb0503e557a3540af4740081b843c3,71a62ca5ccabe125cddf87dfc0ee79fb43edb03964dcc079e1e431880501e0bc,2342,1250,995,97,2.3,0ba030c3a1036e0baace0bfbf3a5efb556e8166bf5a06c221e31432836a30c4f,300,5,1.0E-10,1.0E-5,6000,ATOMIC,300,[K]  300,XYZ,True,4839,0.043325,-21.284690142031998,3.05951196004,593adc93c0efa94a75f0617995c4db9caae63df42be2ec8680367c3519329730,4839,4539,True,True,4838,0.043325,-21.284690142031998,3.0589405209759994,8cc53197299b085fb21f09004d713c95e5a45547768f8996afed0edcbcbe75ef,4838,4538,True
SZV/IL_25_z2-30,15,39.0,True,True,2023.1,ENERGY,SZV-MOLOPT-GTH,True,True,29,2,20.0,89f71ff0bc9d2596c883382392566210d7cb0503e557a3540af4740081b843c3,52a667b49d10d4f2fe715d5e7d37cb33f5dbe67add55d033260de92156f1e18e,2344,1250,997,97,2.3,2b97088a49c331a5a16cd9258ea4af29806ffb9a483a34a3ea18d36fa3bd1539,300,5,1.0E-10,1.0E-5,6000,ATOMIC,300,[K]  300,XYZ,True,4843,0.043783,-21.291438565264,3.059811285264,0929461ba2d08533e9d154b4179bbd1d740b4e9351fee6bd29f94f460867b9fd,4843,4543,True,True,4842,0.043783,-21.291438565264,3.053035650648,59848a7e06aab85b4a3d8f30c02a0d6098c6788bde063e10f0c535df93cda622,4842,4542,True
SZV/IL_25_z2-30,16,39.6,True,True,2023.1,ENERGY,SZV-MOLOPT-GTH,True,True,25,2,20.0,89f71ff0bc9d2596c883382392566210d7cb0503e557a3540af4740081b843c3,7cc16a90fba2d08613c813b0f59b0c1c3d41bfe1deb450f5c180f61c38164766,2348,1250,1001,97,2.3,6884ea284ca7e0eb21cd1de4d59696765171d4735f53a599cb5285c416c632df,300,5,1.0E-10,1.0E-5,6000,ATOMIC,300,[K]  300,XYZ,True,4851,0.043866,-21.288173199183998,3.05338939864,bb7893305efc1390463221397a1e00488c9739796dd5707202152af88ce189e5,4851,4551,True,True,4850,0.043866,-21.288145987799997,3.0488723088959997,01e1573e810a1ebd2fe36f16a2a1d1c34116ddf6ae7684dda256e90aab288189,4850,4550,True
SZV/IL_25_z2-30,17,40.2,True,True,2023.1,ENERGY,SZV-MOLOPT-GTH,True,True,27,1,20.0,89f71ff0bc9d2596c883382392566210d7cb0503e557a3540af4740081b843c3,f618a53bf07ec019f29105287f624aa5a54ca0e5449b6681eada14be7bdf16d4,2342,1250,996,96,2.3,9b4407eff5d2793898f6e0261de7a862f08f962f9afa33d8ea100cad8033cdc0,300,5,1.0E-10,1.0E-5,6000,ATOMIC,300,[K]  300,XYZ,True,4840,0.044268,-21.30120745212,3.036899299936,161631fb197e84426eb57c4eb33816fcb6ad19d2c80c2a42cebc7b1cf4b367fa,4840,4540,True,True,4840,0.044268,-21.30120745212,3.036899299936,161631fb197e84426eb57c4eb33816fcb6ad19d2c80c2a42cebc7b1cf4b367fa,4840,4540,True
SZV/IL_25_z2-30,18,40.8,True,True,2023.1,ENERGY,SZV-MOLOPT-GTH,True,True,24,1,20.0,89f71ff0bc9d2596c883382392566210d7cb0503e557a3540af4740081b843c3,ee179127270ac7b3a78aef29249eec99f917c93c6ec72f17639d64cc176afd94,2336,1250,990,96,2.3,30065f5c1c87855d7f93561cc6a113151de2874dfbb8f95666283916646cb5d5,300,5,1.0E-10,1.0E-5,6000,ATOMIC,300,[K]  300,XYZ,True,4828,0.043461,-21.298132565727997,3.0499335528719995,ea7febfa846e880ca85f7bff85cb2420d80d3f6e2b0fac8aa8ca8e8c21769e2a,4828,4528,True,True,4828,0.043461,-21.298132565727997,3.0499335528719995,ea7febfa846e880ca85f7bff85cb2420d80d3f6e2b0fac8aa8ca8e8c21769e2a,4828,4528,True
SZV/IL_25_z2-30,19,41.4,True,True,2023.1,ENERGY,SZV-MOLOPT-GTH,True,True,29,1,20.0,89f71ff0bc9d2596c883382392566210d7cb0503e557a3540af4740081b843c3,c427abf2a7fd52c47fc6b92c3c3fdbc6f53180a8cbeae3d760bf5f6c7e0b8358,2334,1250,988,96,2.3,43eda66909b9da99cdc9ebfa90378994bd7ba387948ef85c4621d4b9cc4cfd4b,300,5,1.0E-10,1.0E-5,6000,ATOMIC,300,[K]  300,XYZ,True,4824,0.044003,-21.309316444552,3.039429958648,0b6c14857cfd9807b0e85b6d46db1be08772475b64fc7407921c2070df61b817,4824,4524,True,True,4824,0.044003,-21.309316444552,3.039429958648,0b6c14857cfd9807b0e85b6d46db1be08772475b64fc7407921c2070df61b817,4824,4524,True
SZV/IL_25_z2-30,1,30.6,True,True,2023.1,ENERGY,SZV-MOLOPT-GTH,True,True,21,2,20.0,89f71ff0bc9d2596c883382392566210d7cb0503e557a3540af4740081b843c3,66ba7c65b7cfdf93a459397ca035f01480f82344f6f3f4fd6db9389b67f29f52,2358,1250,1009,99,2.3,e503fd97fca48ccfdb7d1a11ddc38fa3d9a807dac76db7c82daf3b2961f3f51a,300,5,1.0E-10,1.0E-5,6000,ATOMIC,300,[K]  300,XYZ,True,4868,0.043594,-21.258458367855997,3.0325454784960004,bc5ed899cdcbd6508823f0e95c53e5038b385b744939b82a39928af36c34a767,4868,4568,True,True,4867,0.043594,-21.258431156472,3.028191657056,8a697aad053017bb3c90f671a49113869dadce78c6de181bf4d12b3d20416943,4867,4567,True
SZV/IL_25_z2-30,20,42.0,True,True,2023.1,ENERGY,SZV-MOLOPT-GTH,True,True,27,2,20.0,89f71ff0bc9d2596c883382392566210d7cb0503e557a3540af4740081b843c3,dc28dd4e4db9f642ae374ed1b45bed38a44582a2c20e2649e4e0f4afbb2c92ec,2334,1250,989,95,2.3,97746c5b5e3331a3c3243c503d5a02cdc53b01b436e10bd2cce4d22c92d5636c,300,5,1.0E-10,1.0E-5,6000,ATOMIC,300,[K]  300,XYZ,True,4826,0.044223,-21.310404899912,3.026531762632,b7d349e2ae404c1feac2c5694db19348c991b535ea2ed00455935d1dc4bd948a,4826,4526,True,True,4825,0.044223,-21.310404899912,3.022749380256,7144a4c82a8630a0c238a6aa71f8f20ffa94319d6176fabbda714fcfaaf26f87,4825,4525,True
SZV/IL_25_z2-30,21,42.6,True,True,2023.1,ENERGY,SZV-MOLOPT-GTH,True,True,35,2,20.0,89f71ff0bc9d2596c883382392566210d7cb0503e557a3540af4740081b843c3,bc18cb64ffbd915309860bff24e8cd625ae5b11d9b1be07995a633a14d472030,2334,1250,989,95,2.3,91c6f7acc7f10b7e4bda72d637801bf7d9dac453269198ad22374ffc56761b6f,300,5,1.0E-10,1.0E-5,6000,ATOMIC,300,[K]  300,XYZ,True,4826,0.044134,-21.3153573718,3.017171046536,20542448e4ac6f85e8676db153687835cba3635f219c5726a824bc92601678a2,4826,4526,True,True,4825,0.044134,-21.3153573718,3.0068579319999995,79048582f566209e84d1791c3b85546950f65c43202482d6ae03285d5dad786f,4825,4525,True
SZV/IL_25_z2-30,22,43.2,True,True,2023.1,ENERGY,SZV-MOLOPT-GTH,True,True,26,1,20.0,89f71ff0bc9d2596c883382392566210d7cb0503e557a3540af4740081b843c3,d80b48a579a382e3824d0c09212cb9def1fd566fd11fad4e9eb43869c36f5079,2332,1250,988,94,2.3,f312807d133be502e59dccce5c60f29e86c703f36b7bf682f79ebee5deef8547,300,5,1.0E-10,1.0E-5,6000,ATOMIC,300,[K]  300,XYZ,True,4823,0.04489,-21.326595673391996,2.9801091415279997,d5874b8ad7d3de5ff51197a2787f658e2878c73c17d37b0bbfa06356d7bceda8,4823,4523,True,True,4823,0.04489,-21.326595673391996,2.9801091415279997,d5874b8ad7d3de5ff51197a2787f658e2878c73c17d37b0bbfa06356d7bceda8,4823,4523,True
SZV/IL_25_z2-30,23,43.8,True,True,2023.1,ENERGY,SZV-MOLOPT-GTH,True,True,28,2,20.0,89f71ff0bc9d2596c883382392566210d7cb0503e557a3540af4740081b843c3,8ac89380e59b4460ccda4f46c68ba698ecb58c1312060ccf37af6606c7c9ce4c,2328,1250,985,93,2.3,1cf6aa9d91215b2166a76c8799dd20d54989901bcb4cbd42ac804dd7a6ecd725,300,5,1.0E-10,1.0E-5,6000,ATOMIC,300,[K]  300,XYZ,True,4817,0.044597,-21.335493795959998,2.998748939568,6b8bcd0734d6592682dea0c25ec62031d2e87b8403c08add6cb9be5b41de9176,4817,4517,True,True,4816,0.044597,-21.335493795959998,2.9865310281519997,076fb6deaa512115df288499538c783668df5fb2f6285c3db71345cacb72fb6a,4816,4516,True
SZV/IL_25_z2-30,24,44.4,True,True,2023.1,ENERGY,SZV-MOLOPT-GTH,True,True,29,1,20.0,89f71ff0bc9d2596c883382392566210d7cb0503e557a3540af4740081b843c3,095d52cd03c5d6319212c4f49c6c607300a7e4edd36547413d19ce21cb0a86c4,2330,1250,986,94,2.3,f2ab14770ebbedbfcf351b59e0e727633741db502da8f7facdcbd39f13ea471a,300,5,1.0E-10,1.0E-5,6000,ATOMIC,300,[K]  300,XYZ,True,4819,0.044458,-21.327956242592002,2.9742586939680002,092a9f5c7342f33bd1e1ff3593a47c9e549e0a51029daab028b50cb3ecef0528,4819,4519,True,True,4819,0.044458,-21.327956242592002,2.9742586939680002,092a9f5c7342f33bd1e1ff3593a47c9e549e0a51029daab028b50cb3ecef0528,4819,4519,True
SZV/IL_25_z2-30,25,45.0,True,True,2023.1,ENERGY,SZV-MOLOPT-GTH,True,True,32,1,20.0,89f71ff0bc9d2596c883382392566210d7cb0503e557a3540af4740081b843c3,e945655a3713d8df77fc80b1c6d2bc9f592b170596b9b87d67bcba58c6fb62ab,2328,1250,984,94,2.3,59b4b4c3425fc57d092a08723259fe6edaed3805fce78652defd234064067368,300,5,1.0E-10,1.0E-5,6000,ATOMIC,300,[K]  300,XYZ,True,4815,0.044401,-21.320609168912,2.9591019530800002,570973d1e76ef7843d6b1171f66e6edbd791f84fe745b57a53832879c0a8a780,4815,4515,True,True,4815,0.044401,-21.320609168912,2.9591019530800002,570973d1e76ef7843d6b1171f66e6edbd791f84fe745b57a53832879c0a8a780,4815,4515,True
SZV/IL_25_z2-30,26,45.6,True,True,2023.1,ENERGY,SZV-MOLOPT-GTH,True,True,563,2,20.0,89f71ff0bc9d2596c883382392566210d7cb0503e557a3540af4740081b843c3,9c8d0cb036587722745fd6cf82f53cd1c9dca8189667bc77da7c2f13c9bf5171,2324,1250,983,91,2.3,f930ec6ceefc619d730a317a8bbbb93cad0f9551567e7e5de7e590f202dcad65,300,5,1.0E-10,1.0E-5,6000,ATOMIC,300,[K]  300,XYZ,True,4812,0.043861,-21.315330160416,2.965387782784,45c2c73d5fc5fc076d9577eb4a8424390674f550c38cb2d191668be5fb38ff43,4812,4512,True,True,4811,0.043861,-21.315302949032,2.96032646536,eec8ec9a1b22f552fc39517b99bc639844f8bfe05bfd775066913f0f26785330,4811,4511,True
SZV/IL_25_z2-30,27,46.2,True,True,2023.1,ENERGY,SZV-MOLOPT-GTH,True,True,3670,2,20.0,31c0ce8c2d5dd2565a0426a79483adb832be38b77761cdbc587d3f09b20e3396,bbe90dfacba5117e68d4916ff7efca3798ae0d86163322c67621ce0efa1fb876,2324,1250,983,91,2.3,f1c87077b6506772a5e14913a11aea3cc6e55c7f7365c533f99b5c62d335c5ec,300,5,1.0E-10,1.0E-5,6000,RESTART,300,[K]  300,XYZ,True,4812,0.043824,-21.314568241664,2.9533875624399997,fbef9277947e1f24b1c27b1280c354c6622bdddf1559fe2a13ae72a1ceb4ec46,4812,4512,True,True,4811,0.043824,-21.314568241664,2.9525984323039998,820404d0a826e2e9723fd3eb940c44c6fd4ddd12d11bd95792d1a0e12028d2f6,4811,4511,True
SZV/IL_25_z2-30,28,46.8,True,True,2023.1,ENERGY,SZV-MOLOPT-GTH,False,True,,2,20.0,31c0ce8c2d5dd2565a0426a79483adb832be38b77761cdbc587d3f09b20e3396,623395d6cdfc2e78c2ff9889cd8f0291157208011e4f87403b0a1358d566ea27,2322,1250,981,91,2.3,76402af234e68bfacec00650a4d8e36317e1d40a4f84b93d354ce5961bc00dd8,300,5,1.0E-10,1.0E-5,6000,RESTART,300,[K]  300,XYZ,True,4808,0.044399,-21.333044771399997,2.93651650436,f87cd8319c71d1179815cad28ec67681fb4d0d983c434bf7028fd4aff20ef23c,4808,4508,True,True,4807,0.044399,-21.333153616936,2.9367341954320003,4b981d7d9271c38e3d956de62607f0705b60ab1100b34c9e079f203d53b4dede,4807,4507,True
SZV/IL_25_z2-30,29,47.4,True,True,2023.1,ENERGY,SZV-MOLOPT-GTH,True,True,37,1,20.0,89f71ff0bc9d2596c883382392566210d7cb0503e557a3540af4740081b843c3,23e2852aa6db868c026ddd40c02261a07857c411dc633dcae4d26813ad141593,2318,1250,978,90,2.3,09917259701f4619f1d76ffcde7c75801f36ad32839ee5eb80176ce998d71b3f,300,5,1.0E-10,1.0E-5,6000,ATOMIC,300,[K]  300,XYZ,True,4801,0.043526,-21.321017339671997,2.923373405888,083f93a3fe5a5015958b721944e0483e5c004f8395c36a130dbbf992c8079258,4801,4501,True,True,4801,0.043526,-21.321017339671997,2.923373405888,19c907eb90c7966b72b09232f96a8e8e817777a8f10f80ca84785a57e92ceaba,4801,4501,True
SZV/IL_25_z2-30,2,31.2,True,True,2023.1,ENERGY,SZV-MOLOPT-GTH,False,True,,2,20.0,31c0ce8c2d5dd2565a0426a79483adb832be38b77761cdbc587d3f09b20e3396,e5e0c5f6c181bbbcce95af0832f5719d0c68f405d4def1b4404d594978435b7b,2352,1250,1005,97,2.3,2b2eb58b73bc5926d4ae8376f46347dce0c6b745f954a4f54317239162c57c32,300,5,1.0E-10,1.0E-5,6000,RESTART,300,[K]  300,XYZ,True,4859,0.043075,-21.247111220727998,3.033579511088,96236f83a6e1e2d5ebff56541b851c3ea405566e07cded28ba3ea920594f7a23,4859,4559,True,True,4858,0.043075,-21.247192854879998,3.0305590474639996,450b69fafdbbc676959a04d1682a0d67760e47364d87ad982bf9a7c30f79cf73,4858,4558,True
SZV/IL_25_z2-30,30,48.0,True,True,2023.1,ENERGY,SZV-MOLOPT-GTH,True,True,45,1,20.0,89f71ff0bc9d2596c883382392566210d7cb0503e557a3540af4740081b843c3,e69ab65bf5ab1d53e58ad673ba2843546a65ded97694623ad875fd154853ed5b,2318,1250,978,90,2.3,d59be98cf164477162966a4249f058fb54c766c0856a067f8f995aa0f18b5ed1,300,5,1.0E-10,1.0E-5,6000,ATOMIC,300,[K]  300,XYZ,True,4801,0.043254,-21.318867640336,2.9273462679519997,9f222905d722c2477e63d0d3726c29b9c783bec33ef038d804c06a1d717d7068,4801,4501,True,True,4801,0.043254,-21.318867640336,2.9273462679519997,0af6ac70283d744188dce3cb4ba70d366ac7f189d23f78e33fc06e0065db4794,4801,4501,True
SZV/IL_25_z2-30,31,48.6,True,True,2023.1,ENERGY,SZV-MOLOPT-GTH,True,True,46,1,20.0,89f71ff0bc9d2596c883382392566210d7cb0503e557a3540af4740081b843c3,07f546370f98c6277c8b5c9e6d16c10314d5e47458cdb8c6bbc06982e9f58f23,2320,1250,980,90,2.3,bd50a036879d6cdaea2993cd27a2b68ddf388ebb36f4e8b30920e91e2f381ce1,300,5,1.0E-10,1.0E-5,6000,ATOMIC,300,[K]  300,XYZ,True,4805,0.043385,-21.323275884544,2.9164072915839996,1fdd893e7feba5d386061d462b68ee01a74d1fb8639b36eaea7376461466c78d,4805,4505,True,True,4805,0.043385,-21.323275884544,2.9164072915839996,d8ec0ec38e528a9b266a9ca616698b0b6dcda68453af656ba2b1841e07e01bff,4805,4505,True
SZV/IL_25_z2-30,32,49.2,True,True,2023.1,ENERGY,SZV-MOLOPT-GTH,False,True,,2,20.0,31c0ce8c2d5dd2565a0426a79483adb832be38b77761cdbc587d3f09b20e3396,981c88f3b9e2a359965b3eb841777aa55343e1655538f0d866d47703a3faa69d,2314,1250,975,89,2.3,4d264b449916bf99c6a965ac239b1be7ecb7209f130df7bac45694d0715ba6c8,300,5,1.0E-10,1.0E-5,6000,RESTART,300,[K]  300,XYZ,True,4795,0.043057,-21.325452795264003,2.915454893144,cae4b4741be1431d0dec5b71e3dd6d6b71bd2211f92037a2a38d773b03887d6e,4795,4495,True,True,4794,0.043057,-21.325588852183998,2.9211692837839998,f023d5bf385bee61563e91cf13c4353c7780abcd2f224870d8ce788683a753d8,4794,4494,True
SZV/IL_25_z2-30,33,49.8,True,True,2023.1,ENERGY,SZV-MOLOPT-GTH,True,True,163,2,20.0,31c0ce8c2d5dd2565a0426a79483adb832be38b77761cdbc587d3f09b20e3396,2abfd42e9d7a7b305e10a26011197234cbdfe7cda949a45a9c113192d807a1b1,2316,1250,977,89,2.3,138338f50c46b0a6d281d1b6a7cb6782f38ca898d1d44e08a0eb3afa4e07c3f8,300,5,1.0E-10,1.0E-5,6000,RESTART,300,[K]  300,XYZ,True,4799,0.043104,-21.318405046808,2.9169515192639994,4ad6cbab72779b10d56bdd87695f494de5fb60680c9f58eb7c47b023e9c33918,4799,4499,True,True,4798,0.043104,-21.318405046808,2.90454312816,f622d04cdc60becfd5b1e408ae62eb2e4297557b522ca0ecc20ad9c9e7360c2a,4798,4498,True
SZV/IL_25_z2-30,34,50.4,True,True,2023.1,ENERGY,SZV-MOLOPT-GTH,True,True,47,1,20.0,89f71ff0bc9d2596c883382392566210d7cb0503e557a3540af4740081b843c3,60db512a88d83e086f0b5cd19ea95fb5fc9a1f871adac7a9b6b7390794a8ef71,2312,1250,974,88,2.3,474b087a63cbf97ec18c61048694ad7f31681d96980c5040ddf9eda945b9426e,300,5,1.0E-10,1.0E-5,6000,ATOMIC,300,[K]  300,XYZ,True,4792,0.042728,-21.320718014447998,2.9151011451519997,82e562b7dda81b40702dff0c888d9ebebfb48962aec2bb5751878f05bb1c3e75,4792,4492,True,True,4792,0.042728,-21.320690803064,2.9151011451519997,8c3ad8da219e013e620359607e62cb769c048bd9e7be51c231cb78516833f4af,4792,4492,True
SZV/IL_25_z2-30,35,51.0,True,True,2023.1,ENERGY,SZV-MOLOPT-GTH,True,True,48,1,20.0,89f71ff0bc9d2596c883382392566210d7cb0503e557a3540af4740081b843c3,2d7b1514e1125c6208669af8bf6ffdc0449244c1abec0d9cadb345eb4ad0a89b,2312,1250,974,88,2.3,8f9bbeca1b83a165e40357bad562dfb24b7582dcd479b34a622ab80c60610aec,300,5,1.0E-10,1.0E-5,6000,ATOMIC,300,[K]  300,XYZ,True,4792,0.043019,-21.314704298584,2.8951552006799997,d12dd42e87f1402fb25f175e08616915d8372db6ab79272111e1006e14c36d53,4792,4492,True,True,4792,0.043019,-21.314704298584,2.8951824120639995,48437f583ddd55cfec4a1ca844538cea633b7bf1e236d38833d835129259c452,4792,4492,True
SZV/IL_25_z2-30,36,51.6,True,True,2023.1,ENERGY,SZV-MOLOPT-GTH,True,True,41,1,20.0,89f71ff0bc9d2596c883382392566210d7cb0503e557a3540af4740081b843c3,2d84b947a15aff87a13eed03739c58a118410f53f0a3ee30ecd701cf724f8fc2,2312,1250,974,88,2.3,a0b2f3b8948cfe8510eef06943feb0bee6b852cdea6e34b6cd6f6a45f7727a28,300,5,1.0E-10,1.0E-5,6000,ATOMIC,300,[K]  300,XYZ,True,4792,0.042711,-21.316064867783997,2.8920803142879996,8a5d78ede74bf9dcbfdbab2828b864e78cbed2938cc167fa84aa1306479e4540,4792,4492,True,True,4792,0.042711,-21.316064867783997,2.8920803142879996,5175e24948872ecc57f42efac15eaf42853da692d0964ca47f96c8d9c71d1978,4792,4492,True
SZV/IL_25_z2-30,37,52.2,True,True,2023.1,ENERGY,SZV-MOLOPT-GTH,True,True,49,1,20.0,89f71ff0bc9d2596c883382392566210d7cb0503e557a3540af4740081b843c3,d8751d4b5eff99caa021699e5ec6488761014fde6eda634335ee3d9a80bc78cb,2312,1250,974,88,2.3,b6ac7f64bb06936ab146482fb1c0439251886a1094774dad99f03fab3961e34b,300,5,1.0E-10,1.0E-5,6000,ATOMIC,300,[K]  300,XYZ,True,4792,0.043303,-21.323684055304,2.8899306149519997,f647ea4ecfad95c145941668243204411caf9c0fd0d0c75d2fbbf41a85481dd9,4792,4492,True,True,4792,0.043303,-21.323684055304,2.8899306149519997,8246698fdbbca7cf71c81dbb3a4ee9a6f3bee1e84c1fcc2beb47de8238673120,4792,4492,True
SZV/IL_25_z2-30,38,52.8,True,True,2023.1,ENERGY,SZV-MOLOPT-GTH,True,True,51,1,20.0,89f71ff0bc9d2596c883382392566210d7cb0503e557a3540af4740081b843c3,fc87c166cf14a48cfd2a3dea21db304c13cbd2a0e98145c7c71d7a7d90ad6441,2306,1250,970,86,2.3,1ad0930fb8b3b498fdfd552c5184edd4c1e8e03f650d76ff3412edee70d0a0a7,300,5,1.0E-10,1.0E-5,6000,ATOMIC,300,[K]  300,XYZ,True,4783,0.043536,-21.333235251088002,2.8735221504,d195617f1de83af1beef73ba29ae7daad19d677f65461d2c2da02b7066b183b3,4783,4483,True,True,4783,0.043536,-21.333235251088002,2.8735221504,839e2f4eccab56f4653b614af7da1f9a4572ed0837ff1d416941c8242c5b1b83,4783,4483,True
SZV/IL_25_z2-30,39,53.4,True,True,2023.1,ENERGY,SZV-MOLOPT-GTH,True,True,54,1,20.0,89f71ff0bc9d2596c883382392566210d7cb0503e557a3540af4740081b843c3,fc5f1d2796c8b7535dc81046ac3c19eda531636c996d2b7cbeab7f348affdc8d,2306,1250,970,86,2.3,31697eea2999686dd25b2658d5a134f6a5802572e626759193a3158d221bc357,300,5,1.0E-10,1.0E-5,6000,ATOMIC,300,[K]  300,XYZ,True,4783,0.043732,-21.350841016536,2.8626648081840003,e8879936db0736e83778c9e6a8b2bc119570e2e13a210b53afb74b09e1d0ca14,4783,4483,True,True,4783,0.043732,-21.350841016536,2.8626648081840003,ce601e5dbf8a705bb4b67724347985c430af169889e0bb184bceb191f709f7ac,4783,4483,True
SZV/IL_25_z2-30,3,31.8,True,True,2023.1,ENERGY,SZV-MOLOPT-GTH,True,True,21,1,20.0,89f71ff0bc9d2596c883382392566210d7cb0503e557a3540af4740081b843c3,41219218575f1bcb8e1e412dbaab44a1e8ea6b24527959530f2df454d1dfd293,2360,1250,1010,100,2.3,3859247dbfc856f76f33c4d646cf975556490715c3ce6c6a4a281667f39a026b,300,5,1.0E-10,1.0E-5,6000,ATOMIC,300,[K]  300,XYZ,True,4870,0.042944,-21.235519171144,3.057906488384,2b0604d92d338e0eafceb14b754209a97cee05b75e01d1eda29c952cb928dde2,4870,4570,True,True,4870,0.042944,-21.235519171144,3.057906488384,2b0604d92d338e0eafceb14b754209a97cee05b75e01d1eda29c952cb928dde2,4870,4570,True
SZV/IL_25_z2-30,40,54.0,True,True,2023.1,ENERGY,SZV-MOLOPT-GTH,True,True,44,1,20.0,89f71ff0bc9d2596c883382392566210d7cb0503e557a3540af4740081b843c3,2d8c39bd1ef7f069a180eeb13660cdee464765060026504ced7c4aabf35fc902,2306,1250,970,86,2.3,7a916507b2e31f8f0fba10d0e969b574afd091508e5393f51b446bdacb315523,300,5,1.0E-10,1.0E-5,6000,ATOMIC,300,[K]  300,XYZ,True,4783,0.04387,-21.366487562336,2.857032051696,d7a43f87bece7daed63806d2075270501e6659497bdd42567ce607486375920e,4783,4483,True,True,4783,0.04387,-21.366487562336,2.857032051696,abba8506b65327c225dd2e31ffc4a37089d075b00f39698df7fa0769545ee805,4783,4483,True
SZV/IL_25_z2-30,41,54.6,True,True,2023.1,ENERGY,SZV-MOLOPT-GTH,True,True,41,1,20.0,89f71ff0bc9d2596c883382392566210d7cb0503e557a3540af4740081b843c3,70b1f493fc689170631a8a5ee33546ded8048ec13172342293410c16ce924cf6,2304,1250,968,86,2.3,90a4690671d076ba62bb732a6946a4281fcb6a67a541fd704f8edb6adf86f118,300,5,1.0E-10,1.0E-5,6000,ATOMIC,300,[K]  300,XYZ,True,4779,0.044377,-21.3806646934,2.836079286016,34049afb14e8d99e22eb221ad884db115236792533fe3dad8caf4caa8a5ac77a,4779,4479,True,True,4779,0.044377,-21.3806646934,2.836079286016,cb768298e9fea320b8a315b5426cec3fb3a749adebdd9cc696031bdd29acbff6,4779,4479,True
SZV/IL_25_z2-30,42,55.2,True,True,2023.1,ENERGY,SZV-MOLOPT-GTH,True,True,71,2,20.0,89f71ff0bc9d2596c883382392566210d7cb0503e557a3540af4740081b843c3,bf192fa31a69359e43a1c1c47a61dcb6c0811f169c14feb34646b80c0405c9f4,2302,1250,967,85,2.3,6f8789897f0b2bf3cb01a7d3ad2d212e2eca850a2f5b2a326d0cc169bc14264d,300,5,1.0E-10,1.0E-5,6000,ATOMIC,300,[K]  300,XYZ,True,4777,0.043905,-21.38828388092,2.827589334208,4a3618a00ea3bbadc12e6e9cd12807d5068c5878045867290fa485060d612a6f,4777,4477,True,True,4776,0.043905,-21.388202246768,2.8259022284,6e0afce989c6a866b961298f15ef9a4ce40d50c0c52ec19b718b8bf038c97ab9,4776,4476,True
SZV/IL_25_z2-30,43,55.8,True,True,2023.1,ENERGY,SZV-MOLOPT-GTH,True,True,74,2,20.0,89f71ff0bc9d2596c883382392566210d7cb0503e557a3540af4740081b843c3,6850cf0c3c0ba81b456cbbf58417d03c95a8e6bd95f28eca775bf313426045b4,2308,1250,971,87,2.3,245df7ebbbcd0344045cef15333be5042b9f26ce432c863294a7044bec20c597,300,5,1.0E-10,1.0E-5,6000,ATOMIC,300,[K]  300,XYZ,True,4786,0.044909,-21.403413410423997,2.812595861624,bb43e94cf67283a41fffaaa35e5c8ebcfee5d9659daf312f6f50bd6a2008f5b1,4786,4486,True,True,4785,0.044909,-21.403413410423997,2.801847364944,a4c09ea7ad184cc47a5db6aa3a43ca7d0e200e7a83196249282b7ed0ca90df89,4785,4485,True
SZV/IL_25_z2-30,44,56.4,True,True,2023.1,ENERGY,SZV-MOLOPT-GTH,True,True,84,2,20.0,89f71ff0bc9d2596c883382392566210d7cb0503e557a3540af4740081b843c3,00d1c156df077634b3c6b7d981f21fbf9059a537e7d490109249ecfa0b2c46c7,2304,1250,967,87,2.3,41012b2b909b142008582167caae5b691b4ef41f0e146be811075d3b1e130a37,300,5,1.0E-10,1.0E-5,6000,ATOMIC,300,[K]  300,XYZ,True,4778,0.045843,-21.439033112079997,2.7954799010880005,3b288f7444ddb26d7361aacc289e72f09fade3730ff42a0455acee8b86481112,4778,4478,True,True,4777,0.045843,-21.439033112079997,2.79039137228,e4395dac7322d7e68c860df77953d52014461746dd5f706c5306f829ae7f6495,4777,4477,True
SZV/IL_25_z2-30,45,57.0,True,True,2023.1,ENERGY,SZV-MOLOPT-GTH,True,True,40,1,20.0,89f71ff0bc9d2596c883382392566210d7cb0503e557a3540af4740081b843c3,11b96a19814dd03ba44e91a5208959ac7a79e64debb6d6ec67a3f494fd9929e4,2296,1250,960,86,2.3,bf5a1209f99b83fa495668ad507ba13a12ed86bf91cc9f83c7203121e4cb3412,300,5,1.0E-10,1.0E-5,6000,ATOMIC,300,[K]  300,XYZ,True,4763,0.044308,-21.452529958543998,2.836024863248,5ebc7f3f746a2734dffd896cc41d7fd94576dbc8317be892bc0ceb4fe626a4d5,4763,4463,True,True,4763,0.044308,-21.452529958543998,2.836024863248,5ebc7f3f746a2734dffd896cc41d7fd94576dbc8317be892bc0ceb4fe626a4d5,4763,4463,True
SZV/IL_25_z2-30,46,57.6,True,True,2023.1,ENERGY,SZV-MOLOPT-GTH,True,True,73,2,20.0,31c0ce8c2d5dd2565a0426a79483adb832be38b77761cdbc587d3f09b20e3396,a10987a2b7e3af00a72f48dd50ef96df8e1779305302c3103da88f39ebd20c05,2302,1250,967,85,2.3,ed66385288c8bfac19cbcacdae1dcb5d25c9943252dfea62fd69a7772c7c771d,300,5,1.0E-10,1.0E-5,6000,RESTART,300,[K]  300,XYZ,True,4777,0.046827,-21.481319602815997,2.780704119576,59f474c813e443a13b9d4e6bda84c021f8010c7a95d03336d4a50b3c8e8abfd8,4777,4477,True,True,4776,0.046827,-21.481319602815997,2.769465817984,aecd0e7f481b02fd5698a2ee74ba02c637300a02ee3b77dc892536517cdf3c52,4776,4476,True
SZV/IL_25_z2-30,47,58.2,True,True,2023.1,ENERGY,SZV-MOLOPT-GTH,True,True,106,2,20.0,89f71ff0bc9d2596c883382392566210d7cb0503e557a3540af4740081b843c3,cfac6c81dc0f5a8f186bc2a8f1b9eda2678c212d97fea5ccfa2224d39b6b9f96,2292,1250,957,85,2.3,981f2019395263811e1b619eee97a0cb464b398809128f264e89c757139b71a5,300,5,1.0E-10,1.0E-5,6000,ATOMIC,300,[K]  300,XYZ,True,4757,0.044895,-21.533402191792,2.8262559763920003,7c8ba19a89b8a27216707cb8acb549e1e82c7e18dbb9a8ec409656688a9a2506,4757,4457,True,True,4756,0.044895,-21.533374980408002,2.8249770413440003,425e377cbfec88b2c0869b0290f651608adf99e998617a179dc7303c99185de7,4756,4456,True
SZV/IL_25_z2-30,48,58.8,True,True,2023.1,ENERGY,SZV-MOLOPT-GTH,True,True,277,2,20.0,89f71ff0bc9d2596c883382392566210d7cb0503e557a3540af4740081b843c3,5e5ad5a63b14feb908c626eb3f54cac0f03d8ff3331f2d6cee9178b88e7b31d8,2290,1250,955,85,2.3,312c6a9769d1bee7116d5ac72aae18c276adbe8dd38d2e1fd778a90d377f206a,300,5,1.0E-10,1.0E-5,6000,ATOMIC,300,[K]  300,XYZ,True,4753,0.043332,-21.473401090072002,2.867290743464,154822f3c80ffb1b827d592cd122bcbb2f99baff937cbac22cceff5e792563a9,4753,4453,True,True,4752,0.043332,-21.473401090072002,2.8635627838559996,303f6bf3b0899deae0ffe88e571c43e8deb0bd8c403fd70323ec0e1ff479d3a6,4752,4452,True
SZV/IL_25_z2-30,49,59.4,True,True,2023.1,ENERGY,SZV-MOLOPT-GTH,True,True,240,2,20.0,89f71ff0bc9d2596c883382392566210d7cb0503e557a3540af4740081b843c3,e9c8cb0e44fc41fb50aa15b8f76777a2b4a3ebec13baedf4365c58e5b878aa93,2316,1250,981,85,2.3,2b94f0f2c29523da7c906d97c782f2762f605b114f3230713c480d172a022258,300,5,1.0E-10,1.0E-5,6000,ATOMIC,300,[K]  300,XYZ,True,4805,0.045723,-21.53332055764,2.8327050744,de0267b756d6ec07b17dfe949399ff1f570330421e0426eecfa56003a55ba344,4805,4505,True,True,4804,0.045723,-21.53332055764,2.828160773272,6126ad5253b4bb24ef89e44e13f94dbd26c7c2a0547868471fe48ecd98e3f436,4804,4504,True
SZV/IL_25_z2-30,4,32.4,True,True,2023.1,ENERGY,SZV-MOLOPT-GTH,True,True,24,2,20.0,89f71ff0bc9d2596c883382392566210d7cb0503e557a3540af4740081b843c3,2b88cc37d7accf9032855235bafd1eb3cdc9888a082fe1babfdcadebe47a11bd,2354,1250,1005,99,2.3,fff7ce69279bab5530117b5b8e81ef9d2cd06627ec3ec3641d04d3b450799e90,300,5,1.0E-10,1.0E-5,6000,ATOMIC,300,[K]  300,XYZ,True,4860,0.043492,-21.256880107584,3.03842313744,48a896cc50eaa4dda9ceb77121f559877bf0569cd2df73be6e151f4ef324349f,4860,4560,True,True,4859,0.043492,-21.256880107584,3.0363006494879996,670a7f7ca27e429112e08d89b9a81da89df4c1790234ef7fbc4c60b59c6e46da,4859,4559,True
SZV/IL_25_z2-30,50,60.0,True,True,2023.1,ENERGY,SZV-MOLOPT-GTH,True,True,80,1,20.0,89f71ff0bc9d2596c883382392566210d7cb0503e557a3540af4740081b843c3,9b7394d7fdc3a5449de0b5b2968f343aaf718f3f754ed009a6c51649040e34e2,2320,1250,986,84,2.3,d6094877d4fa943c12dc9bde827000dcca5098d718ce0a34410c9c1fa4cb0e72,300,5,1.0E-10,1.0E-5,6000,ATOMIC,300,[K]  300,XYZ,True,4814,0.042457,-21.308853851023997,2.8553177345039997,2c51f9259dd061a6758d8192b02678247d5abbcbee6945247fbc630fcde90e19,4814,4514,True,True,4814,0.042457,-21.308853851023997,2.8553177345039997,8cdf462aacd05d64d16eedf672a125f607a698f00764804299b4b5daf8bc7be7,4814,4514,True
SZV/IL_25_z2-30,5,33.0,True,True,2023.1,ENERGY,SZV-MOLOPT-GTH,True,True,22,1,20.0,89f71ff0bc9d2596c883382392566210d7cb0503e557a3540af4740081b843c3,2d7b62e2d3070a3d32b53a0f4a58c5434b67c92bfb0292d48924a42cb1f4ed1e,2358,1250,1008,100,2.3,39bafb98628ba0702a2d4af78eca2434f4806d8bb2911851148b165653915d58,300,5,1.0E-10,1.0E-5,6000,ATOMIC,300,[K]  300,XYZ,True,4866,0.043397,-21.249478611136,3.0431579182560005,dfe9dfe4e61cdbfa64c41725b73ec96adc7c5697a1050ef232760a17072a9c30,4866,4566,True,True,4866,0.043397,-21.249478611136,3.0431579182560005,dfe9dfe4e61cdbfa64c41725b73ec96adc7c5697a1050ef232760a17072a9c30,4866,4566,True
SZV/IL_25_z2-30,6,33.6,True,True,2023.1,ENERGY,SZV-MOLOPT-GTH,True,True,22,2,20.0,89f71ff0bc9d2596c883382392566210d7cb0503e557a3540af4740081b843c3,5bba7dac733ba17d959851a616ac824aa5e3306a8602f37b4d8f7024588d33cc,2362,1250,1013,99,2.3,7b6dfa836f9bdc90dcace0150d68e4bc1877953968ac0be68e2a5a6fd1564a68,300,5,1.0E-10,1.0E-5,6000,ATOMIC,300,[K]  300,XYZ,True,4876,0.043718,-21.251328985247998,3.0483552925999993,a5e1940cc5fceaff48968614c94194fd0efb7d8974da3d0699f0d00f6e59cf21,4876,4576,True,True,4875,0.043718,-21.251328985247998,3.046668186792,c0422d3b371f6883801ab133a57bd9bb33f50cd8a2d24df640aa5feadd37222f,4875,4575,True
SZV/IL_25_z2-30,7,34.2,True,True,2023.1,ENERGY,SZV-MOLOPT-GTH,True,True,21,1,20.0,89f71ff0bc9d2596c883382392566210d7cb0503e557a3540af4740081b843c3,3411043074a59f3f82e0c477eea17077e77a2a0c192ff77c0a4987771a053b24,2354,1250,1004,100,2.3,9fb98ace4156e35ab819d425c2b77e0c6b91c8cd1bb9f41065585b054b9f71a2,300,5,1.0E-10,1.0E-5,6000,ATOMIC,300,[K]  300,XYZ,True,4858,0.043553,-21.249968416048,3.045198772055999,254834156138d3845ccc279472c3dbed9b87c31b4da59a8f1274302403ec9caf,4858,4558,True,True,4858,0.043553,-21.249968416048,3.045198772055999,254834156138d3845ccc279472c3dbed9b87c31b4da59a8f1274302403ec9caf,4858,4558,True
SZV/IL_25_z2-30,8,34.8,True,True,2023.1,ENERGY,SZV-MOLOPT-GTH,True,True,21,1,20.0,89f71ff0bc9d2596c883382392566210d7cb0503e557a3540af4740081b843c3,3c8119224b2e645baca4d9c750e8d675b7889c7e2ab946b09399bc2e6678772e,2346,1250,998,98,2.3,677ccf75bd1b937133a5d022b6bafb21a5e358e8acba860c710006c31d81ef4b,300,5,1.0E-10,1.0E-5,6000,ATOMIC,300,[K]  300,XYZ,True,4845,0.043237,-21.255138579007998,3.0450082923679997,6a65a0737efbc4224877de2979e34076124023732c8269050c8fbe8ffd79dc22,4845,4545,True,True,4845,0.043237,-21.255138579007998,3.0450082923679997,6a65a0737efbc4224877de2979e34076124023732c8269050c8fbe8ffd79dc22,4845,4545,True
SZV/IL_25_z2-30,9,35.4,True,True,2023.1,ENERGY,SZV-MOLOPT-GTH,True,True,24,2,20.0,89f71ff0bc9d2596c883382392566210d7cb0503e557a3540af4740081b843c3,8fbbd7dfa652ebac7cf97ae88ea14af8dbd481db6e9b5f41e55d9f8452d14b8d,2352,1250,1003,99,2.3,1abb5b80f7bd7ff32cda409492fa1b19be423a921f177c1bc1933d78c12cbb5d,300,5,1.0E-10,1.0E-5,6000,ATOMIC,300,[K]  300,XYZ,True,4856,0.043436,-21.255655595304,3.0521648863599995,2da13706dca1694a693945180b6d87fc4b32ff3314f585f8f9f2b6ba32785040,4856,4556,True,True,4855,0.043436,-21.255655595304,3.0486001950559998,d110ea9ae89d7933076265cccd860ff1a87739a1ae53b858cd86f0689fa80ae4,4855,4555,True
SZV/IL_25_z2-55,0,30.0,True,True,2023.1,ENERGY,SZV-MOLOPT-GTH,True,True,20,2,20.0,89f71ff0bc9d2596c883382392566210d7cb0503e557a3540af4740081b843c3,1e428c45f7709307aa4070be506ee2dccf4b9bcc17cc9996cf3d256083f765a6,2358,1250,1009,99,2.55,df61f8c5a1fe3dc5fab8a1b2c78fbe1fa460f224f9491ec28975a156ac580136,300,5,1.0E-10,1.0E-5,6000,ATOMIC,300,[K]  300,XYZ,True,4868,0.040445,-20.719564119119998,2.9625577988479996,b5b49a0c6a6ad2e0f9e68cbdb643d47150ab2eab22b0d81e38b7635f876f7f77,4868,4568,True,True,4867,0.040445,-20.719564119119998,2.954367172264,6218d5f6d71b70822cdc2ac4c8dfca6463280eef82ffbbeaa35caa176a07f8e5,4867,4567,True
SZV/IL_25_z2-55,10,36.0,True,True,2023.1,ENERGY,SZV-MOLOPT-GTH,True,True,39,2,20.0,89f71ff0bc9d2596c883382392566210d7cb0503e557a3540af4740081b843c3,13edecb53a69c7566048759f70fb1c1595daf94afaf05f03fe5c78cdb3bcb5f4,2348,1250,999,99,2.55,42a32395778542968973f31d73837181de89b3cd94f9207eb70e0d2a2da67a14,300,5,1.0E-10,1.0E-5,6000,ATOMIC,300,[K]  300,XYZ,True,4848,0.041155,-20.740761787255998,2.9314279755519994,31407329adb8f0bb237a3b6cd3740bd905389715c6c100fd6ff5321eaddcb7d4,4848,4548,True,True,4847,0.041155,-20.740761787255998,2.925577527992,5e00d56d07cb84c4dc5685d18e14302918c75192e19a6482c8a424b8e197e282,4847,4547,True
SZV/IL_25_z2-55,11,36.6,True,True,2023.1,ENERGY,SZV-MOLOPT-GTH,True,True,24,1,20.0,89f71ff0bc9d2596c883382392566210d7cb0503e557a3540af4740081b843c3,407e7909ae6d8af7d36c2ef9ac38b8144e7e86f076a39740486bccd7774e0c75,2350,1250,1002,98,2.55,47e924c223079b585b0e78acf9e696abc228dfa6f365f17138370330686f8e5f,300,5,1.0E-10,1.0E-5,6000,ATOMIC,300,[K]  300,XYZ,True,4853,0.041486,-20.747782324328,2.9284891460799995,959ccb66121892e85dc8370103f5664bdc245bfbfe4f52f80d36b796e9359607,4853,4553,True,True,4853,0.041486,-20.747782324328,2.9284891460799995,959ccb66121892e85dc8370103f5664bdc245bfbfe4f52f80d36b796e9359607,4853,4553,True
SZV/IL_25_z2-55,12,37.2,True,True,2023.1,ENERGY,SZV-MOLOPT-GTH,True,True,22,1,20.0,89f71ff0bc9d2596c883382392566210d7cb0503e557a3540af4740081b843c3,c15e6238e4c4f8a24a0a5b8d0f6af3a01ce53bd4ad4309c7df6c168f292aa2b8,2346,1250,998,98,2.55,bc8bb16d2c7486ed66a822c2a59e4ff5022e9b729022680499eeeda9a71e2ee5,300,5,1.0E-10,1.0E-5,6000,ATOMIC,300,[K]  300,XYZ,True,4845,0.041275,-20.749115682143998,2.9254686824559997,76aff55f61d9a3935b6eeecef62357f2af940a5d6e3ef73f8aea8d4cc0f82942,4845,4545,True,True,4845,0.041275,-20.749115682143998,2.9254686824559997,76aff55f61d9a3935b6eeecef62357f2af940a5d6e3ef73f8aea8d4cc0f82942,4845,4545,True
SZV/IL_25_z2-55,13,37.8,True,True,2023.1,ENERGY,SZV-MOLOPT-GTH,True,True,22,1,20.0,89f71ff0bc9d2596c883382392566210d7cb0503e557a3540af4740081b843c3,f13b1bf80dec1c42cf3e9e0cf72c3d22b0d69da2a74b28ccb38c1f69881eccda,2346,1250,998,98,2.55,6826a17e50bf971bf9423872eae6e8f6b95325ccbbdad7f4980593bae430fb2c,300,5,1.0E-10,1.0E-5,6000,ATOMIC,300,[K]  300,XYZ,True,4845,0.041485,-20.750340194424002,2.922856389592,8662e67843647f2168b44b4397bc608737427468361b0ff594188ba8c3702d95,4845,4545,True,True,4845,0.041485,-20.750340194424002,2.922856389592,83b0a9b0258cc419f8ef9a8ac01e2a4447c7ba9ebf024da13f601afed1e23eda,4845,4545,True
SZV/IL_25_z2-55,14,38.4,True,True,2023.1,ENERGY,SZV-MOLOPT-GTH,True,True,46,2,20.0,89f71ff0bc9d2596c883382392566210d7cb0503e557a3540af4740081b843c3,73e3c42787371dfa6fa668e0cd0fbaa7309c1f53e0cd8a2dd9872e2c3fd54a71,2342,1250,995,97,2.55,36149bf658db228bf5743c83d89181ac920615e8a5b48aafc62935d1b3d790d1,300,5,1.0E-10,1.0E-5,6000,ATOMIC,300,[K]  300,XYZ,True,4839,0.04095,-20.739918234352,2.939074374456,5c020f4e74895cf33185a10a0900bc9c8ac9eb3e5b7da6739066bc542216f097,4839,4539,True,True,4838,0.04095,-20.739918234352,2.934502861944,a5573402e27b936a1cf78e409610c9244935ff59b1d904bcea6deac94196bc0a,4838,4538,True
SZV/IL_25_z2-55,15,39.0,True,True,2023.1,ENERGY,SZV-MOLOPT-GTH,True,True,57,2,20.0,89f71ff0bc9d2596c883382392566210d7cb0503e557a3540af4740081b843c3,e5723dd654ea0b4c15e06f501bab2c58fa2346b448ab1b73dbef42bd930db66b,2344,1250,997,97,2.55,abab251597d4a9271367d1fc9d0f0857c63716ebfe4276011a8e8f7d86b24762,300,5,1.0E-10,1.0E-5,6000,ATOMIC,300,[K]  300,XYZ,True,4843,0.041454,-20.754068154031998,2.9276455931760004,af5f4d107ebfe6f54f709e6c6c8d5bd2e81c7f47eb4b25f5ee4f95b6a9e380f3,4843,4543,True,True,4842,0.041454,-20.754068154031998,2.92522378,6285ee0421e91a66b446541d81a3163e7e11ccf35e15fb82344d24c9f6fe42bd,4842,4542,True
SZV/IL_25_z2-55,16,39.6,True,True,2023.1,ENERGY,SZV-MOLOPT-GTH,True,True,63,2,20.0,89f71ff0bc9d2596c883382392566210d7cb0503e557a3540af4740081b843c3,886733a32876990c9d5a4e8989850a833ca84c5445ea3d82fc995e70c629bfaf,2348,1250,1001,97,2.55,7e76644dc10065bc2e1bda298a49431bbd8d4890aaa1882ca88fa782530f4596,300,5,1.0E-10,1.0E-5,6000,ATOMIC,300,[K]  300,XYZ,True,4851,0.041556,-20.750693942416003,2.9329518130559995,359a8bf07c2065bf8dbdc6e56a08fa5c85ccd901f1f61d19f33f2b98e28ea858,4851,4551,True,True,4850,0.041556,-20.7507211538,2.9297408697439993,8c4d25a6a8477f150bd8089db58bdf291eddf554243c0d9a777c7856b2e6d5b9,4850,4550,True
SZV/IL_25_z2-55,17,40.2,True,True,2023.1,ENERGY,SZV-MOLOPT-GTH,True,True,27,1,20.0,89f71ff0bc9d2596c883382392566210d7cb0503e557a3540af4740081b843c3,e98eeb73789bf78d951a765894b1bf3b200ba7a752abc303abf5017c48089fa7,2342,1250,996,96,2.55,3b0c269868ff3c65d7ecac206640e9b27ee6721a25091d6417dc8d5fe87f9532,300,5,1.0E-10,1.0E-5,6000,ATOMIC,300,[K]  300,XYZ,True,4840,0.041776,-20.759401585296,2.9273734793359996,c7281fd8a32cb51745da45f40bf26b75656914df139fd123642008d1fd0c5e54,4840,4540,True,True,4840,0.041776,-20.759401585296,2.9273734793359996,c7281fd8a32cb51745da45f40bf26b75656914df139fd123642008d1fd0c5e54,4840,4540,True
SZV/IL_25_z2-55,18,40.8,True,True,2023.1,ENERGY,SZV-MOLOPT-GTH,True,True,27,1,20.0,89f71ff0bc9d2596c883382392566210d7cb0503e557a3540af4740081b843c3,00c41c931f0c9cf5efe8d4e2513124e644f1016b3e5f8c781fcb9e60620769af,2336,1250,990,96,2.55,df54daebcb3d57629e4d9ee211f93abfdd1b8990bad2b7cfd45fc40e2f3d151c,300,5,1.0E-10,1.0E-5,6000,ATOMIC,300,[K]  300,XYZ,True,4828,0.041291,-20.757279097343996,2.93297902444,576585080c2847723d8adea89a87d215a158bf817abb0b49bf2f1f1076f78ebe,4828,4528,True,True,4828,0.041291,-20.757279097343996,2.93297902444,576585080c2847723d8adea89a87d215a158bf817abb0b49bf2f1f1076f78ebe,4828,4528,True
SZV/IL_25_z2-55,19,41.4,True,True,2023.1,ENERGY,SZV-MOLOPT-GTH,True,True,29,1,20.0,89f71ff0bc9d2596c883382392566210d7cb0503e557a3540af4740081b843c3,b8ffcf7d27ea4828e409cc5142619f74e6a37c4d2f98405234b563bed36e09c7,2334,1250,988,96,2.55,c8db1278d9549cb05880314ad8a381205b36f091948756d05633222fce43bdbb,300,5,1.0E-10,1.0E-5,6000,ATOMIC,300,[K]  300,XYZ,True,4824,0.041324,-20.760462829271997,2.9420948380799996,f9c97d68d1d161dca73ba5a674d2c34ff9a160d9683b7b1ac0ebdb3e9491e48d,4824,4524,True,True,4824,0.041324,-20.760462829271997,2.9420948380799996,f9c97d68d1d161dca73ba5a674d2c34ff9a160d9683b7b1ac0ebdb3e9491e48d,4824,4524,True
SZV/IL_25_z2-55,1,30.6,True,True,2023.1,ENERGY,SZV-MOLOPT-GTH,True,True,20,2,20.0,89f71ff0bc9d2596c883382392566210d7cb0503e557a3540af4740081b843c3,ccc573dd7af9875068030c820f6a250ac56bf10fe00dfb22ed1a26e2d28da811,2358,1250,1009,99,2.55,06b068edc6f96568ef0ba3fa0011f4b3d271fba6dd3ef810c3159314829fc9ed,300,5,1.0E-10,1.0E-5,6000,ATOMIC,300,[K]  300,XYZ,True,4868,0.040816,-20.727945225392,2.955891009768,9fd3916e8bfd8aefc05bba8a1cc1c7e81fe9f7ea83b86a270754520a75a4876e,4868,4568,True,True,4867,0.040816,-20.727945225392,2.9543127494959998,d48687af1e6637fa2b15a7201fed874a5d78c1213346fc3a45466246de4c9ab6,4867,4567,True
SZV/IL_25_z2-55,20,42.0,True,True,2023.1,ENERGY,SZV-MOLOPT-GTH,True,True,48,2,20.0,89f71ff0bc9d2596c883382392566210d7cb0503e557a3540af4740081b843c3,91affac30605479dbe61750914c91d0df0999524db77425a3c2a59f327aecbe3,2334,1250,989,95,2.55,86fd3c23ddedc6f19959111ea62c431cb7f2541f2996683a26cb816cdaaf7081,300,5,1.0E-10,1.0E-5,6000,ATOMIC,300,[K]  300,XYZ,True,4826,0.041417,-20.760245138200002,2.947455480728,98d6ea795c8b4421505d66067012fc0952d3ad8524b3284b4fe152bfc65aea72,4826,4526,True,True,4825,0.041417,-20.760299560968,2.9398362932079998,a4efbbe9fe0bbab34ce934fba840acffb802a12e4d98ccb05c7dda1eba89d96d,4825,4525,True
SZV/IL_25_z2-55,21,42.6,True,True,2023.1,ENERGY,SZV-MOLOPT-GTH,True,True,50,2,20.0,89f71ff0bc9d2596c883382392566210d7cb0503e557a3540af4740081b843c3,78f6f27c5d8fbfae1ec560055ae710dac89d1e582327c76b9c73dbc40b2bbde2,2334,1250,989,95,2.55,4e724166c71abda457ec8eccab6bc255837bb7d0b91f5da2fe1f53eb41ec4c7f,300,5,1.0E-10,1.0E-5,6000,ATOMIC,300,[K]  300,XYZ,True,4826,0.041066,-20.753959308496,2.9537957332,9d73ad8589ee2b9294793e48dc215f2575e3df1354c841596ad51c9e3fbc3716,4826,4526,True,True,4825,0.041066,-20.753959308496,2.9511834403359996,a2cf341d6f8a709e2be8d30bdc3856ca1c456ed7cc719d5f9afe539da8d2737c,4825,4525,True
SZV/IL_25_z2-55,22,43.2,True,True,2023.1,ENERGY,SZV-MOLOPT-GTH,True,True,29,1,20.0,89f71ff0bc9d2596c883382392566210d7cb0503e557a3540af4740081b843c3,f2a5208122e5944cc39bb7cfebed8a72ff1613fdd21d38c518a48ad47aa91202,2332,1250,988,94,2.55,0b2b627f157e6dccc344ffdd5e3404b6ede12cd6e59891a6c89bceea31fac6b8,300,5,1.0E-10,1.0E-5,6000,ATOMIC,300,[K]  300,XYZ,True,4823,0.041603,-20.762503683071998,2.9383396670879995,db7c8de466937dfe83c076b18b8f1dad417a85ad1397fc65a418dfa322dd6abf,4823,4523,True,True,4823,0.041603,-20.762503683071998,2.9383396670879995,db7c8de466937dfe83c076b18b8f1dad417a85ad1397fc65a418dfa322dd6abf,4823,4523,True
SZV/IL_25_z2-55,23,43.8,True,True,2023.1,ENERGY,SZV-MOLOPT-GTH,True,True,69,2,20.0,89f71ff0bc9d2596c883382392566210d7cb0503e557a3540af4740081b843c3,943d224ebe9cf84da4a587febdec728a2889834947c3363baf938fae1d3a89c4,2328,1250,985,93,2.55,d629d7d697d3d9150ef3715103c0210ba1f97c7529cf589790574b36b2a56e69,300,5,1.0E-10,1.0E-5,6000,ATOMIC,300,[K]  300,XYZ,True,4817,0.041163,-20.760571674808,2.950448732968,710d06747e2bfd4c66797db3af63d89f9c0278984ee0dc98dad7892cf2137e1d,4817,4517,True,True,4816,0.041163,-20.760544463423997,2.9425030088399993,06dec276133be0d5c1e293eade4773ed2ef167d21c8cdb029cb4fbf62723b18d,4816,4516,True
SZV/IL_25_z2-55,24,44.4,True,True,2023.1,ENERGY,SZV-MOLOPT-GTH,True,True,29,1,20.0,89f71ff0bc9d2596c883382392566210d7cb0503e557a3540af4740081b843c3,2161943ea7beca7614e440937d6346f7ec4915715db1cbf2ff9cdb2526abe04d,2330,1250,986,94,2.55,a7ec73b0f83e4bfd93b3d79563b1d6cbd7d4213fee8d29bab564c7f2586027f7,300,5,1.0E-10,1.0E-5,6000,ATOMIC,300,[K]  300,XYZ,True,4819,0.041175,-20.755510357383997,2.9393736996799995,cd059d9db6f099036b75c5dc285e403283cdc5fe9a1ff8933b46abc3abe01b09,4819,4519,True,True,4819,0.041175,-20.755510357383997,2.9393736996799995,cd059d9db6f099036b75c5dc285e403283cdc5fe9a1ff8933b46abc3abe01b09,4819,4519,True
SZV/IL_25_z2-55,25,45.0,True,True,2023.1,ENERGY,SZV-MOLOPT-GTH,True,True,29,1,20.0,89f71ff0bc9d2596c883382392566210d7cb0503e557a3540af4740081b843c3,5c634e91e2d0fa4f93815f008313559111f8ce48b25e3dbae6ca3535fc3e25c5,2328,1250,984,94,2.55,950d335a138d4b926cf164a32bd630eaee745a13f320a69b20d3804e5d0a97d0,300,5,1.0E-10,1.0E-5,6000,ATOMIC,300,[K]  300,XYZ,True,4815,0.041036,-20.751782397776,2.944326171568,51f93617657484ada1252e58dba6f1c4f407a584be20959a53418949aad8c898,4815,4515,True,True,4815,0.041036,-20.751782397776,2.944326171568,51f93617657484ada1252e58dba6f1c4f407a584be20959a53418949aad8c898,4815,4515,True
SZV/IL_25_z2-55,26,45.6,True,True,2023.1,ENERGY,SZV-MOLOPT-GTH,True,True,116,2,20.0,89f71ff0bc9d2596c883382392566210d7cb0503e557a3540af4740081b843c3,d168379a3ae33c6f328beef29c3d2c5d388f9c5971e1bcc3031c87b3af131b96,2324,1250,983,91,2.55,2c48b8e174f08ca57068fe2cd36fa0fae4a1a5ac8a199bf171d863de0a01f480,300,5,1.0E-10,1.0E-5,6000,ATOMIC,300,[K]  300,XYZ,True,4812,0.040615,-20.750666731032,2.9365165043599997,1a784587848f651366d66dcac572af0ec9f62c9ca8d571679e9e8a04f8d0735e,4812,4512,True,True,4811,0.040615,-20.750639519647997,2.9290605851439997,8ea67b1cbc024fd3505553ce8a91a252f1334c54db65c94c6f2c4af77fa8f449,4811,4511,True
SZV/IL_25_z2-55,27,46.2,True,True,2023.1,ENERGY,SZV-MOLOPT-GTH,True,True,96,2,20.0,89f71ff0bc9d2596c883382392566210d7cb0503e557a3540af4740081b843c3,25d8e4dda1dae9349cc9f3b1e44f31c94fb6563d940af061c42240f46128b6c0,2324,1250,983,91,2.55,094a755cc631ac108945fa3d69decdf63db11be26cd5b6d8e2f438d4c48fc037,300,5,1.0E-10,1.0E-5,6000,ATOMIC,300,[K]  300,XYZ,True,4812,0.040747,-20.753415080815998,2.9243258043280003,d14a90012b298d4915a2775e6d57f451495188a58fa709debc7e3a633dc0fa66,4812,4512,True,True,4811,0.040747,-20.7534422922,2.91950938936,28993855ceb640656a4670c562fd17262b044dccc892b0b120862dba289ffca8,4811,4511,True
SZV/IL_25_z2-55,28,46.8,True,True,2023.1,ENERGY,SZV-MOLOPT-GTH,True,True,64,2,20.0,89f71ff0bc9d2596c883382392566210d7cb0503e557a3540af4740081b843c3,82e50e2d6e005b1045915a9d468c90fc9e4699f06940bcb844ad27f6fd280d22,2322,1250,981,91,2.55,39a0ac197d4ceb390f46100c0a1681a2a697e1be91b3d15a7fd1d8fd4da5cdfd,300,5,1.0E-10,1.0E-5,6000,ATOMIC,300,[K]  300,XYZ,True,4808,0.040652,-20.749469430136,2.9313463414000003,923235546050b12a2fdc98869a88f0644875b45f36420f51d4242ac9d85d91e9,4808,4508,True,True,4807,0.040652,-20.749469430136,2.921196495168,8235f0ccec843f6886d88262dd8dc6281e4480d657dddb4da41a29914ae08f61,4807,4507,True
SZV/IL_25_z2-55,29,47.4,True,True,2023.1,ENERGY,SZV-MOLOPT-GTH,True,True,28,1,20.0,89f71ff0bc9d2596c883382392566210d7cb0503e557a3540af4740081b843c3,12908f5b2904dd207907fd459bbbbb98ef3583f8734880ec62af25cfba49a676,2318,1250,978,90,2.55,b7cee3cdd4c8eb4e9364bd824b63f45680e50d0edad4b86b187aa3b8b9e4fb9a,300,5,1.0E-10,1.0E-5,6000,ATOMIC,300,[K]  300,XYZ,True,4801,0.040217,-20.748081649552,2.9328701789039995,6d4c71d26e47cf40f5816dd38167932cdd0e2eeeb88dfd91105e8572d94076f3,4801,4501,True,True,4801,0.040217,-20.748081649552,2.9328701789039995,6d4c71d26e47cf40f5816dd38167932cdd0e2eeeb88dfd91105e8572d94076f3,4801,4501,True
SZV/IL_25_z2-55,2,31.2,True,True,2023.1,ENERGY,SZV-MOLOPT-GTH,True,True,365,2,20.0,89f71ff0bc9d2596c883382392566210d7cb0503e557a3540af4740081b843c3,88e72cdc89fbdde7afc015b4e5fc9cf5a1ade485d0afcc861c8360048fd19c65,2352,1250,1005,97,2.55,1e366269b1e6a8412d64950690425ba67db1e7cf0236ce4b1c222b6650fb921b,300,5,1.0E-10,1.0E-5,6000,ATOMIC,300,[K]  300,XYZ,True,4859,0.040517,-20.725305721144,2.9517548794,7b3079e855c9064adcd79265bab3f8ba35a11498a44d53949d125d370e1d8920,4859,4559,True,True,4858,0.040517,-20.725305721144,2.9503126760479996,e49360c9d3c5d90443a4e24f185b063ea6df9aeb7292a3a7bfaffa2f1cd164c5,4858,4558,True
SZV/IL_25_z2-55,30,48.0,True,True,2023.1,ENERGY,SZV-MOLOPT-GTH,True,True,28,1,20.0,89f71ff0bc9d2596c883382392566210d7cb0503e557a3540af4740081b843c3,f948b24683daacddc17ce97ca39b386d327f03202424cf16e230a348faf4404a,2318,1250,978,90,2.55,93103cb0aa27ed1701c921980ab573520c63047faf2fab9f3d646c73e6e13d53,300,5,1.0E-10,1.0E-5,6000,ATOMIC,300,[K]  300,XYZ,True,4801,0.040095,-20.74895241384,2.9345028619440003,87128207f77ce685adb0200788db9ad30682cb06884588175eb8a83d40e77f5c,4801,4501,True,True,4801,0.040095,-20.74895241384,2.9345028619440003,87128207f77ce685adb0200788db9ad30682cb06884588175eb8a83d40e77f5c,4801,4501,True
SZV/IL_25_z2-55,31,48.6,True,True,2023.1,ENERGY,SZV-MOLOPT-GTH,True,True,28,1,20.0,89f71ff0bc9d2596c883382392566210d7cb0503e557a3540af4740081b843c3,c97bb0169a1f1da86c74144063aea1bb71ac4c3dbb94bf94ac803b0a33cd7baf,2320,1250,980,90,2.55,4d9b3e31ccef6c5081e68b1cb2f7a3d9ba818fe6c6fc46eb427442c53f37620d,300,5,1.0E-10,1.0E-5,6000,ATOMIC,300,[K]  300,XYZ,True,4805,0.039839,-20.735074607999998,2.944108480496,831ba7c214603cd1bcb01a7998b4a695b275cbee6f5e35503bd0a89f29219f2b,4805,4505,True,True,4805,0.039839,-20.735074607999998,2.944108480496,831ba7c214603cd1bcb01a7998b4a695b275cbee6f5e35503bd0a89f29219f2b,4805,4505,True
SZV/IL_25_z2-55,32,49.2,True,True,2023.1,ENERGY,SZV-MOLOPT-GTH,True,True,96,2,20.0,89f71ff0bc9d2596c883382392566210d7cb0503e557a3540af4740081b843c3,612e477aea21feb165870bcf7825cfa6a567d4e5fd1402728b664126bdc75752,2314,1250,975,89,2.55,a018e0aa2d6cebe195e2f513f631f63a7c11c3acccaec48184e6ec12063bfea1,300,5,1.0E-10,1.0E-5,6000,ATOMIC,300,[K]  300,XYZ,True,4795,0.03943,-20.737061039032,2.935754585608,f1e25bbb3810cf78bf56b3858cf84eda71d05bcbb1280d3218f40b83abf5ddda,4795,4495,True,True,4794,0.03943,-20.737033827648,2.929686446976,4a60ea783384f51ed9bfccaf028ed4a315521a678af64b0511ee2ba492e1592c,4794,4494,True
SZV/IL_25_z2-55,33,49.8,True,True,2023.1,ENERGY,SZV-MOLOPT-GTH,True,True,55,2,20.0,89f71ff0bc9d2596c883382392566210d7cb0503e557a3540af4740081b843c3,13f6a6a81f56702fc56d21189274584e94fa430cc650ab5e233fe1f0e9f7299c,2316,1250,977,89,2.55,8dc52440471943b28377dd2cd675617a5d12543f4ec8fb0d5c32d60ccf0364e4,300,5,1.0E-10,1.0E-5,6000,ATOMIC,300,[K]  300,XYZ,True,4799,0.039757,-20.736952193496,2.925169357232,543d3271d6e3e007b25fd6d7b958656c6759638120036f17fa1842b2391168b6,4799,4499,True,True,4798,0.039757,-20.736952193496,2.9035907297200003,0edf8d838635f2cff3cccee07863c970616b3df656b12509ef17e3238d9a91c5,4798,4498,True
SZV/IL_25_z2-55,34,50.4,True,True,2023.1,ENERGY,SZV-MOLOPT-GTH,True,True,31,1,20.0,89f71ff0bc9d2596c883382392566210d7cb0503e557a3540af4740081b843c3,dd000e8ea2d954866a31709b594ee4ba823360b45ae4f2e5f1624f4f5e36dbba,2312,1250,974,88,2.55,81c1d1d7cf2075238ce6fefe13443dc484150f4a453d0e5420f8264125db056a,300,5,1.0E-10,1.0E-5,6000,ATOMIC,300,[K]  300,XYZ,True,4792,0.039063,-20.731047323168,2.909413965896,57d2dfbe300a37bceb7d190f552982df8716cfb61b739b411e5c551a985ce4db,4792,4492,True,True,4792,0.039063,-20.731047323168,2.909413965896,57d2dfbe300a37bceb7d190f552982df8716cfb61b739b411e5c551a985ce4db,4792,4492,True
SZV/IL_25_z2-55,35,51.0,True,True,2023.1,ENERGY,SZV-MOLOPT-GTH,True,True,34,1,20.0,89f71ff0bc9d2596c883382392566210d7cb0503e557a3540af4740081b843c3,89cc8937c26ac5d3e05010191f9fa6091f24b0870d2cd12f13ec9e7bf0f4b7a4,2312,1250,974,88,2.55,87dd6d314ec8a09580af99b9b618a09d42e4acf962b121d906e887ac99fe09b3,300,5,1.0E-10,1.0E-5,6000,ATOMIC,300,[K]  300,XYZ,True,4792,0.039193,-20.728244550616,2.9013049734639997,6cb1e217663c8e100e6d8ae1355dc300db60c9e8de5d942ed8892f465f817d24,4792,4492,True,True,4792,0.039193,-20.728244550616,2.9013049734639997,6cb1e217663c8e100e6d8ae1355dc300db60c9e8de5d942ed8892f465f817d24,4792,4492,True
SZV/IL_25_z2-55,36,51.6,True,True,2023.1,ENERGY,SZV-MOLOPT-GTH,True,True,31,1,20.0,89f71ff0bc9d2596c883382392566210d7cb0503e557a3540af4740081b843c3,675aea8a83afc334eec61bfb6d9739aefbe723e625a78254ec592ea297a757b4,2312,1250,974,88,2.55,bd9a7489e262f6ca16b9fb1f6d3f3724251de67f53b2dad227b947df00cfd7ac,300,5,1.0E-10,1.0E-5,6000,ATOMIC,300,[K]  300,XYZ,True,4792,0.03913,-20.726611867575997,2.9010872823920004,0defed26e2a255d6ef04b482f86a8c4dbde80bb54497c4d5f07433486d830688,4792,4492,True,True,4792,0.03913,-20.726611867575997,2.9010872823920004,b4e997794f4278434a2491e861b021b4b0697434927955a4d914211f4165a46c,4792,4492,True
SZV/IL_25_z2-55,37,52.2,True,True,2023.1,ENERGY,SZV-MOLOPT-GTH,True,True,34,1,20.0,89f71ff0bc9d2596c883382392566210d7cb0503e557a3540af4740081b843c3,edca594b58f74c3112bb55d8fea680481a0cee032960400c3257d60f12188999,2312,1250,974,88,2.55,de0eb6e034165858017deb70798be95300402d7285e0daa3124f09dfdc71218c,300,5,1.0E-10,1.0E-5,6000,ATOMIC,300,[K]  300,XYZ,True,4792,0.03887,-20.735591624296,2.9036995752559993,3b8192e8c9968cc834962de1b9d7a2205f39dfaa149e36313a92443f7d06153d,4792,4492,True,True,4792,0.03887,-20.735591624296,2.9036995752559993,3b8192e8c9968cc834962de1b9d7a2205f39dfaa149e36313a92443f7d06153d,4792,4492,True
SZV/IL_25_z2-55,38,52.8,True,True,2023.1,ENERGY,SZV-MOLOPT-GTH,True,True,36,1,20.0,89f71ff0bc9d2596c883382392566210d7cb0503e557a3540af4740081b843c3,0fafbd768f4f9e590b822e68ddb8366c819ffcf92f03e32f9b0b57ceadbb5113,2306,1250,970,86,2.55,ec08e1fab1c97aeabd1fc7529fd0d360377aa93d0cac0aee6c5c3a18b8d41e51,300,5,1.0E-10,1.0E-5,6000,ATOMIC,300,[K]  300,XYZ,True,4783,0.039072,-20.740843421407998,2.9060125428959998,72a48bfabc29d73cbdc9d6af8678960a7147b24fddea0d57c2474a9cc50fd9ef,4783,4483,True,True,4783,0.039072,-20.740843421407998,2.9060125428959998,72a48bfabc29d73cbdc9d6af8678960a7147b24fddea0d57c2474a9cc50fd9ef,4783,4483,True
SZV/IL_25_z2-55,39,53.4,True,True,2023.1,ENERGY,SZV-MOLOPT-GTH,True,True,37,1,20.0,89f71ff0bc9d2596c883382392566210d7cb0503e557a3540af4740081b843c3,44042b7655b088177f805cbf0b5b40e5076ae7db52a833de688198ca188cc29b,2306,1250,970,86,2.55,5a75eeaadd3cbb59f325ec90d1c283522b1b408576fa8a0b80566fe75f984647,300,5,1.0E-10,1.0E-5,6000,ATOMIC,300,[K]  300,XYZ,True,4783,0.038756,-20.738856990376,2.912543275056,5b490aa196e0885a88e418e5f44f5a0865675c1cc5b5ac8fa541ff6c225c9a3c,4783,4483,True,True,4783,0.038756,-20.738856990376,2.912543275056,5b490aa196e0885a88e418e5f44f5a0865675c1cc5b5ac8fa541ff6c225c9a3c,4783,4483,True
SZV/IL_25_z2-55,3,31.8,True,True,2023.1,ENERGY,SZV-MOLOPT-GTH,True,True,20,1,20.0,89f71ff0bc9d2596c883382392566210d7cb0503e557a3540af4740081b843c3,1613b411eee183193e808f6e09f3f2fdbd2d6fbe94fc1d0b61a2eac6f45ab87a,2360,1250,1010,100,2.55,057740f54403249cde532d5bd3659da09569a172bf21c9fae24bb9f01dce3393,300,5,1.0E-10,1.0E-5,6000,ATOMIC,300,[K]  300,XYZ,True,4870,0.039617,-20.693686092935998,2.987347369672,fd50a3aa793f7f7164939fdcd9f4cb2e547ff33e06b0d9db5aa369731d909bc1,4870,4570,True,True,4870,0.039617,-20.693686092935998,2.987347369672,fd50a3aa793f7f7164939fdcd9f4cb2e547ff33e06b0d9db5aa369731d909bc1,4870,4570,True
SZV/IL_25_z2-55,40,54.0,True,True,2023.1,ENERGY,SZV-MOLOPT-GTH,True,True,39,1,20.0,89f71ff0bc9d2596c883382392566210d7cb0503e557a3540af4740081b843c3,2caf798a72ff90d4f84348e20f24d2b80989a6ffc67ac6cf35dc7eb44b0829f2,2306,1250,970,86,2.55,d63dd63ad526ddd67b40082569fa5e51187ba61e36651e8e8ac1a16755b8476a,300,5,1.0E-10,1.0E-5,6000,ATOMIC,300,[K]  300,XYZ,True,4783,0.038647,-20.76106147972,2.920108039808,2769aa71e21a56bbf48e95ab42836baad8d8c301b1186b6e9572b3a03230aa64,4783,4483,True,True,4783,0.038647,-20.76106147972,2.920108039808,a617023d42b7ea7e8284261e0df374150369773404aefdf67910829a20caa2df,4783,4483,True
SZV/IL_25_z2-55,41,54.6,True,True,2023.1,ENERGY,SZV-MOLOPT-GTH,True,True,43,1,20.0,89f71ff0bc9d2596c883382392566210d7cb0503e557a3540af4740081b843c3,7f825ddacbf238083c87b5f051ff136c1ce7c3c8bcbee5431575e692f59bae26,2304,1250,968,86,2.55,1a30cbdbc2600c5d8bdff492d5c3dedef60a0ce32376a2ba86c2cac9ecf73fda,300,5,1.0E-10,1.0E-5,6000,ATOMIC,300,[K]  300,XYZ,True,4779,0.039386,-20.7881368068,2.8953184689839997,86f1f4b66a30fd4dd7d814a5943333ba4617d9668c310d1dadcbeb63bc53c73f,4779,4479,True,True,4779,0.039386,-20.7881368068,2.8953184689839997,2fa4c8e1007ff6a171e1fb800ee062c978fa66387ece472f19d4a0299669119f,4779,4479,True
SZV/IL_25_z2-55,42,55.2,True,True,2023.1,ENERGY,SZV-MOLOPT-GTH,True,True,384,2,20.0,89f71ff0bc9d2596c883382392566210d7cb0503e557a3540af4740081b843c3,bed27f0c36633fe146283d48a16dbdbb748ad7bd0dbdd4cd5bca9e3a9f2a8157,2302,1250,967,85,2.55,a22e8667dbebb77520e595f02561ab777b491b0b9b6abda7b75a9e9f21482143,300,5,1.0E-10,1.0E-5,6000,ATOMIC,300,[K]  300,XYZ,True,4777,0.039006,-20.780844155887998,2.89515520068,59576ee23d315181963a954a7c63eec3dc95935e4b78b47011a5c74ae5899b3d,4777,4477,True,True,4776,0.039006,-20.780816944503997,2.8947742413039994,4e9ec7eb65eebc30a132cf368c10b0981ce8c34f059396e57b0f7d82a4d199a1,4776,4476,True
SZV/IL_25_z2-55,43,55.8,True,True,2023.1,ENERGY,SZV-MOLOPT-GTH,True,True,183,2,20.0,89f71ff0bc9d2596c883382392566210d7cb0503e557a3540af4740081b843c3,55dce6dbe07b1f60155629d6f2ef8a0697cac2dba688aec60bb51f59c91cde30,2308,1250,971,87,2.55,d456f23253dbcca5fd8828d4bb4dc4ff5fd6e767ca559eddadafc25b2d78c52e,300,5,1.0E-10,1.0E-5,6000,ATOMIC,300,[K]  300,XYZ,True,4786,0.040306,-20.804545271351998,2.8593450193359993,09097c04259bde3e693327542cc8d5b91a46b22b80047b575b2850b83f13c240,4786,4486,True,True,4785,0.040306,-20.804545271351998,2.854583027136,1ef5293c220c20632d118d7f9c5800fc5eba13072451c8416908a9c8af95090b,4785,4485,True
SZV/IL_25_z2-55,44,56.4,True,True,2023.1,ENERGY,SZV-MOLOPT-GTH,True,True,191,2,20.0,89f71ff0bc9d2596c883382392566210d7cb0503e557a3540af4740081b843c3,7c543f246d076ee2431ed46071ca160a59658c8a6bc99d1d4af2cda943a964e6,2304,1250,967,87,2.55,35b701bd42e01c13d56ce8f0d215d1e7745727ffbbbf08f5003367b53b99a788,300,5,1.0E-10,1.0E-5,6000,ATOMIC,300,[K]  300,XYZ,True,4778,0.040972,-20.858641502744,2.8383106195039995,ef548a930ee72cc6ed03aa882e7dfdf3e0f56d495484412acba154c4770a4d19,4778,4478,True,True,4777,0.040972,-20.858641502744,2.8342561232879997,2424cad421356c9e598c1fd90231a7e247f0ba7244607e2c62e4f4d27d49ad6e,4777,4477,True
SZV/IL_25_z2-55,45,57.0,True,True,2023.1,ENERGY,SZV-MOLOPT-GTH,True,True,55,1,20.0,89f71ff0bc9d2596c883382392566210d7cb0503e557a3540af4740081b843c3,f27d7ec042bccd91d4f09d8cbb926198341119df6bee889ab16da9337364b428,2296,1250,960,86,2.55,3a32d3a75d13a353cd27a1f01e2ba42cdbbbf7ae38bc7d13788cbce94471850c,300,5,1.0E-10,1.0E-5,6000,ATOMIC,300,[K]  300,XYZ,True,4763,0.039654,-20.882995691424,2.884379492616,ed2f96ecea7878a46acc47b1625b0672815347ddfd9544d37efce14a3d5a398f,4763,4463,True,True,4763,0.039654,-20.882995691424,2.884379492616,4d1a0b03a019ca7d97578497ed93a66ae6f429b677cf4a1656620c5310a54fb2,4763,4463,True
SZV/IL_25_z2-55,46,57.6,True,True,2023.1,ENERGY,SZV-MOLOPT-GTH,True,True,328,2,20.0,89f71ff0bc9d2596c883382392566210d7cb0503e557a3540af4740081b843c3,c2a1317385ecf216b111509317cacb3f780a5b0c45d9661adc7ebbb754e01c51,2302,1250,967,85,2.55,c4b3c1a9dd177a05bcc62c9a278cd8dc9d3eebb715b6701238ab19b8b03da395,300,5,1.0E-10,1.0E-5,6000,ATOMIC,300,[K]  300,XYZ,True,4777,0.041397,-20.862940901416,2.8494672869439994,1423e7255a4324d08d913987a8887b19759a90a15958754fdd0bb4e2bf55a449,4777,4477,True,True,4776,0.041397,-20.8629681128,2.843154245856,9e3c1150e4689c3ddcc3d5a9094b92b99cc31df1d389d25ed2e0f18d19b7961b,4776,4476,True
SZV/IL_25_z2-55,47,58.2,True,True,2023.1,ENERGY,SZV-MOLOPT-GTH,True,True,238,2,20.0,89f71ff0bc9d2596c883382392566210d7cb0503e557a3540af4740081b843c3,e379774dca3afc82a0b648e41ae43bd1a64615fb1c30b466ec23a547a8c97617,2292,1250,957,85,2.55,a8d4278c31f7eac92d545510445b412a68a6b68116015c98a1bbea9f640b057b,300,5,1.0E-10,1.0E-5,6000,ATOMIC,300,[K]  300,XYZ,True,4757,0.040419,-20.959214778007997,2.859399442104,adcabe8feb578d5d6ca62c1ad44f1663d4d9d33e72dbb00c9250bf489810008e,4757,4457,True,True,4756,0.040419,-20.959323623543998,2.8527598644079997,ba9876027b8c85f544b12cfbc1f38a889d1a319e641b436634833adc2dfbbe06,4756,4456,True
SZV/IL_25_z2-55,48,58.8,True,True,2023.1,ENERGY,SZV-MOLOPT-GTH,True,True,700,2,20.0,89f71ff0bc9d2596c883382392566210d7cb0503e557a3540af4740081b843c3,383a5f2ff2b321fe792587e3e030b99e4e991854b35f82d8953021c178cf5b24,2290,1250,955,85,2.55,4213e9bc6f1ad66dd884bd30befc2c83a890fa2ed84f31726b1265a937277777,300,5,1.0E-10,1.0E-5,6000,ATOMIC,300,[K]  300,XYZ,True,4753,0.039194,-20.848709347584,2.9041077460159994,26633c636795b4b6c026c205be03341b417e97faff7e9148be86b1713c96b35b,4753,4453,True,True,4752,0.039194,-20.848763770351997,2.902747176816,11906d2ee62146b3c80e3973cfbd277b8bb79e0b8d7be7dbc8cdf3449f40d832,4752,4452,True
SZV/IL_25_z2-55,49,59.4,True,True,2023.1,ENERGY,SZV-MOLOPT-GTH,True,True,267,2,20.0,89f71ff0bc9d2596c883382392566210d7cb0503e557a3540af4740081b843c3,0f333b1a58b185d8a7d2cb592abf32fab61b4ce9569c32cd61d26e9d26c8dc31,2316,1250,981,85,2.55,763e1e75331c00bfda298983ae7e08e75f2783d49753abc7704c7c67962276b5,300,5,1.0E-10,1.0E-5,6000,ATOMIC,300,[K]  300,XYZ,True,4805,0.041542,-20.909853327432,2.842610018176,96ff9e614c52259945221855e0ba88fdbf81b58f3725dedb7f7df5858cfcc276,4805,4505,True,True,4804,0.041542,-20.909744481896,2.8417936766559997,2ab8b66724e3c1ac64678ac1eac364b49e9dd81f25fc544c9d3d0d7884f4e307,4804,4504,True
SZV/IL_25_z2-55,4,32.4,True,True,2023.1,ENERGY,SZV-MOLOPT-GTH,True,True,24,2,20.0,89f71ff0bc9d2596c883382392566210d7cb0503e557a3540af4740081b843c3,196f8bc7b0cd94f892c699095c7acc1eaa4d1ba92b7ee6e160689d035f87817a,2354,1250,1005,99,2.55,e89d70dc31f6aacf69c000a972c9c14485a1c7192a104ce49021bfc4c2fb9007,300,5,1.0E-10,1.0E-5,6000,ATOMIC,300,[K]  300,XYZ,True,4860,0.041268,-20.744707437935997,2.942584642992,3408697f4560b77a0388b04bfbd2040d4e5a50cc72dc9eac544def632685d45d,4860,4560,True,True,4859,0.041268,-20.744680226552,2.9357817969920004,3d19ca8ee90cbfe002d551fbaa4fd6905d361df0b7f6ea9673dcabf264e415e2,4859,4559,True
SZV/IL_25_z2-55,50,60.0,True,True,2023.1,ENERGY,SZV-MOLOPT-GTH,True,True,93,1,20.0,89f71ff0bc9d2596c883382392566210d7cb0503e557a3540af4740081b843c3,b883a20973cfb1bada7d04baab9fcfef6afb5cfdd51d118f5b89f60d1457b11b,2320,1250,986,84,2.55,f0e1562c67a66cc974196c1e46c13180da28ce467385afd8f09ee68b3bec708c,300,5,1.0E-10,1.0E-5,6000,ATOMIC,300,[K]  300,XYZ,True,4814,0.040306,-20.775701204312,2.853957165304,a8a02c61aef931a4c5818964d94b507b88f3712da697b4126859d7a2e2c91c0f,4814,4514,True,True,4814,0.040306,-20.775728415695998,2.853957165304,90fc9d0fde59f4540ab9e3db801f6cfc92910bdb77a6214672f20bfe959b77a5,4814,4514,True
SZV/IL_25_z2-55,5,33.0,True,True,2023.1,ENERGY,SZV-MOLOPT-GTH,True,True,21,1,20.0,89f71ff0bc9d2596c883382392566210d7cb0503e557a3540af4740081b843c3,2b60e8e24b8f0a2a9168b7792c2c93c00cf6d9f9eca09c2865a6ff7da189f15f,2358,1250,1008,100,2.55,9fb2e5bfc9a5e2b82c28dcf0adc75f355b28c1034aac590a55680e212f3e08a7,300,5,1.0E-10,1.0E-5,6000,ATOMIC,300,[K]  300,XYZ,True,4866,0.041032,-20.731156168703997,2.9448159764799997,d326b717b82a1857f80bc6893c5ef487f1655c681875251fc5351d8eca22206c,4866,4566,True,True,4866,0.041032,-20.731156168703997,2.9448159764799997,d326b717b82a1857f80bc6893c5ef487f1655c681875251fc5351d8eca22206c,4866,4566,True
SZV/IL_25_z2-55,6,33.6,True,True,2023.1,ENERGY,SZV-MOLOPT-GTH,True,True,21,2,20.0,89f71ff0bc9d2596c883382392566210d7cb0503e557a3540af4740081b843c3,ae6382f1f4699407917fc6528a2c679910bd7dd9853e39fb2731c089ca71de92,2362,1250,1013,99,2.55,5669956bf9238bdf68c94c4181acaee50267e4ff8123473ad29ecb609b947632,300,5,1.0E-10,1.0E-5,6000,ATOMIC,300,[K]  300,XYZ,True,4876,0.041268,-20.731700396384,2.945958854608,5f59c824b8b171cea738dfcab8800a6927de03f311a79ec1b4b62222838c79aa,4876,4576,True,True,4875,0.041268,-20.731700396384,2.9447887650960003,398d5e1e7be6bc82f2c43e3031f8b076add327b91e69211c4088f8d448b72e37,4875,4575,True
SZV/IL_25_z2-55,7,34.2,True,True,2023.1,ENERGY,SZV-MOLOPT-GTH,True,True,20,1,20.0,89f71ff0bc9d2596c883382392566210d7cb0503e557a3540af4740081b843c3,5c6b1ff3694dd0cffadbaaa97e723bf3e8e857829500e11f360addc4e9e74c17,2354,1250,1004,100,2.55,d78f9e79b2947a52c1242d2a0545d5f6a62fe93d03ab6862dd93bc052629f61f,300,5,1.0E-10,1.0E-5,6000,ATOMIC,300,[K]  300,XYZ,True,4858,0.041656,-20.748326552008,2.927046942728,b706c022d7b17936ddf67d74dce37cd543d930276b420b18466937bbbeb71c6f,4858,4558,True,True,4858,0.041656,-20.748326552008,2.927046942728,b706c022d7b17936ddf67d74dce37cd543d930276b420b18466937bbbeb71c6f,4858,4558,True
SZV/IL_25_z2-55,8,34.8,True,True,2023.1,ENERGY,SZV-MOLOPT-GTH,True,True,22,1,20.0,89f71ff0bc9d2596c883382392566210d7cb0503e557a3540af4740081b843c3,7517d24b00afc4d13cc97991408656440a4e543bf425d427fb97add8b891c33e,2346,1250,998,98,2.55,5c5b42bb94b16f162423ef0e5875747249347f30db5168fe7e76ab9babf8cb42,300,5,1.0E-10,1.0E-5,6000,ATOMIC,300,[K]  300,XYZ,True,4845,0.041177,-20.750639519648,2.9285435688479997,831a34930d3cee8e2790d6e3bcfbdb03a65799a9420e9e138a0f58b69927dae8,4845,4545,True,True,4845,0.041177,-20.750639519648,2.9285435688479997,831a34930d3cee8e2790d6e3bcfbdb03a65799a9420e9e138a0f58b69927dae8,4845,4545,True
SZV/IL_25_z2-55,9,35.4,True,True,2023.1,ENERGY,SZV-MOLOPT-GTH,True,True,29,2,20.0,89f71ff0bc9d2596c883382392566210d7cb0503e557a3540af4740081b843c3,3f3519bd684637c046776c76daab40d09f1661f96ec5816f7966169de76e1d61,2352,1250,1003,99,2.55,21e56b5317cff621652f4642a5ee1a093d7e4ae9f780c77e8cb445c6c570eb22,300,5,1.0E-10,1.0E-5,6000,ATOMIC,300,[K]  300,XYZ,True,4856,0.041567,-20.746122429904,2.927210211032,32bbd1cf41a343024ca89dbf111f7659027997cb763e4c1c74fc687b66b0e914,4856,4556,True,True,4855,0.041567,-20.74609521852,2.9240264791039996,83dbb98de85299457245df35306a3e8fc67ec144ffa659007e70e7ae7f0aa9c2,4855,4555,True
SZV/IL_25_z2-70,0,30.0,True,True,2023.1,ENERGY,SZV-MOLOPT-GTH,True,True,20,2,20.0,89f71ff0bc9d2596c883382392566210d7cb0503e557a3540af4740081b843c3,ef29c2a94928cf69a61f21a985c239618c97f38e88a473cf3f59b30f11a7e42b,2358,1250,1009,99,2.7,0496d5bf1109d68102cae23727cd8c78fac03f12c6f671060a20cf314aa8ed20,300,5,1.0E-10,1.0E-5,6000,ATOMIC,300,[K]  300,XYZ,True,4868,0.040314,-20.592133207847997,2.9143936491679994,a872e7d62afb9aaf8bcb88c3b05143fa38637f991c2bb524c3233d823d1ed2e6,4868,4568,True,True,4867,0.040314,-20.592133207847997,2.9130330799679998,0f57851687eb7dd5f74b32ce07a36be886d1aace1edefda58f3b60077e224796,4867,4567,True
SZV/IL_25_z2-70,10,36.0,True,True,2023.1,ENERGY,SZV-MOLOPT-GTH,True,True,64,2,20.0,89f71ff0bc9d2596c883382392566210d7cb0503e557a3540af4740081b843c3,4753a287a51f12e7bbe0d1a5b560a70cfbd5992630686941ad9c048ebf46b292,2348,1250,999,99,2.7,7392f9e4c433e6615ae0987a220c3401443352252157caf5cf288d00eea62598,300,5,1.0E-10,1.0E-5,6000,ATOMIC,300,[K]  300,XYZ,True,4848,0.041102,-20.623453510831997,2.8650866213599997,16a3cbb40b07765f450ee9c803e18b01c033fae77714ec946efcb1a7f3793ea2,4848,4548,True,True,4847,0.041102,-20.623453510831997,2.860814434072,e39ea30a717c46566ddaa06152847b51442e9a0d59c202af19069e3977b75fd0,4847,4547,True
SZV/IL_25_z2-70,11,36.6,True,True,2023.1,ENERGY,SZV-MOLOPT-GTH,True,True,24,1,20.0,89f71ff0bc9d2596c883382392566210d7cb0503e557a3540af4740081b843c3,3d90d068b3f5cd82752177a7609446e0f448302c88509d3cf29f817fffcf16a4,2350,1250,1002,98,2.7,35f2d6c3bccf09d8f1fce5ca4a0baf2e54cdb5a2a8d573afa3209105f1a00e05,300,5,1.0E-10,1.0E-5,6000,ATOMIC,300,[K]  300,XYZ,True,4853,0.041392,-20.628378771336,2.8626375968,3e777dba01bf82d8f176e7a31043deaad2ab5ecd4711c731c4623d41440ba4a4,4853,4553,True,True,4853,0.041392,-20.628378771336,2.8626375968,3e777dba01bf82d8f176e7a31043deaad2ab5ecd4711c731c4623d41440ba4a4,4853,4553,True
SZV/IL_25_z2-70,12,37.2,True,True,2023.1,ENERGY,SZV-MOLOPT-GTH,True,True,22,1,20.0,89f71ff0bc9d2596c883382392566210d7cb0503e557a3540af4740081b843c3,9d773c5d7c0a5e3338a528c9063d705b9f203fbafb6463ffe851e5954d575d0e,2346,1250,998,98,2.7,2b5c13a0a418e69e9ad04042a23da9583ac885aadaab000e7d529ae0e15a9d2b,300,5,1.0E-10,1.0E-5,6000,ATOMIC,300,[K]  300,XYZ,True,4845,0.041174,-20.628514828256,2.8602974177759997,8f35ffdcfda16470bd645a086335c87496f90aa6e72a8bd2853dcdc517662bf7,4845,4545,True,True,4845,0.041174,-20.628514828256,2.8602974177759997,8f35ffdcfda16470bd645a086335c87496f90aa6e72a8bd2853dcdc517662bf7,4845,4545,True
SZV/IL_25_z2-70,13,37.8,True,True,2023.1,ENERGY,SZV-MOLOPT-GTH,True,True,23,1,20.0,89f71ff0bc9d2596c883382392566210d7cb0503e557a3540af4740081b843c3,dbf21253e36248ce29139edf4ef821f3a42f54c911812b625d2f0d671b4cb333,2346,1250,998,98,2.7,4ee206e636887d04f1e491fbbdd78246c87438380437267759daff3e15012240,300,5,1.0E-10,1.0E-5,6000,ATOMIC,300,[K]  300,XYZ,True,4845,0.041343,-20.632406056167998,2.8594810762560003,15509924b2dd10bc2c1fa983b770afd9cf8ffcb5c7797b952aa9edef9f88fae2,4845,4545,True,True,4845,0.041343,-20.632406056167998,2.8594810762560003,15509924b2dd10bc2c1fa983b770afd9cf8ffcb5c7797b952aa9edef9f88fae2,4845,4545,True
SZV/IL_25_z2-70,14,38.4,True,True,2023.1,ENERGY,SZV-MOLOPT-GTH,True,True,38,2,20.0,89f71ff0bc9d2596c883382392566210d7cb0503e557a3540af4740081b843c3,9b00a8c42ef9a7b920639ceef714b542587145b2971ac32380bfdbdb8c553481,2342,1250,995,97,2.7,f0a310a8da3d34704c3c6dde2062639bdb2428fe809cd1c8dd436619e4856bab,300,5,1.0E-10,1.0E-5,6000,ATOMIC,300,[K]  300,XYZ,True,4839,0.041044,-20.627780120887998,2.8674812231519997,95d9c2ffd3237040c808732f4dfd63fb13b0051a9e078f64f1f4f4aa43d66343,4839,4539,True,True,4838,0.041044,-20.627780120887998,2.858773580272,4d8ea4f35b6feda6d2010679510cf8c9630ce4d942d5703259c2d4b02d68484e,4838,4538,True
SZV/IL_25_z2-70,15,39.0,True,True,2023.1,ENERGY,SZV-MOLOPT-GTH,True,True,86,2,20.0,89f71ff0bc9d2596c883382392566210d7cb0503e557a3540af4740081b843c3,7a2ac665d96b26363614abb2a84b9d1965107e4c5482d05e453e975ea03c10a9,2344,1250,997,97,2.7,64f989fdeaf5f948f4fcfa58a76f511f15dbd93009b798c00707a0470ed2dd5d,300,5,1.0E-10,1.0E-5,6000,ATOMIC,300,[K]  300,XYZ,True,4843,0.041329,-20.628569251023997,2.859399442104,bd8c611a5d708c167b3b597b90d2bf3ea6b65b95b1a6536aaf6697aab96390d1,4843,4543,True,True,4842,0.041329,-20.628569251023997,2.857821181832,1b4475c26d9994a593773c5874491b83bd57cafb6198ebf4ae6902d299a203b4,4842,4542,True
SZV/IL_25_z2-70,16,39.6,True,True,2023.1,ENERGY,SZV-MOLOPT-GTH,True,True,44,2,20.0,89f71ff0bc9d2596c883382392566210d7cb0503e557a3540af4740081b843c3,d72eea503c100b6ee2ab1abfb36bed4567cee71610b3c1930c11c3799d265a72,2348,1250,1001,97,2.7,20ee6cfc7c952903cfc1d7dacf4d2ae88cd6c370f2647e44ed886e029a5c4be7,300,5,1.0E-10,1.0E-5,6000,ATOMIC,300,[K]  300,XYZ,True,4851,0.041459,-20.628759730711998,2.8628552878719997,df5c7a54da624d519deec9f4ed1d3259d71378fb6d85ece9776563d79ae45306,4851,4551,True,True,4850,0.041459,-20.628732519328,2.858909637192,9b2cbcba198e89d67ee18c51a26ab091cce304c340137b3675215243c11058b1,4850,4550,True
SZV/IL_25_z2-70,17,40.2,True,True,2023.1,ENERGY,SZV-MOLOPT-GTH,True,True,27,1,20.0,89f71ff0bc9d2596c883382392566210d7cb0503e557a3540af4740081b843c3,150b375e84963b9d84dba455182e54ad1c3bf1b5240bd4217d91fd98e3c966af,2342,1250,996,96,2.7,da300f8cf49ab78f930ea0ce5697e5c99768ee67b30e9d4e3fa0a18aefd1a6d5,300,5,1.0E-10,1.0E-5,6000,ATOMIC,300,[K]  300,XYZ,True,4840,0.041535,-20.635181617336,2.852052368424,139817b9dd8a5b6ffa81da5ed84dcc6639eb0beaac553dbbe25fe03ebe924aac,4840,4540,True,True,4840,0.041535,-20.635181617336,2.852052368424,139817b9dd8a5b6ffa81da5ed84dcc6639eb0beaac553dbbe25fe03ebe924aac,4840,4540,True
SZV/IL_25_z2-70,18,40.8,True,True,2023.1,ENERGY,SZV-MOLOPT-GTH,True,True,29,1,20.0,89f71ff0bc9d2596c883382392566210d7cb0503e557a3540af4740081b843c3,5c841a93c04ef9a161295a453e44714fb53e3b3380fb2a8cec3f5fd5605bfb4c,2336,1250,990,96,2.7,1bd84a15a707e56e9ebfbc24e97c401033bdfff4e6d38654634beb479c1edcb1,300,5,1.0E-10,1.0E-5,6000,ATOMIC,300,[K]  300,XYZ,True,4828,0.041116,-20.63357614568,2.8569776289279996,7fa8c055b118aa214312cfb0def4a94fc140efd8c39babc4cf1b64fece3df496,4828,4528,True,True,4828,0.041116,-20.63357614568,2.8569776289279996,7fa8c055b118aa214312cfb0def4a94fc140efd8c39babc4cf1b64fece3df496,4828,4528,True
SZV/IL_25_z2-70,19,41.4,True,True,2023.1,ENERGY,SZV-MOLOPT-GTH,True,True,34,1,20.0,89f71ff0bc9d2596c883382392566210d7cb0503e557a3540af4740081b843c3,c0b9b2ca6bc2ebc395a536f162baef9a155bdc13a2488f5a1e2d468f15a3e2c8,2334,1250,988,96,2.7,7a6e2fe30fd7ebd5de03fdfd0599cf49a4c212e2b76172006bfe16a642cfb4c8,300,5,1.0E-10,1.0E-5,6000,ATOMIC,300,[K]  300,XYZ,True,4824,0.041029,-20.632133942328,2.8574130110719995,afbecbf0435789f0e282314bdb8f68a88ee9c629654081b918c222fc4bebab67,4824,4524,True,True,4824,0.041029,-20.632133942328,2.8574130110719995,afbecbf0435789f0e282314bdb8f68a88ee9c629654081b918c222fc4bebab67,4824,4524,True
SZV/IL_25_z2-70,1,30.6,True,True,2023.1,ENERGY,SZV-MOLOPT-GTH,True,True,20,2,20.0,89f71ff0bc9d2596c883382392566210d7cb0503e557a3540af4740081b843c3,3b9ba9a790d9616c2a39ad1de6faa2f242747e58a9b31bde5f029a5cd66134c8,2358,1250,1009,99,2.7,9bd131c51812465c96c3dc72fe34d25b2f245cd1c7e75387958e4a7459f0483f,300,5,1.0E-10,1.0E-5,6000,ATOMIC,300,[K]  300,XYZ,True,4868,0.040537,-20.598772785544,2.901631510072,9e33523945590c1d60dec01758abe390092a60e63004e55e35722a5828a854b8,4868,4568,True,True,4867,0.040537,-20.598772785544,2.8989920058240006,e5923819f71ad08dea5cee0cd63fb73f16eaa0d44f5b3f4cf052e10b6ed39c60,4867,4567,True
SZV/IL_25_z2-70,20,42.0,True,True,2023.1,ENERGY,SZV-MOLOPT-GTH,True,True,141,2,20.0,89f71ff0bc9d2596c883382392566210d7cb0503e557a3540af4740081b843c3,a61aab4024fefc25bcb0e9ee96cb49f9db725f79d94355d53a0ee61890b818c9,2334,1250,989,95,2.7,245231bc10de33ce13e81189437edf6b4166416bc946a2416cf42b9d35cbb0e4,300,5,1.0E-10,1.0E-5,6000,ATOMIC,300,[K]  300,XYZ,True,4826,0.041136,-20.635644210863997,2.860515108848,ee04404cd8b7855709869eae39db6203328f634d92be0755abfda950d3deb68b,4826,4526,True,True,4825,0.041136,-20.635644210863997,2.8594810762559995,10caa5e0dbea2bd243b8344641aa943a86bc39051d6fb9f5beb8c790aa789985,4825,4525,True
SZV/IL_25_z2-70,21,42.6,True,True,2023.1,ENERGY,SZV-MOLOPT-GTH,True,True,117,2,20.0,89f71ff0bc9d2596c883382392566210d7cb0503e557a3540af4740081b843c3,93a051d1cd610c8176e7f497bb2ad03d8aab22f43730b15087b134c3c7180436,2334,1250,989,95,2.7,150b75f9c0edfb0ab3608b33559265ad3c60f029f647748e7b1983e731c1c4fb,300,5,1.0E-10,1.0E-5,6000,ATOMIC,300,[K]  300,XYZ,True,4826,0.04083,-20.63194346264,2.869113906192,a0ba95018f0562e0b6d39182922868cda486ca2ea5bafd584c6af894976dea1c,4826,4526,True,True,4825,0.04083,-20.63194346264,2.8678621825279995,df843251d85c87fdd6e73ad21abe46da7c1e0f883255bac39709e7e7f815d4b9,4825,4525,True
SZV/IL_25_z2-70,22,43.2,True,True,2023.1,ENERGY,SZV-MOLOPT-GTH,True,True,34,1,20.0,89f71ff0bc9d2596c883382392566210d7cb0503e557a3540af4740081b843c3,bfa79790d2073747776404e49aaf68ba36f32c37df20364f0a59807250ee76f5,2332,1250,988,94,2.7,1960fca442e2a205e25363a9dd5259ccc6f3d80dd72c808b533a9ea647db8986,300,5,1.0E-10,1.0E-5,6000,ATOMIC,300,[K]  300,XYZ,True,4823,0.041157,-20.638229292344,2.866120653952,64ddda28633a4ce2e7234fae5c14f9f5e76edec345cd52d1bbc8024b69211187,4823,4523,True,True,4823,0.041157,-20.638229292344,2.866120653952,ae14c0dac4faac275322cefa7f6d01d35547e835239cc8d427128d2f9aa9a8d7,4823,4523,True
SZV/IL_25_z2-70,23,43.8,True,True,2023.1,ENERGY,SZV-MOLOPT-GTH,True,True,92,2,20.0,89f71ff0bc9d2596c883382392566210d7cb0503e557a3540af4740081b843c3,f02f6d43d49461b8a51499381f64ae532914494a48921a66b39eb8604ff40779,2328,1250,985,93,2.7,110be6770b03c10e51bbadfb1830d9d5f5cf6fe7a956f15ff1e67a10d8ec00ae,300,5,1.0E-10,1.0E-5,6000,ATOMIC,300,[K]  300,XYZ,True,4817,0.040764,-20.635861901936,2.8772501100079997,07063d8d4006fef0aaebb098f55ce8d67553cff746f3ade6e34a6c9c343cdb38,4817,4517,True,True,4816,0.040764,-20.635834690552002,2.870746589232,28cd71f2b55dd865a015a7e25111343c3276cf9ecb26ecba035292929ddb9270,4816,4516,True
SZV/IL_25_z2-70,24,44.4,True,True,2023.1,ENERGY,SZV-MOLOPT-GTH,True,True,33,1,20.0,89f71ff0bc9d2596c883382392566210d7cb0503e557a3540af4740081b843c3,8316e80c413500f67fd31f7975dac6bfcd1e28eeb7ed462ac8f7d7f27fb16210,2330,1250,986,94,2.7,5f87a130ae82a64d556e40156c10fdb346ba3a797b77ae7284d277b9179fabb6,300,5,1.0E-10,1.0E-5,6000,ATOMIC,300,[K]  300,XYZ,True,4819,0.040779,-20.628433194103998,2.8801617280959997,3b8eac28fd1ff7400114019150c0fbea4b001bcd7c95c3d1639db56f29fa4588,4819,4519,True,True,4819,0.040779,-20.628433194103998,2.8801617280959997,74dbde8072ae3ac5e4630c7ee6d9594fdd36b46d6b3b96fc4759e768f6b01ec3,4819,4519,True
SZV/IL_25_z2-70,25,45.0,True,True,2023.1,ENERGY,SZV-MOLOPT-GTH,True,True,36,1,20.0,89f71ff0bc9d2596c883382392566210d7cb0503e557a3540af4740081b843c3,617b63250583febe20afbfe73fc8343ce5d243fd2ecb67efda9c9d85d80caa53,2328,1250,984,94,2.7,e909bc67a5d0bc1ff5fe07bc304af308e1089fb4887e2d4f11e25ab7e48a35b2,300,5,1.0E-10,1.0E-5,6000,ATOMIC,300,[K]  300,XYZ,True,4815,0.040577,-20.625712055704,2.89066532232,8f857dd9649169078a3ddf1897487471d651a20b1810e2186d9d6644ae151ae6,4815,4515,True,True,4815,0.040577,-20.625712055704,2.89066532232,8f857dd9649169078a3ddf1897487471d651a20b1810e2186d9d6644ae151ae6,4815,4515,True
SZV/IL_25_z2-70,26,45.6,True,True,2023.1,ENERGY,SZV-MOLOPT-GTH,True,True,104,2,20.0,89f71ff0bc9d2596c883382392566210d7cb0503e557a3540af4740081b843c3,ab59254f30200cd09c9e7a984b5934ffa5193d66fbbc732708bc3556c65d01c3,2324,1250,983,91,2.7,c0f8d28e6f005c3cf4203ffb682d1e725738d31330bae442870299cc9c3bf236,300,5,1.0E-10,1.0E-5,6000,ATOMIC,300,[K]  300,XYZ,True,4812,0.040248,-20.6201065106,2.886202655344,bd4f0e512ebaea11634760d0de8916d468ba325f70188c09f6f2c6c9716ba338,4812,4512,True,True,4811,0.040248,-20.620079299216,2.8835903624799992,704d067007d3cfbb6b01b2c6f6dac89582ece1c38d455164bc409a1976872ebf,4811,4511,True
SZV/IL_25_z2-70,27,46.2,True,True,2023.1,ENERGY,SZV-MOLOPT-GTH,True,True,147,2,20.0,89f71ff0bc9d2596c883382392566210d7cb0503e557a3540af4740081b843c3,d1fcd722a8dcd873590ec0a94882d5a7852cc02c4addc5b0a953f35e3abf23dc,2324,1250,983,91,2.7,b23a4ea259bc81b8410d67f35f8b3c963c2335ee5b2c8eb545a7b94b587695b1,300,5,1.0E-10,1.0E-5,6000,ATOMIC,300,[K]  300,XYZ,True,4812,0.040377,-20.625195039408,2.8823114274320005,6a38a06b1b48c713ff57642cc03854abb6dff632755129bfa03f2d8a922831f3,4812,4512,True,True,4811,0.040377,-20.625222250791996,2.877984817376,b1c84fa9f77d638d98546a9db4a27618bc3cd09deeed75e5779d611a5d2cb5e5,4811,4511,True
SZV/IL_25_z2-70,28,46.8,True,True,2023.1,ENERGY,SZV-MOLOPT-GTH,True,True,99,2,20.0,89f71ff0bc9d2596c883382392566210d7cb0503e557a3540af4740081b843c3,8b643a173079c4bf9a91e5e37da21b1896dcc01a437bd0f9a374a4ee8a3ab4dc,2322,1250,981,91,2.7,e0a82820dcc3c2e18a302a10fec6b22267e7384750bdb00f34996c7ee5617eb2,300,5,1.0E-10,1.0E-5,6000,ATOMIC,300,[K]  300,XYZ,True,4808,0.04025,-20.621711982256,2.8873999562399995,119ec729cfb062e2b71cb31db571f09cd7e47651cb4e0c9be82e6795eebd31ff,4808,4508,True,True,4807,0.04025,-20.621711982256,2.8791549068879996,03b1fd87aa0a37d2e70489c6eee971daf6e995fd0e8c807f188b2ab6c2e736be,4807,4507,True
SZV/IL_25_z2-70,29,47.4,True,True,2023.1,ENERGY,SZV-MOLOPT-GTH,True,True,37,1,20.0,89f71ff0bc9d2596c883382392566210d7cb0503e557a3540af4740081b843c3,3c1cbe4c6e4b91d30d5adb89ca5f6608a4b658c4e1c4f03a518a4987b6ca0f95,2318,1250,978,90,2.7,6f4346be7a15b5221943409273201295fa7b6e2624b3cebfe4425d53e353b0f8,300,5,1.0E-10,1.0E-5,6000,ATOMIC,300,[K]  300,XYZ,True,4801,0.0398,-20.614936347639997,2.8900938832559997,592847d35fe524c96d18c2487ed5cd833161921c6f65ea8ba007c3ff12a5aea9,4801,4501,True,True,4801,0.0398,-20.614936347639997,2.8900938832559997,5fcfb8cd6fc846630f7ba22e9de8f67d398d276dfe6a27307cb584a3e6b2bc32,4801,4501,True
SZV/IL_25_z2-70,2,31.2,True,True,2023.1,ENERGY,SZV-MOLOPT-GTH,True,True,48,2,20.0,89f71ff0bc9d2596c883382392566210d7cb0503e557a3540af4740081b843c3,fb3209d0fadc21e9b28556fc69f5a8bec750ae00a551d680dc0790a50af7eb5d,2352,1250,1005,97,2.7,eda135d46c24221605e81f096809e2de5dafe199d5c1b2b37bc7998f3fe85e32,300,5,1.0E-10,1.0E-5,6000,ATOMIC,300,[K]  300,XYZ,True,4859,0.040408,-20.6078613878,2.8915360866079998,d59dea7c111b921f8fbd4354f81f5e60026eb26e15c08617042a75464cf09e45,4859,4559,True,True,4858,0.040408,-20.6078613878,2.885005354448,242d008cd35e602e8b13ea72e8f066d384067e4adc6d4cf359cd077330051750,4858,4558,True
SZV/IL_25_z2-70,30,48.0,True,True,2023.1,ENERGY,SZV-MOLOPT-GTH,True,True,38,1,20.0,89f71ff0bc9d2596c883382392566210d7cb0503e557a3540af4740081b843c3,ead8e3dcce842239d5af7d87bfe0e9b030d9e62db34e13bd77c002427e966bed,2318,1250,978,90,2.7,be90225dfe661a06c975b184236ad79eeff90d8be79e54004ef4302ae90454f4,300,5,1.0E-10,1.0E-5,6000,ATOMIC,300,[K]  300,XYZ,True,4801,0.039709,-20.609466859456,2.897930761848,21f284eaea4faab620405dafcae7096162cc59ccd1c67648eccab88555c2fa4b,4801,4501,True,True,4801,0.039709,-20.609466859456,2.897930761848,21f284eaea4faab620405dafcae7096162cc59ccd1c67648eccab88555c2fa4b,4801,4501,True
SZV/IL_25_z2-70,31,48.6,True,True,2023.1,ENERGY,SZV-MOLOPT-GTH,True,True,36,1,20.0,89f71ff0bc9d2596c883382392566210d7cb0503e557a3540af4740081b843c3,190a6aa9ebff262bd69a4cb784c76aae1d1d2bbe893041d37c785f6f0c7e7669,2320,1250,980,90,2.7,9c061767bc8a93fbec082fd11cb5806a58065e584f5ff8c6dc82d6f9ad199240,300,5,1.0E-10,1.0E-5,6000,ATOMIC,300,[K]  300,XYZ,True,4805,0.039432,-20.597902021256,2.905413892448,4df2836e0cc388822b98f7476e4cd222456ec0c25e1ebd642000c85bdfdcde9f,4805,4505,True,True,4805,0.039432,-20.597902021256,2.905413892448,b6b0f4594d985ee92c63052f7e2f9e52a5ad7d3ef3825cc89b12246c271e7adc,4805,4505,True
SZV/IL_25_z2-70,32,49.2,True,True,2023.1,ENERGY,SZV-MOLOPT-GTH,True,True,117,2,20.0,89f71ff0bc9d2596c883382392566210d7cb0503e557a3540af4740081b843c3,cf4c8d6b05be85671f83ecc5039d72f77bf126d07432ed7d13ed4b8aa2fc761c,2314,1250,975,89,2.7,5b9e902a45e535bc99ef692152657999f7f3ebef21a58029e3a02e897c20b3de,300,5,1.0E-10,1.0E-5,6000,ATOMIC,300,[K]  300,XYZ,True,4795,0.038968,-20.598500671704,2.910447998488,c5e21718983e58818be53c7c65aab4704e033db76610eee9414875a981a75e0a,4795,4495,True,True,4794,0.038968,-20.598527883088,2.905441103832,edecbd24d3f83a973c73b95d4d4ea073fdbaaaf8323dd9e46f9c6cfc12b7ecef,4794,4494,True
SZV/IL_25_z2-70,33,49.8,True,True,2023.1,ENERGY,SZV-MOLOPT-GTH,True,True,169,2,20.0,89f71ff0bc9d2596c883382392566210d7cb0503e557a3540af4740081b843c3,8751632755ab6b29ffd9374b160f06fc8ec22323a6ec6d37ae1e6b703dda49d6,2316,1250,977,89,2.7,da24ccfabd053d0be71bced8307a4b67a6697b0ea1ac46c00538a4f13db24ba0,300,5,1.0E-10,1.0E-5,6000,ATOMIC,300,[K]  300,XYZ,True,4799,0.039291,-20.60337150944,2.8883251432960004,54fcf265406cc4b933f534c75f8ba52657121355452c1c0ddc8f13d5347433df,4799,4499,True,True,4798,0.039291,-20.603398720824,2.884080167392,ee898ead7db6ac95e0c7671c94986a8b11cebd7490c644bc9058a91d81236023,4798,4498,True
SZV/IL_25_z2-70,34,50.4,True,True,2023.1,ENERGY,SZV-MOLOPT-GTH,True,True,41,1,20.0,89f71ff0bc9d2596c883382392566210d7cb0503e557a3540af4740081b843c3,fc496f44cd441b01d1589bf75ac8792394596a02e51092fa99df9636e1b7b1fe,2312,1250,974,88,2.7,3162a8dd1d67b304ee366eb08261e742b32377f598815d24d2d0ff12c1fae5fd,300,5,1.0E-10,1.0E-5,6000,ATOMIC,300,[K]  300,XYZ,True,4792,0.038626,-20.592786281064,2.892678964736,88f9946de1c5d6c39336daf85fd2f202c1672abbb5c79c7bbfd4fcdd97410469,4792,4492,True,True,4792,0.038626,-20.592786281064,2.892678964736,09966a3ec6bead6dd78d9f056b08139c85905e0fea1d75e96353a7b9352b96fc,4792,4492,True
SZV/IL_25_z2-70,35,51.0,True,True,2023.1,ENERGY,SZV-MOLOPT-GTH,True,True,41,1,20.0,89f71ff0bc9d2596c883382392566210d7cb0503e557a3540af4740081b843c3,ec73b7f52e0392d3f6db3d154ace12dcf28ba799fb4c6a411d3dd40b5a5ab0b0,2312,1250,974,88,2.7,0d9e2e67f5805186cc91228e5491b1020b0dca1d5f9c17f2af2dedbd15781517,300,5,1.0E-10,1.0E-5,6000,ATOMIC,300,[K]  300,XYZ,True,4792,0.038628,-20.584269117871997,2.886964574096,8adddb4b181911df6deb13ece952163c8a75a2bd24fa5ceb4860799d2b88ce08,4792,4492,True,True,4792,0.038628,-20.584269117871997,2.886964574096,f7625808c56a15cf566647c09af3e8d6e21e2c46d4fae75fdfe9c308369126fa,4792,4492,True
SZV/IL_25_z2-70,36,51.6,True,True,2023.1,ENERGY,SZV-MOLOPT-GTH,True,True,37,1,20.0,89f71ff0bc9d2596c883382392566210d7cb0503e557a3540af4740081b843c3,030b0c2f04d2e3828c7364c212cf0fb1150a463b6e3c5552734beacde54dd531,2312,1250,974,88,2.7,0a076f49a1adc9c92b27b084d0976d4a3016bdf33219a3ee9da353ca7099f14b,300,5,1.0E-10,1.0E-5,6000,ATOMIC,300,[K]  300,XYZ,True,4792,0.038591,-20.585330361848,2.8863931350319993,9a0cd9d61641ca4c32f1b5cc0c6093be77c51c9d970aee7989d2d872152b195e,4792,4492,True,True,4792,0.038591,-20.585330361848,2.8863931350319993,53b7441fa2f3df2221fa1a0ff70d607b9f20afe57aeb75d9a976f71e9e8de945,4792,4492,True
SZV/IL_25_z2-70,37,52.2,True,True,2023.1,ENERGY,SZV-MOLOPT-GTH,True,True,41,1,20.0,89f71ff0bc9d2596c883382392566210d7cb0503e557a3540af4740081b843c3,2c31c4f37ca1b7da6623dd7234b029406df2de22d12cd33e6f9cf1598d2b269b,2312,1250,974,88,2.7,8dd9ee2920a2da4789a3105f1139430128e9961478e1484818a05cdd99fcf664,300,5,1.0E-10,1.0E-5,6000,ATOMIC,300,[K]  300,XYZ,True,4792,0.038154,-20.58840524824,2.886692460256,ad6e74af5e3d18b6dc63940d0ac8d3c2689213c6cb1cfad475b855c0fd0c2770,4792,4492,True,True,4792,0.038154,-20.58840524824,2.886692460256,c132463edca48a23aa8ff63ed938d8800a0a1bd78771074db720e60fce049e5d,4792,4492,True
SZV/IL_25_z2-70,38,52.8,True,True,2023.1,ENERGY,SZV-MOLOPT-GTH,True,True,42,1,20.0,89f71ff0bc9d2596c883382392566210d7cb0503e557a3540af4740081b843c3,dff7c1cc60fefd6a3088b8cb31e8c05a3578776b6a2e12d7eabf18a0fb2190de,2306,1250,970,86,2.7,b11d5d0b143f6037b3261d4322125366a544646e98aaf21fefc5ec41333b3a88,300,5,1.0E-10,1.0E-5,6000,ATOMIC,300,[K]  300,XYZ,True,4783,0.038191,-20.590228410968,2.8806243216240004,fe30f38dac8f21ecbbc6d2ffbe0e472127b29988bd78daef6f52368a4cbf1942,4783,4483,True,True,4783,0.038191,-20.590228410968,2.8806243216240004,c5697140806ca4944342a46a4d80e82b774702cd1c18fa24321d0a0435630c52,4783,4483,True
SZV/IL_25_z2-70,39,53.4,True,True,2023.1,ENERGY,SZV-MOLOPT-GTH,True,True,41,1,20.0,89f71ff0bc9d2596c883382392566210d7cb0503e557a3540af4740081b843c3,b10bf10822b23e6e0c8e6eda13c0c74f745642d93ab029448e4066b594d005f6,2306,1250,970,86,2.7,4b5cfe2ccd2bef43d32729a39b0c58c8e8cb0866dc3c6ff3ad9a4ca93ac9a43f,300,5,1.0E-10,1.0E-5,6000,ATOMIC,300,[K]  300,XYZ,True,4783,0.037828,-20.58228268684,2.8941755908560003,b20faa04381ce0d9e6bbd13bad0b1c261f5c7a272e784fda9f2fa517cf26e630,4783,4483,True,True,4783,0.037828,-20.58228268684,2.8941755908560003,fb2d94c8a014b405209c028f375e48bfe49deefb6d6c4aae0784242ba1702a2c,4783,4483,True
SZV/IL_25_z2-70,3,31.8,True,True,2023.1,ENERGY,SZV-MOLOPT-GTH,True,True,20,1,20.0,89f71ff0bc9d2596c883382392566210d7cb0503e557a3540af4740081b843c3,a2cf8ef19e19a889f56f166a9b27cf139ad1c0ea5677a5d6d70be5843b883760,2360,1250,1010,100,2.7,b29f83a8ec2254bfa8ff172d04a4e7ba1c520bf343914295bbe770f3e485b5a5,300,5,1.0E-10,1.0E-5,6000,ATOMIC,300,[K]  300,XYZ,True,4870,0.039305,-20.560350311336,2.930230674656,d97e56854eb3bf4ebafb09287a7f3a0a457f6ab7297ec2d01ed2b15f8cb13d91,4870,4570,True,True,4870,0.039305,-20.560350311336,2.930230674656,d97e56854eb3bf4ebafb09287a7f3a0a457f6ab7297ec2d01ed2b15f8cb13d91,4870,4570,True
SZV/IL_25_z2-70,40,54.0,True,True,2023.1,ENERGY,SZV-MOLOPT-GTH,True,True,43,1,20.0,89f71ff0bc9d2596c883382392566210d7cb0503e557a3540af4740081b843c3,1e5e7ce28d75f2f1cd5110d9658976766ed86c24ed60c7560bcd2f906f1c54c2,2306,1250,970,86,2.7,f0e324babeeadd7ddcca999407cd32863adc1b02392b567ef56934cc2fc177f4,300,5,1.0E-10,1.0E-5,6000,ATOMIC,300,[K]  300,XYZ,True,4783,0.037375,-20.604759290024003,2.904570339544,e03d8a0ff0759ac7f2db8e547270e3934a28326b836e8a11cce06c7435825552,4783,4483,True,True,4783,0.037375,-20.604759290024003,2.904570339544,eeadd2884cb621beed5874059dba5b0e07bcf25380a3abfb2ea72ffeab6813d8,4783,4483,True
SZV/IL_25_z2-70,41,54.6,True,True,2023.1,ENERGY,SZV-MOLOPT-GTH,True,True,47,1,20.0,89f71ff0bc9d2596c883382392566210d7cb0503e557a3540af4740081b843c3,27250b575d7abb0c8de79536b99d0373d787952967df3934bf582c412b04d1ad,2304,1250,968,86,2.7,2ec3021ab8a22d2eae6f42ce44078b4bec0da349bddea9ff3c51d756621ae8cc,300,5,1.0E-10,1.0E-5,6000,ATOMIC,300,[K]  300,XYZ,True,4779,0.037708,-20.62228342132,2.9004614205600006,69cc942ad7092764250ec8f3f9c5a24178bd64082b7e2a095416681f8ad86f50,4779,4479,True,True,4779,0.037708,-20.62228342132,2.9004614205600006,25b063725caa4f5f4be74aca3a4327ebb10cfe3e969e5ae33c22c86da77af4ab,4779,4479,True
SZV/IL_25_z2-70,42,55.2,True,True,2023.1,ENERGY,SZV-MOLOPT-GTH,True,True,477,2,20.0,89f71ff0bc9d2596c883382392566210d7cb0503e557a3540af4740081b843c3,c61dfd5c7b6f9a10a430b4644645cab8de460b68bf3915213a577cc169ef0ccd,2302,1250,967,85,2.7,edf84bae329ac4a100e288b5179a9ddddb8ec0a6a98e7c32a2df75349ac9ee93,300,5,1.0E-10,1.0E-5,6000,ATOMIC,300,[K]  300,XYZ,True,4777,0.037291,-20.594935980399995,2.901522664536,14b4f4b07a2ae947ac0c341f1d23cb70bcfea1b7ca9be0a6f81df66f8ce1ae92,4777,4477,True,True,4776,0.037291,-20.594963191783997,2.8974953797040004,9a486b7c5e2d1f0d47ef8ce437fdca628735fc3a1995ffe80276e8b597dbcbf3,4776,4476,True
SZV/IL_25_z2-70,43,55.8,True,True,2023.1,ENERGY,SZV-MOLOPT-GTH,True,True,283,2,20.0,89f71ff0bc9d2596c883382392566210d7cb0503e557a3540af4740081b843c3,3a01efdee16624c4fe2bae901c05f3fce7670f1027eec6a3e9fd29cdf6250dd3,2308,1250,971,87,2.7,b5350e1cb70a2f53bb7c5ffe245e5c51003e46568604bec8601adfed6726c101,300,5,1.0E-10,1.0E-5,6000,ATOMIC,300,[K]  300,XYZ,True,4786,0.038414,-20.613983949199998,2.8634539383199997,60b95ab608885dc7317ff98dd82f7d250ccf61f8b9ec3735a3e223bb9b73fdcd,4786,4486,True,True,4785,0.038414,-20.613983949199998,2.859263385184,cf41f3966db906a1caf2fee281939e1b2efebe469719738e6cfc8fff79510434,4785,4485,True
SZV/IL_25_z2-70,44,56.4,True,True,2023.1,ENERGY,SZV-MOLOPT-GTH,True,True,665,2,20.0,89f71ff0bc9d2596c883382392566210d7cb0503e557a3540af4740081b843c3,7913bd94ad6dd34746bd5c82e4d3f71c8ba2cc5c522676edcce20bd31f7ec4f7,2304,1250,967,87,2.7,9a262cda8e5b470a30a1ebefb684dfa3d0bc450d7dfc99fcaf41e06cbd6186ee,300,5,1.0E-10,1.0E-5,6000,ATOMIC,300,[K]  300,XYZ,True,4778,0.038721,-20.673740148464,2.849521709712,e6d94017305553e46bb716204761dff322eee021c28d4559a97d69e8a04ee372,4778,4478,True,True,4777,0.038721,-20.673685725696,2.842038579112,6d1ef6dde8d18ac89d8039cf382c51e3dcea0df92482dad302870690b920e4ed,4777,4477,True
SZV/IL_25_z2-70,45,57.0,True,True,2023.1,ENERGY,SZV-MOLOPT-GTH,True,True,62,1,20.0,89f71ff0bc9d2596c883382392566210d7cb0503e557a3540af4740081b843c3,c07794c6d95a6143865daafeb0912249d157b4138a805baf848f1146ce6c5bd2,2296,1250,960,86,2.7,da7ddd2b074d36f6458a8afc37672f85ceaefa555175c3ca4ba66f0ffc2f21c3,300,5,1.0E-10,1.0E-5,6000,ATOMIC,300,[K]  300,XYZ,True,4763,0.038042,-20.692624848959998,2.8823386388160004,d56a0c7edf78de35f1324567f88e37c5a32a1b8a7c79ff9590f0b5d684be028c,4763,4463,True,True,4763,0.038042,-20.692624848959998,2.8823386388160004,5bc80a3916e48fde317b25d14c9520b9860bf7a0556999273ee962b56fd940d4,4763,4463,True
SZV/IL_25_z2-70,46,57.6,True,True,2023.1,ENERGY,SZV-MOLOPT-GTH,True,True,358,2,20.0,89f71ff0bc9d2596c883382392566210d7cb0503e557a3540af4740081b843c3,4cad2dcd0c7af69e1b5d6e10a44e7ce65f080cb6943763cb7fb6b6f5fdb87782,2302,1250,967,85,2.7,efccbcc5f0f0119db62658064a7fe5302bc977e1041acab35b84652681088f5d,300,5,1.0E-10,1.0E-5,6000,ATOMIC,300,[K]  300,XYZ,True,4777,0.03874,-20.642120520256,2.8802433622479997,6cfa40d220e0b7384e717b2d97ed740615b07d1dc384f53f2804996d1f254245,4777,4477,True,True,4776,0.03874,-20.642093308872,2.8756446383519996,1e7715b256323378193edef99e04e85071ffcb552963d0caf15eac48ba48abd0,4776,4476,True
SZV/IL_25_z2-70,47,58.2,True,True,2023.1,ENERGY,SZV-MOLOPT-GTH,True,True,325,2,20.0,89f71ff0bc9d2596c883382392566210d7cb0503e557a3540af4740081b843c3,31b1d3396f0521a396c30e39726954b2cb213c0ada2a8befe1de51181b7f45ce,2292,1250,957,85,2.7,6fe101c4df82a3d38bbac3767f2b2cac64b0122a4670cc17a84e96ee4725d05a,300,5,1.0E-10,1.0E-5,6000,ATOMIC,300,[K]  300,XYZ,True,4757,0.038,-20.727700322936,2.8921891598239995,3db4a34fc28bd343b4773f3cc2bfdacc35ea1f3114876df683b1cdc1c573e15d,4757,4457,True,True,4756,0.038,-20.727918014008,2.8861210211919994,5414f7d207030fc626261e4c53eba5001dc3324d43e20eeb23b30a675e5a0e85,4756,4456,True
SZV/IL_25_z2-70,48,58.8,True,True,2023.1,ENERGY,SZV-MOLOPT-GTH,True,True,764,2,20.0,89f71ff0bc9d2596c883382392566210d7cb0503e557a3540af4740081b843c3,89ed54039bf89a7f07a01c46438c6c3903896c74b2720799092ed359cb1bfc39,2290,1250,955,85,2.7,28038ff413dc97e601110b4f0b02c140270d04d1a70b72033b0f9befca18e70c,300,5,1.0E-10,1.0E-5,6000,ATOMIC,300,[K]  300,XYZ,True,4753,0.037056,-20.658039179895997,2.9279449183999997,847c02886c807f345d72f716679b24033a18787d4e67502677d01f3c7fa81487,4753,4453,True,True,4752,0.037056,-20.658011968512,2.9259312759839995,55be9d59507e26da135ed4d2b596be89ab73d700ce2f916626f6a3fea4e475bd,4752,4452,True
SZV/IL_25_z2-70,49,59.4,True,True,2023.1,ENERGY,SZV-MOLOPT-GTH,True,True,183,2,20.0,89f71ff0bc9d2596c883382392566210d7cb0503e557a3540af4740081b843c3,aa81d65fa9ad401860fb755fc19f61ac6ad5777bbee287fd7adac2b94d089aff,2316,1250,981,85,2.7,e4da267dad6ea89083b353ebde1c09bdd67090ef84b07657169d259d8c7bcdc2,300,5,1.0E-10,1.0E-5,6000,ATOMIC,300,[K]  300,XYZ,True,4805,0.039612,-20.678502140663998,2.844895774432,31cdb858268b277cef9ef357e60c7ea42d647721d2ce28ac27beffd789b7f1d3,4805,4505,True,True,4804,0.039612,-20.678529352048,2.8363241884719996,c7940de7632fbbc17c55e75c45e41612d10fa9c1477f18f12c4558e13274eaca,4804,4504,True
SZV/IL_25_z2-70,4,32.4,True,True,2023.1,ENERGY,SZV-MOLOPT-GTH,True,True,33,2,20.0,89f71ff0bc9d2596c883382392566210d7cb0503e557a3540af4740081b843c3,794b496726aa2720af8e36691f2c6335390ae7408d3a523070dea526619052cc,2354,1250,1005,99,2.7,6af53c3a2aef3ca704a4315e63a84b9b2275a74e518c38e92d5b750c11c6e867,300,5,1.0E-10,1.0E-5,6000,ATOMIC,300,[K]  300,XYZ,True,4860,0.041068,-20.619807185376,2.875127622056,1ee8c865b6976d4a7dbb66033b88a4ed3a67228000b4dc5754d679c4981ac76a,4860,4560,True,True,4859,0.041068,-20.619779973992,2.871426873832,8e9757c13e25a1a3db2117e8743114eca56ea97a10cb80be7a0d92832a7bdbae,4859,4559,True
SZV/IL_25_z2-70,50,60.0,True,True,2023.1,ENERGY,SZV-MOLOPT-GTH,True,True,116,1,20.0,89f71ff0bc9d2596c883382392566210d7cb0503e557a3540af4740081b843c3,f63e738e00f0f32337670b23bad0874b845f3b6760d732eec6dc02df1b3f1f01,2320,1250,986,84,2.7,809e330f11ee096e09e02c6fbcd27d5fd4ae14efb64045c51c87e5a090be2171,300,5,1.0E-10,1.0E-5,6000,ATOMIC,300,[K]  300,XYZ,True,4814,0.039223,-20.593929159191998,2.844596449208,90471e3874debc552ca3cc29c5c00f64a5ad95b39ec3e13647192d0610615620,4814,4514,True,True,4814,0.039223,-20.593929159191998,2.8445692378239995,b15cae87e414b5717bdaa703f11a5fc9195ebe9571de126193c86c62d3c0b34f,4814,4514,True
SZV/IL_25_z2-70,5,33.0,True,True,2023.1,ENERGY,SZV-MOLOPT-GTH,True,True,20,1,20.0,89f71ff0bc9d2596c883382392566210d7cb0503e557a3540af4740081b843c3,f7df0a9e81320d1b70e14e7733953b898893f6e65147a83f43eb16bc4acdac8e,2358,1250,1008,100,2.7,8c19a54e36ab79ca94421192b7f982d9919ea85df9157b858654a1b778dbfd28,300,5,1.0E-10,1.0E-5,6000,ATOMIC,300,[K]  300,XYZ,True,4866,0.040929,-20.604650444487998,2.8732772479440003,b7e374aa0e5b3a5ad8726892ef30eadd00fedd2842f0755275801743cceeccd0,4866,4566,True,True,4866,0.040929,-20.604650444487998,2.8732772479440003,b7e374aa0e5b3a5ad8726892ef30eadd00fedd2842f0755275801743cceeccd0,4866,4566,True
SZV/IL_25_z2-70,6,33.6,True,True,2023.1,ENERGY,SZV-MOLOPT-GTH,True,True,23,2,20.0,89f71ff0bc9d2596c883382392566210d7cb0503e557a3540af4740081b843c3,7fcb58fcf945f6b425e2efb6560c2512b22c8763015bf96afeced3acfde0e705,2362,1250,1013,99,2.7,09d8e79a642a88cf71c4e1386d357471d42123b192695c6f0a27da7b57a404c8,300,5,1.0E-10,1.0E-5,6000,ATOMIC,300,[K]  300,XYZ,True,4876,0.041108,-20.604922558328,2.8767875164799994,9ebf3d5c3deee8590c2178c8aaa128ce541f02a841592a87e3632f8b83f173eb,4876,4576,True,True,4875,0.041108,-20.604922558328,2.8724609064239996,1846af1f05f839402c4743860fd4c37e6968aa862b5e7141628cde678f7f9084,4875,4575,True
SZV/IL_25_z2-70,7,34.2,True,True,2023.1,ENERGY,SZV-MOLOPT-GTH,True,True,22,1,20.0,89f71ff0bc9d2596c883382392566210d7cb0503e557a3540af4740081b843c3,59c26cad676a4c6e6ea9bce1c4a1b032f8cd04a3ff7db7b0036117458d3b952c,2354,1250,1004,100,2.7,734ed321b44d5e2353480373b316a2c0dd0b4a290de5239bd1a310822fc87444,300,5,1.0E-10,1.0E-5,6000,ATOMIC,300,[K]  300,XYZ,True,4858,0.041548,-20.625113405256002,2.8511816041360003,1c4849b76500954a66d99fd7f306496f768bc84bc7777358725ac17032b1fbef,4858,4558,True,True,4858,0.041548,-20.625113405256002,2.8511816041360003,1c4849b76500954a66d99fd7f306496f768bc84bc7777358725ac17032b1fbef,4858,4558,True
SZV/IL_25_z2-70,8,34.8,True,True,2023.1,ENERGY,SZV-MOLOPT-GTH,True,True,20,1,20.0,89f71ff0bc9d2596c883382392566210d7cb0503e557a3540af4740081b843c3,e1cb7254a5a01ecde8dc80711eaefbcb48ff12717488608598b9c4e00ac18608,2346,1250,998,98,2.7,69beb3d9185762c87e7c6c92e87d829c607e88bbf06e959297791a467200255e,300,5,1.0E-10,1.0E-5,6000,ATOMIC,300,[K]  300,XYZ,True,4845,0.04096,-20.624161006816,2.8611137592960003,da9ec697d018fe9fa1cb0ac64b0bb3fbc87330d140bbf535c8edd1cbb1eb248e,4845,4545,True,True,4845,0.04096,-20.624161006816,2.8611137592960003,2660c30ba8c131549829f4fb16602460e7f5d7ca88514a3ec7047baad948d59c,4845,4545,True
SZV/IL_25_z2-70,9,35.4,True,True,2023.1,ENERGY,SZV-MOLOPT-GTH,True,True,48,2,20.0,89f71ff0bc9d2596c883382392566210d7cb0503e557a3540af4740081b843c3,c7f1dfa12f3591e863368f2d79a6f219bd3e8a9e976c83ccd9c1e3d8b49911a8,2352,1250,1003,99,2.7,9d98ee7f578e8366d0a1faa4dfb6961932ee5aa589a5f188059efca53277831e,300,5,1.0E-10,1.0E-5,6000,ATOMIC,300,[K]  300,XYZ,True,4856,0.041457,-20.628705307944,2.860379051928,e380faaa396362b938e8cdbc35eda59eebbe24dff298c07446143c4adcafd163,4856,4556,True,True,4855,0.041457,-20.628705307944,2.851916311504,ecb0d868a348e7a1e30946f3a27be3269109aeba31b2b3ce0a9d135655f26acb,4855,4555,True
SZV/IL_25_z2-85,0,30.0,True,True,2023.1,ENERGY,SZV-MOLOPT-GTH,True,True,20,2,20.0,89f71ff0bc9d2596c883382392566210d7cb0503e557a3540af4740081b843c3,ed2628a8993c03e6d03c23082415be59ea43e28e4295346e548708b67459fe21,2358,1250,1009,99,2.84,0085960c2e41a24a02fa72fd7d885388959fa18bfe05ce96dd745936bc635b15,300,5,1.0E-10,1.0E-5,6000,ATOMIC,300,[K]  300,XYZ,True,4868,0.040078,-20.570391312032,2.8489502706479994,95ebb281b32e49da57accbb626d86bd0332fa68bd3cdf137cdd0a0a0fba100bc,4868,4568,True,True,4867,0.040078,-20.570391312032,2.8420930018800004,daaca749604233baa7fbe2e4963ba779bb900f00e2b77310b1ead4d6542a7449,4867,4567,True
SZV/IL_25_z2-85,10,36.0,True,True,2023.1,ENERGY,SZV-MOLOPT-GTH,True,True,30,2,20.0,89f71ff0bc9d2596c883382392566210d7cb0503e557a3540af4740081b843c3,7bed4b8ff698966bda5f84ebffb5ceaf502500d7303870251aab7d5405fddba1,2348,1250,999,99,2.84,f6713fe405c8e56b1a0135fb8b572195acc356d669837406f235224a1150c8bc,300,5,1.0E-10,1.0E-5,6000,ATOMIC,300,[K]  300,XYZ,True,4848,0.040793,-20.5976571188,2.816214975696,02cb6cd89032fdcd2c3163ea91c826a85583951535cd2ef05194946269c0cb7d,4848,4548,True,True,4847,0.040793,-20.597684330184,2.8070991620559997,7d51dd77c89b20131308ee9eea32c85975c6389a08add4ecce3a91668271cef7,4847,4547,True
SZV/IL_25_z2-85,11,36.6,True,True,2023.1,ENERGY,SZV-MOLOPT-GTH,True,True,23,1,20.0,89f71ff0bc9d2596c883382392566210d7cb0503e557a3540af4740081b843c3,1bb1097a482a5b00277e6ec36576c5aa919c8025857deb0212c35537b7b96c7e,2350,1250,1002,98,2.84,e3372112a1552399ef34f500e4695bed8110913bbfc6be595cb5dc3819cb9db3,300,5,1.0E-10,1.0E-5,6000,ATOMIC,300,[K]  300,XYZ,True,4853,0.041043,-20.599425858760004,2.8041331212,5d020e8577ad158bcd05310358d14531adcaca8c75ca862116d1feaec361c59c,4853,4553,True,True,4853,0.041043,-20.599425858760004,2.8041331212,5d020e8577ad158bcd05310358d14531adcaca8c75ca862116d1feaec361c59c,4853,4553,True
SZV/IL_25_z2-85,12,37.2,True,True,2023.1,ENERGY,SZV-MOLOPT-GTH,True,True,23,1,20.0,89f71ff0bc9d2596c883382392566210d7cb0503e557a3540af4740081b843c3,5b50bb2b3fb0d72659a0ce0d959f2aa6c0b432424e46b179b0c61eca4e16184d,2346,1250,998,98,2.84,737b085b6f44a9a2a79855b22283738fcfaea669715d2a311226268dcec3d908,300,5,1.0E-10,1.0E-5,6000,ATOMIC,300,[K]  300,XYZ,True,4845,0.040832,-20.596405395136,2.808731845096,7999ceffd068794d21b89d1e2895dc5afc43e765b5a701308088b5baf9940b67,4845,4545,True,True,4845,0.040832,-20.596405395136,2.808731845096,7999ceffd068794d21b89d1e2895dc5afc43e765b5a701308088b5baf9940b67,4845,4545,True
SZV/IL_25_z2-85,13,37.8,True,True,2023.1,ENERGY,SZV-MOLOPT-GTH,True,True,23,1,20.0,89f71ff0bc9d2596c883382392566210d7cb0503e557a3540af4740081b843c3,44d6e34d9459c68dd569bfaf480b9314ab73d0bf83a8bc914a2c9433d49bf4d2,2346,1250,998,98,2.84,1e62c6a5f587ae9dfb662d60578529a75ecb08cf4c0d46c66b094070a2fceb2a,300,5,1.0E-10,1.0E-5,6000,ATOMIC,300,[K]  300,XYZ,True,4845,0.040936,-20.602391899616,2.80508551964,7c28c3d6343e1473c0a23ff3e33ff452b80171d9ca681537b571287e738159e9,4845,4545,True,True,4845,0.040936,-20.602391899616,2.80508551964,7c28c3d6343e1473c0a23ff3e33ff452b80171d9ca681537b571287e738159e9,4845,4545,True
SZV/IL_25_z2-85,14,38.4,True,True,2023.1,ENERGY,SZV-MOLOPT-GTH,True,True,138,2,20.0,89f71ff0bc9d2596c883382392566210d7cb0503e557a3540af4740081b843c3,edbbfc94f75a9807dd38865316bc8a78d938594265a1d26933a8f6fcde3736a1,2342,1250,995,97,2.84,9976ac0fe547c087513438d898861f250be48cfa7caf3f1da8d58312568dd561,300,5,1.0E-10,1.0E-5,6000,ATOMIC,300,[K]  300,XYZ,True,4839,0.040784,-20.603208241136,2.807507332816,89c777385f0373a8c6266bd092ee171e4e7529446e340e8fe4acfa1d444a41ca,4839,4539,True,True,4838,0.040784,-20.603208241136,2.801493616952,fcd20d5c976d7b8db38146ad4df1fe03b03c017dc868354b2e8be5f962e42f21,4838,4538,True
SZV/IL_25_z2-85,15,39.0,True,True,2023.1,ENERGY,SZV-MOLOPT-GTH,True,True,91,2,20.0,89f71ff0bc9d2596c883382392566210d7cb0503e557a3540af4740081b843c3,d4e64de7d31cd5719eaf07752439dc8142e2f41161c9832e68dd94e8880a5d96,2344,1250,997,97,2.84,2e8018ebce02d212bf125a7337ea8a0d2dc1aebe77b972a6421661e04017891d,300,5,1.0E-10,1.0E-5,6000,ATOMIC,300,[K]  300,XYZ,True,4843,0.04095,-20.59888163108,2.802473226776,d67c312723f35e5b1dfc0f05ff42226990c771f038dee1edd91498c043819770,4843,4543,True,True,4842,0.04095,-20.59888163108,2.7981466167199995,8763029a7384cf533034dbf26eef306f8ccf0df8ab526effb4db2b14d23477d5,4842,4542,True
SZV/IL_25_z2-85,16,39.6,True,True,2023.1,ENERGY,SZV-MOLOPT-GTH,True,True,61,2,20.0,89f71ff0bc9d2596c883382392566210d7cb0503e557a3540af4740081b843c3,5a081f4fb4e4f0b27690683c50db170a4bf829b1fdc1975415cb4f5c2b0f5c09,2348,1250,1001,97,2.84,ca0c659332ed033488156c9ada345cdaf7e7551edf327f3628bdd2dad3bd901c,300,5,1.0E-10,1.0E-5,6000,ATOMIC,300,[K]  300,XYZ,True,4851,0.041089,-20.59520809424,2.803099088608,5fd44b97d8928dc94318c829dce8392de990d60c8b66830184e10d88dc25a864,4851,4551,True,True,4850,0.041089,-20.59520809424,2.795534323856,4a3a8c66f0b5ef8534f02588448bac45fdbaabd6eda0760f2acdd5a740b23110,4850,4550,True
SZV/IL_25_z2-85,17,40.2,True,True,2023.1,ENERGY,SZV-MOLOPT-GTH,True,True,27,1,20.0,89f71ff0bc9d2596c883382392566210d7cb0503e557a3540af4740081b843c3,26bfd2029ae1087bd9dbd2bcc22a2cc2cebd857b993a13daff4dbd2a0d59e680,2342,1250,996,96,2.84,cfba1026515561fc80e524c46eb4a0b705ccc46e3968f9624874b900c7ca36a3,300,5,1.0E-10,1.0E-5,6000,ATOMIC,300,[K]  300,XYZ,True,4840,0.041114,-20.603888525735996,2.78971108768,76da0ad18b6443cbc39b0c9f26ac6c10a09d1da2eaff2a4d5a9260c8c1f866be,4840,4540,True,True,4840,0.041114,-20.603888525735996,2.78971108768,aa8728683b0a306afa61d66885bb5ba19b61b7db877fdb546fa692a4000d1257,4840,4540,True
SZV/IL_25_z2-85,18,40.8,True,True,2023.1,ENERGY,SZV-MOLOPT-GTH,True,True,27,1,20.0,89f71ff0bc9d2596c883382392566210d7cb0503e557a3540af4740081b843c3,aa17b1ec3a9e53a212f99d74fe78043caffe9894bb163bbfa28d4497ddcf047d,2336,1250,990,96,2.84,dba9e38bf99d2b8206308ba888e3a787d0effab4e130125c4fe297bd194ccebc,300,5,1.0E-10,1.0E-5,6000,ATOMIC,300,[K]  300,XYZ,True,4828,0.040707,-20.602119785776,2.788432152632,58f3fc43ee8701b013974477f9c08e24489ce35cb395bb9c8ff68727a98b752e,4828,4528,True,True,4828,0.040707,-20.602119785776,2.788432152632,ec2da1bb480c44031664519b04cead4cd5f59c318f7b38f44e4c6bb40802113e,4828,4528,True
SZV/IL_25_z2-85,19,41.4,True,True,2023.1,ENERGY,SZV-MOLOPT-GTH,True,True,30,1,20.0,89f71ff0bc9d2596c883382392566210d7cb0503e557a3540af4740081b843c3,f44d6f2948ae6753b391dd2ed0d647c0c91797d2d10104dc58097c22a1861e1c,2334,1250,988,96,2.84,14a9a6b93b844ddf18390550f3e74fd2e934736ed8eaa5079b01abebddb9461e,300,5,1.0E-10,1.0E-5,6000,ATOMIC,300,[K]  300,XYZ,True,4824,0.040569,-20.599017688,2.7900920470560004,cb583d314018f806ceca1431db66c97f6c942d3b0c372f0440ef564d08475cd8,4824,4524,True,True,4824,0.040569,-20.599017688,2.7900920470560004,cb583d314018f806ceca1431db66c97f6c942d3b0c372f0440ef564d08475cd8,4824,4524,True
SZV/IL_25_z2-85,1,30.6,True,True,2023.1,ENERGY,SZV-MOLOPT-GTH,True,True,20,2,20.0,89f71ff0bc9d2596c883382392566210d7cb0503e557a3540af4740081b843c3,5df1c4600b820853cf19750f6c73ebdcdc36e0b7b0ecab9ca88514678df849e5,2358,1250,1009,99,2.84,fc80162cfe943405f264de66b774c1f30d57c6af7b130556a072a3f23a8c5b42,300,5,1.0E-10,1.0E-5,6000,ATOMIC,300,[K]  300,XYZ,True,4868,0.040165,-20.575751954679998,2.841603196968,637138d777495e79a97046101c2b0c6e3e27907cc35d06164f5d88a61d3add5e,4868,4568,True,True,4867,0.040165,-20.575751954679998,2.8376031235199997,6d1b098fac51bde7b5338eb6e837c2be682ec0d8e41908705e007dc0badfb15d,4867,4567,True
SZV/IL_25_z2-85,20,42.0,True,True,2023.1,ENERGY,SZV-MOLOPT-GTH,True,True,143,2,20.0,89f71ff0bc9d2596c883382392566210d7cb0503e557a3540af4740081b843c3,08f205c16a49fc350537ff21c86259cbb809c6550be64e26f1fcf3e7d5f5a923,2334,1250,989,95,2.84,243c52c5965dbd9c7048d23aa426eb548ffc817ccf45e01208dcb12d81ab658c,300,5,1.0E-10,1.0E-5,6000,ATOMIC,300,[K]  300,XYZ,True,4826,0.040707,-20.603616411896002,2.79746633212,3ca5068331f37f426b8ecbbeafdfb982a5faf8452a0bcac1a4ad14aaab67464d,4826,4526,True,True,4825,0.040707,-20.60364362328,2.790609063352,a401223ff98e2de8dd5868dc4f364458728cdf7e4d4d6f1ee58a8de99b8c91d5,4825,4525,True
SZV/IL_25_z2-85,21,42.6,True,True,2023.1,ENERGY,SZV-MOLOPT-GTH,True,True,167,2,20.0,89f71ff0bc9d2596c883382392566210d7cb0503e557a3540af4740081b843c3,66521ec3ca8a718453f5e2c55a976320d6a8d0503e61e539bb4e3ede2c1d4a5f,2334,1250,989,95,2.84,1ed00653e337f62c854424aaa5120e99a636de8e50396b1550ad8ece628d95ff,300,5,1.0E-10,1.0E-5,6000,ATOMIC,300,[K]  300,XYZ,True,4826,0.040444,-20.599072110768002,2.7978745028799996,9a22c03cb790c4cc8046afc3e576e179f955ef6db8e990d2a0bd5f8ef07cd19f,4826,4526,True,True,4825,0.040444,-20.599072110768002,2.7961873970719995,bf73d7594671915477eab95a8ea847667733f9873a1554a01273bae0dda28493,4825,4525,True
SZV/IL_25_z2-85,22,43.2,True,True,2023.1,ENERGY,SZV-MOLOPT-GTH,True,True,37,1,20.0,89f71ff0bc9d2596c883382392566210d7cb0503e557a3540af4740081b843c3,85497dd9be0b12737c30e3baffb938c58b3cf5af88b2f5c3dc3bf1f266e98565,2332,1250,988,94,2.84,6431592581daee2b9c08f478bc0a442c48d93abf195baa2f68d4d3d8af61155c,300,5,1.0E-10,1.0E-5,6000,ATOMIC,300,[K]  300,XYZ,True,4823,0.04063,-20.602555167920002,2.789656664912,890ec31cc9e9d8c70ccce9014220afb6757ffa0052d2bebde7d4565b80ff9aa2,4823,4523,True,True,4823,0.04063,-20.602555167920002,2.789656664912,32a8e90e5e4677be0ebbec0228722612e85332cc9a3409243c1f76a9c5a58072,4823,4523,True
SZV/IL_25_z2-85,23,43.8,True,True,2023.1,ENERGY,SZV-MOLOPT-GTH,True,True,89,2,20.0,89f71ff0bc9d2596c883382392566210d7cb0503e557a3540af4740081b843c3,5c52bcbb8e86981e1ea3a3c36ef791647e07c05482eb2a6b6625450886e7d66f,2328,1250,985,93,2.84,9c3f3d9e6de1654947b044b03418f4e4c0d22426c848bebc0e975db92b08f95b,300,5,1.0E-10,1.0E-5,6000,ATOMIC,300,[K]  300,XYZ,True,4817,0.040287,-20.598772785544,2.8017657307919994,f8986737050dd9b7b26ea7eb183f9fddf06f655dbfd28373651a0d704f09c0da,4817,4517,True,True,4816,0.040287,-20.59874557416,2.794854039256,63f68d470ca5f040ad2f655b580caad7b972170ca25a95cb42b272ac0e35ca7d,4816,4516,True
SZV/IL_25_z2-85,24,44.4,True,True,2023.1,ENERGY,SZV-MOLOPT-GTH,True,True,37,1,20.0,89f71ff0bc9d2596c883382392566210d7cb0503e557a3540af4740081b843c3,4c309b9c6a8a8d9f76d2222eb1ef298b3214ca425b34d2f22e99a497344abe2c,2330,1250,986,94,2.84,0a4b2af598c38608a2f09cde9056a81d353cfbe12adb89a8ec01304784a41c18,300,5,1.0E-10,1.0E-5,6000,ATOMIC,300,[K]  300,XYZ,True,4819,0.040328,-20.597058468352,2.801520828336,aac701aa16dccb467de8323b1d483532f693c41992a9ce37ff51f62ad9cf87b1,4819,4519,True,True,4819,0.040328,-20.597058468352,2.801520828336,eb5f0df0a391801cfa82ca359a4b2dd636393864878b625eca17bb435d139953,4819,4519,True
SZV/IL_25_z2-85,25,45.0,True,True,2023.1,ENERGY,SZV-MOLOPT-GTH,True,True,40,1,20.0,89f71ff0bc9d2596c883382392566210d7cb0503e557a3540af4740081b843c3,fa587dd5148c09ae65fe8b7bcca5214dd45cb9c8d33591551ac01e01a9c3559d,2328,1250,984,94,2.84,5a2445ead4095ff6b316014ea3ae5542c45d9580ade989f8134bee20bd3ef545,300,5,1.0E-10,1.0E-5,6000,ATOMIC,300,[K]  300,XYZ,True,4815,0.040118,-20.59452780964,2.8107454875120004,739ccacd33d1ad0db9b397a1eb9b9249c9789a1325ae52469d09ec3193a22f00,4815,4515,True,True,4815,0.040118,-20.59452780964,2.8107454875120004,a767ad66e974460cc6829f6442dfd82ba876a111f5cf3875c77ba143c1fa01eb,4815,4515,True
SZV/IL_25_z2-85,26,45.6,True,True,2023.1,ENERGY,SZV-MOLOPT-GTH,True,True,112,2,20.0,89f71ff0bc9d2596c883382392566210d7cb0503e557a3540af4740081b843c3,69d1c7114915ce58126ef77769ce75c6fdc4466edbe99e529c4252294a7d13b1,2324,1250,983,91,2.84,ea67346f2ac5e272cf77961bf4081088c4505aa0e8dad3dc9d46f455adcc2dcb,300,5,1.0E-10,1.0E-5,6000,ATOMIC,300,[K]  300,XYZ,True,4812,0.039807,-20.580459524112,2.8175483335119997,afd1c7fff59814a1ecbf2a91631e87416867045cd8e8e4da578ea9e4db0f2b00,4812,4512,True,True,4811,0.039807,-20.58051394688,2.8095753979999993,448964afdd0e509657292dfe6113a6b75b2242ed806497633ef76974f4bba524,4811,4511,True
SZV/IL_25_z2-85,27,46.2,True,True,2023.1,ENERGY,SZV-MOLOPT-GTH,True,True,239,2,20.0,89f71ff0bc9d2596c883382392566210d7cb0503e557a3540af4740081b843c3,fc54b69a5d865d4eb5390deb77e516fe7ba347370c228a24809545a01230ac0b,2324,1250,983,91,2.84,027e001a8ffa48cd104fb6474030509331802d5a2ee44655e8ec3fce450ab5b1,300,5,1.0E-10,1.0E-5,6000,ATOMIC,300,[K]  300,XYZ,True,4812,0.039909,-20.583044605592,2.81542584556,40782af9ef7569fdcd39a8b96e0a9512d50dd82a14639232d279a7c93eee0185,4812,4512,True,True,4811,0.039909,-20.583071816976,2.8102556826000002,cdf9f85d264b67799f8c26e7ca16c08ced7831677bbfd5bffd442986fd98ed93,4811,4511,True
SZV/IL_25_z2-85,28,46.8,True,True,2023.1,ENERGY,SZV-MOLOPT-GTH,True,True,268,2,20.0,89f71ff0bc9d2596c883382392566210d7cb0503e557a3540af4740081b843c3,cb20f0f38b9738c0cd80c3d7cca13fb7bca99bce4cdd6ec9961e9c4a84e10224,2322,1250,981,91,2.84,59ff7fe1fa1ad8f9e6151f45bc9f9616f918bdebc7b078f6bcc586e29d243a67,300,5,1.0E-10,1.0E-5,6000,ATOMIC,300,[K]  300,XYZ,True,4808,0.039755,-20.58024183304,2.8192626507039997,dbb6f8a8a79d9fc5a289e7f964005ca9e1140bc78a93d8e628dbe9b197911072,4808,4508,True,True,4807,0.039755,-20.58024183304,2.815099308952,0e39d66876b481d532ac2cbe8cb237fc12f3fe6105db6c98b3a2af96bbb92de3,4807,4507,True
SZV/IL_25_z2-85,29,47.4,True,True,2023.1,ENERGY,SZV-MOLOPT-GTH,True,True,42,1,20.0,89f71ff0bc9d2596c883382392566210d7cb0503e557a3540af4740081b843c3,2c22175259ade8c1cddf6be055089c8b9688e2d00be59a625f2bed1b66ab4f86,2318,1250,978,90,2.84,d870580b40a0878bc0f70312af3949932538aa6e7a03c5b955d07871d1e10b93,300,5,1.0E-10,1.0E-5,6000,ATOMIC,300,[K]  300,XYZ,True,4801,0.039312,-20.56962939328,2.834256123288,f9676ce8d8b19ea86290b287154fd67d8f808a2a3b1a04819fb7311726ba3fc5,4801,4501,True,True,4801,0.039312,-20.56962939328,2.834256123288,6ac60ee57b5122b1e78124363612d448116acc2b428458f7a0f4240758545d1c,4801,4501,True
SZV/IL_25_z2-85,2,31.2,True,True,2023.1,ENERGY,SZV-MOLOPT-GTH,True,True,55,2,20.0,89f71ff0bc9d2596c883382392566210d7cb0503e557a3540af4740081b843c3,e2d1702eb8e9de9d97211a027c7c1ac890c310c575b74349f7631dee8b11bfcd,2352,1250,1005,97,2.84,d715c46b994f00273e2293bc4c017e4e36c9347069d0506c878c29e65579e575,300,5,1.0E-10,1.0E-5,6000,ATOMIC,300,[K]  300,XYZ,True,4859,0.040083,-20.581575190856,2.8316166190399996,441f52b096e0be8e70cf9dffa98f4bdc208cb4a989c86e79f76d914f1be375c6,4859,4559,True,True,4858,0.040083,-20.581575190856,2.8294669197039997,522d3cdc9ed39951bed2f8bbe88f6de308a6c6b80dd0ff676eac8a09c7c19fd0,4858,4558,True
SZV/IL_25_z2-85,30,48.0,True,True,2023.1,ENERGY,SZV-MOLOPT-GTH,True,True,41,1,20.0,89f71ff0bc9d2596c883382392566210d7cb0503e557a3540af4740081b843c3,00bb4ace183ad0d18ac851ade2064247acc6e02940ec0b88045496120e58eb08,2318,1250,978,90,2.84,5b17902555fc97cbacbf64a61e63c280443831943423fff56ac4c60fee34699f,300,5,1.0E-10,1.0E-5,6000,ATOMIC,300,[K]  300,XYZ,True,4801,0.039244,-20.563071449736,2.8436984735359996,46327e3d781c37fd5299b201e3777862d51368f1e749d26e98980f9a24a5dbc6,4801,4501,True,True,4801,0.039244,-20.563071449736,2.8436984735359996,95dbefee399fc6f872c46166f05f9f7a7e8fd327e687e03d05af973fe4dc61a8,4801,4501,True
SZV/IL_25_z2-85,31,48.6,True,True,2023.1,ENERGY,SZV-MOLOPT-GTH,True,True,42,1,20.0,89f71ff0bc9d2596c883382392566210d7cb0503e557a3540af4740081b843c3,b2808476e3281b7d00a0ce2e0bd7edf135006b35080b72b2f82c0890260ac3e5,2320,1250,980,90,2.84,4884fe7fea68bf10070f7af6a3c34db5a8f02a563ff1f2db9784a4259d1230b6,300,5,1.0E-10,1.0E-5,6000,ATOMIC,300,[K]  300,XYZ,True,4805,0.039001,-20.551805936759997,2.8536306286959996,c180e57a554d0de26784a4203fff7d90d46f181c4eba392a99f4b2117d051503,4805,4505,True,True,4805,0.039001,-20.551805936759997,2.8536306286959996,474800a3456518186770aae2d21d2630f65f889709762047b2760d67bebaed49,4805,4505,True
SZV/IL_25_z2-85,32,49.2,True,True,2023.1,ENERGY,SZV-MOLOPT-GTH,True,True,376,2,20.0,89f71ff0bc9d2596c883382392566210d7cb0503e557a3540af4740081b843c3,6860fc49d8027b8f1c3d6beb5b076224a688c6e1e99f9e5106c0683b310edbf6,2314,1250,975,89,2.84,88f418988ab623f5024032839b230bd10329972e19dbe9896c39a6ba6f4138f7,300,5,1.0E-10,1.0E-5,6000,ATOMIC,300,[K]  300,XYZ,True,4795,0.038495,-20.546118757503997,2.871590142136,be2fa84053cee58610b437c41756c4993b22e9b7aa0e6ed836770094884e6c4b,4795,4495,True,True,4794,0.038495,-20.546118757503997,2.866882572704,bdb97e42187ba0368ed9490349e02d5f6e30dbc4d3df38929355b8fb859b8896,4794,4494,True
SZV/IL_25_z2-85,33,49.8,True,True,2023.1,ENERGY,SZV-MOLOPT-GTH,True,True,202,2,20.0,89f71ff0bc9d2596c883382392566210d7cb0503e557a3540af4740081b843c3,827591c921c883c7b7d601466b44669c99726993db26c6a33be69d5867ee53da,2316,1250,977,89,2.84,e79e820275127d2fe950412118fd642299a6deb266232782a153c3b687e4fce0,300,5,1.0E-10,1.0E-5,6000,ATOMIC,300,[K]  300,XYZ,True,4799,0.0388,-20.552050839215998,2.859453864872,0511a18edadc24fa33ff51cc49f603423d01fad98f3eac688931b754431d527d,4799,4499,True,True,4798,0.0388,-20.552023627832,2.852542173336,aa6c608b90ed83d82699f78b818b25969223c1ff10767310ef950d5d19d65f7c,4798,4498,True
SZV/IL_25_z2-85,34,50.4,True,True,2023.1,ENERGY,SZV-MOLOPT-GTH,True,True,44,1,20.0,89f71ff0bc9d2596c883382392566210d7cb0503e557a3540af4740081b843c3,e98cddcba064a8554df42a2eb29fe5cf20168f5aee7491e8ff8948ee31f76aa2,2312,1250,974,88,2.84,a5a92f93999b00fc07b251af1f5bda2e4de3bafd4e6c7fb8d4f9ff91763d1f44,300,5,1.0E-10,1.0E-5,6000,ATOMIC,300,[K]  300,XYZ,True,4792,0.038176,-20.538227456143996,2.864923353056,2fd239fb5c6635ce2cc06677c09c13c263aa7834b34feff1af5a0162fb29a11b,4792,4492,True,True,4792,0.038176,-20.538227456143996,2.864923353056,83a1c37b8987945abaccf0929688926c04efbf698eeed00c920ec2a733e7894e,4792,4492,True
SZV/IL_25_z2-85,35,51.0,True,True,2023.1,ENERGY,SZV-MOLOPT-GTH,True,True,45,1,20.0,89f71ff0bc9d2596c883382392566210d7cb0503e557a3540af4740081b843c3,cad4afa0ce8dadba6f71966ce5ac85216d596165cd3258cca64e88b214d18cff,2312,1250,974,88,2.84,e7e65aa18d798b341ffbce797d247eee9c69366c0d79c41ada29fbad588c7e32,300,5,1.0E-10,1.0E-5,6000,ATOMIC,300,[K]  300,XYZ,True,4792,0.038127,-20.527751073304,2.8644879709119997,99071af41314cc5730c7f8c3aba0788f33489e9feb0654ab13e357cec780f0d4,4792,4492,True,True,4792,0.038127,-20.527751073304,2.8644879709119997,babe2d7c484a2afff31315f75ff65111316aa1540505a17dc8a94d44ee12ecca,4792,4492,True
SZV/IL_25_z2-85,36,51.6,True,True,2023.1,ENERGY,SZV-MOLOPT-GTH,True,True,44,1,20.0,89f71ff0bc9d2596c883382392566210d7cb0503e557a3540af4740081b843c3,fed00fe675f5501a133461e810496558ce138e7e347d77c8852c634f8e469d0a,2312,1250,974,88,2.84,42a168821f54a90179f75b2b9ce741d7cff39918c713311d038e3b43c4c638e0,300,5,1.0E-10,1.0E-5,6000,ATOMIC,300,[K]  300,XYZ,True,4792,0.03807,-20.530499423088003,2.8582293525920006,8ed3ee8ad09b3e4837e586ff3fc732b75860f520dee5719ea732bf992c990535,4792,4492,True,True,4792,0.03807,-20.530499423088003,2.8582293525920006,8666aed64c0d2a43ce6fc4626983f5b343d9bb033dddcb544d6622f7222542f4,4792,4492,True
SZV/IL_25_z2-85,37,52.2,True,True,2023.1,ENERGY,SZV-MOLOPT-GTH,True,True,51,1,20.0,89f71ff0bc9d2596c883382392566210d7cb0503e557a3540af4740081b843c3,9524f9be41b344943f72553d3e842a9c520fb50c603699abf3d30f52b8e463ea,2312,1250,974,88,2.84,102f515b776f75ee59199af6b05e0a3761cddb1c41d5951879b016139e9384e3,300,5,1.0E-10,1.0E-5,6000,ATOMIC,300,[K]  300,XYZ,True,4792,0.037594,-20.520431211008,2.864923353056,5e330564f1fa278c6db41e4f7bee9381a1eece62cf25e35d14672e68c1e2acea,4792,4492,True,True,4792,0.037594,-20.520431211008,2.864923353056,6c2e9a30fbdc4eb87579b007325198ccf1f583315f113d9125f3f1edb0bf6b83,4792,4492,True
SZV/IL_25_z2-85,38,52.8,True,True,2023.1,ENERGY,SZV-MOLOPT-GTH,True,True,54,1,20.0,89f71ff0bc9d2596c883382392566210d7cb0503e557a3540af4740081b843c3,6eb0d62d59578e0f7079bd31fa0dc7cb6ac86ef626ee73da6e725299d566aa01,2306,1250,970,86,2.84,999afc220233e47c60bc59b626ba2631188d26469b7f082dbb98db626e68d434,300,5,1.0E-10,1.0E-5,6000,ATOMIC,300,[K]  300,XYZ,True,4783,0.037414,-20.515261048048,2.8641614343039996,465edcb6317afe7d9a827ee14db04f02ee555e73c083d3ea1eed1d88d3db171d,4783,4483,True,True,4783,0.037414,-20.515261048048,2.8641614343039996,95e4c595c6a868a617c0d455a742e8c538b6df60de9ef53c77c3518632ebfad6,4783,4483,True
SZV/IL_25_z2-85,39,53.4,True,True,2023.1,ENERGY,SZV-MOLOPT-GTH,True,True,52,1,20.0,89f71ff0bc9d2596c883382392566210d7cb0503e557a3540af4740081b843c3,0e33c8c50d945c40dfb76e198cb74a7055d2cf8ca051c4cf1655414ea6f38dbc,2306,1250,970,86,2.84,5b67e68c9f228f237c639cbacea2ce6b74ec540e3dbaa644428511cb28db3334,300,5,1.0E-10,1.0E-5,6000,ATOMIC,300,[K]  300,XYZ,True,4783,0.037111,-20.504349283064,2.869739768024,03d40fad8ae28f17a9130e6251bfbed658eb37344839f5305afdda808d4bfde7,4783,4483,True,True,4783,0.037111,-20.504349283064,2.869739768024,70dfbc83208f681d6845acff99f8f89d5ca19fbaa50fa81dd0a2f01616975eff,4783,4483,True
SZV/IL_25_z2-85,3,31.8,True,True,2023.1,ENERGY,SZV-MOLOPT-GTH,True,True,20,1,20.0,89f71ff0bc9d2596c883382392566210d7cb0503e557a3540af4740081b843c3,3dd2d3011874ad5c88aaedb57da1e0f361f629c01637c48e6b2f03a56032b51e,2360,1250,1010,100,2.84,b575a9cc61028ef892ebedcd625f46bda78ca02cdd8d0637bb3983c863e0b3de,300,5,1.0E-10,1.0E-5,6000,ATOMIC,300,[K]  300,XYZ,True,4870,0.038918,-20.532921236264,2.877277321392,6b9b1bba2e114bb1ea3c697ff4028c1ec6dee69845afb1de4b91b944c2aeae7e,4870,4570,True,True,4870,0.038918,-20.532921236264,2.877277321392,6b9b1bba2e114bb1ea3c697ff4028c1ec6dee69845afb1de4b91b944c2aeae7e,4870,4570,True
SZV/IL_25_z2-85,40,54.0,True,True,2023.1,ENERGY,SZV-MOLOPT-GTH,True,True,51,1,20.0,89f71ff0bc9d2596c883382392566210d7cb0503e557a3540af4740081b843c3,737cf934e50eb00b904375e71bb08322f514cb17e34c3140a23d1dc80cd166d2,2306,1250,970,86,2.84,e6d0405dc4c4b7bfc57f3d1d3e3df11d85712936a542af8d80614425256bac09,300,5,1.0E-10,1.0E-5,6000,ATOMIC,300,[K]  300,XYZ,True,4783,0.036565,-20.522662544495997,2.883154980336,b430cf7972d736e2f607dfc04e5a360a522b91e8fa3a249e0da5240854e53b55,4783,4483,True,True,4783,0.036565,-20.522662544495997,2.883154980336,b6c86b3b3fb55acb9f267ee3dcd03dd58db9018e03dbf46378d93517f90cbf4b,4783,4483,True
SZV/IL_25_z2-85,41,54.6,True,True,2023.1,ENERGY,SZV-MOLOPT-GTH,True,True,63,1,20.0,89f71ff0bc9d2596c883382392566210d7cb0503e557a3540af4740081b843c3,5babb497b72e599fab6227b8dd10b163130eeaf924cb3985c10eddffe40bb14c,2304,1250,968,86,2.84,b7ae786285137b5cd20acfbdc8c18050dcaa44f4b3953e8479fab86f5e738915,300,5,1.0E-10,1.0E-5,6000,ATOMIC,300,[K]  300,XYZ,True,4779,0.036592,-20.53017288648,2.8832094031040003,b46dd7ccb7540cdc2c47eafbff1c994dd7068bb1971d38c2b7585162d4594642,4779,4479,True,True,4779,0.036592,-20.53017288648,2.8832094031040003,7ac22b2e18490a7021ca63c2fbdb51425dc2cbd0acebde18226cede6ed009be2,4779,4479,True
SZV/IL_25_z2-85,42,55.2,True,True,2023.1,ENERGY,SZV-MOLOPT-GTH,True,True,77,2,20.0,31c0ce8c2d5dd2565a0426a79483adb832be38b77761cdbc587d3f09b20e3396,cac62922b84af48dba20f3d35fdd4b50e063494d782f8c6c5e5c0b071ddc4a30,2302,1250,967,85,2.84,f7cf9e3c4ef8873822e5c4f46e1f17e1d7a13f81e666ed3305282a57ccb9c189,300,5,1.0E-10,1.0E-5,6000,RESTART,300,[K]  300,XYZ,True,4777,0.036155,-20.495015778352,2.890883013392,ef4eb52ced667104c6f92ec657ebfbf61a48ca696c000197c5c86f7ddfce9ce2,4777,4477,True,True,4776,0.036155,-20.495015778352,2.887345533472,eb9b3ccf6a27de107fe9f474ba8d8825b7059d3ac0889a0f2a27a45a77acfed1,4776,4476,True
SZV/IL_25_z2-85,43,55.8,True,True,2023.1,ENERGY,SZV-MOLOPT-GTH,True,True,60,2,20.0,31c0ce8c2d5dd2565a0426a79483adb832be38b77761cdbc587d3f09b20e3396,4b523e9a436377f9c28617488974cfd78d1396da470a562f4bc8d486672ec0ab,2308,1250,971,87,2.84,85afbbd768f21de801ffce530b6a924e21ba063a04f7fb3707eba829e2a54fa4,300,5,1.0E-10,1.0E-5,6000,RESTART,300,[K]  300,XYZ,True,4786,0.037166,-20.511669145360003,2.863127401712,28e35cafc17fb564e68e95ee66a6889397a09684e4991731e0b8391b70e928c9,4786,4486,True,True,4785,0.037166,-20.511669145360003,2.8522428481119997,4169a4701033dc07d268f2cb781cecce79def552eb3193472835b2194d4771ea,4785,4485,True
SZV/IL_25_z2-85,44,56.4,True,True,2023.1,ENERGY,SZV-MOLOPT-GTH,True,True,95,2,20.0,31c0ce8c2d5dd2565a0426a79483adb832be38b77761cdbc587d3f09b20e3396,09da765e01e9220b9c73a0449609db6ca2661e8a1c8e9d5a8ce4ab21ecdce1bc,2304,1250,967,87,2.84,ffac57f812d1c30f11d166ff62cc71a7d14d8b7b0f95fc799aa157097527545d,300,5,1.0E-10,1.0E-5,6000,RESTART,300,[K]  300,XYZ,True,4778,0.037358,-20.569112376984002,2.851698620432,aa6005b5c56bae923fbd3ee088de1f388e07f7d50b5e36dfcd82abc81c379d24,4778,4478,True,True,4777,0.037358,-20.569139588368,2.844052221528,8276a6964ab61b4f2d9b40cf4f68876861844f182fb422964875cf81270dc1fa,4777,4477,True
SZV/IL_25_z2-85,45,57.0,True,True,2023.1,ENERGY,SZV-MOLOPT-GTH,True,True,76,1,20.0,89f71ff0bc9d2596c883382392566210d7cb0503e557a3540af4740081b843c3,5e6210f45a42eb2f6856fb7f7b28c1cf4a2233a8c29ac13c70eea96418e0bd4a,2296,1250,960,86,2.84,074bae7ace1659dc83045d38fbd059e18a6e5546a293aa63f364196f74be3495,300,5,1.0E-10,1.0E-5,6000,ATOMIC,300,[K]  300,XYZ,True,4763,0.036497,-20.573248507351998,2.8751004106719997,6d56ef41e23d2ef65bb58ed7b8a5a23092531c42c280d45d377b6c001a00633b,4763,4463,True,True,4763,0.036497,-20.573248507351998,2.8751004106719997,954b3384b651d523e4993b47150e024e1f6e87d4ed86d3934e4f1a3dd0ffd15e,4763,4463,True
SZV/IL_25_z2-85,46,57.6,True,True,2023.1,ENERGY,SZV-MOLOPT-GTH,True,True,154,2,20.0,31c0ce8c2d5dd2565a0426a79483adb832be38b77761cdbc587d3f09b20e3396,60ed64e95b1e3cdd1a73d3d8593714c7ccc472a707176f537d2cb93661001f78,2302,1250,967,85,2.84,f7d38578a7a6a3ab543bad453134c8ab1be066276fcddebd54624d05c1b20346,300,5,1.0E-10,1.0E-5,6000,RESTART,300,[K]  300,XYZ,True,4777,0.03654,-20.510771169688,2.89066532232,c82580f2a6bd316275fe491f059b787c110cd974dc705c9beda77fdc62fa9b48,4777,4477,True,True,4776,0.03654,-20.510743958303998,2.885794484584,f3f587e90a6c4fb04634a80e8539c7bc2a8ff0ac221506f45bf0e5d1b563d274,4776,4476,True
SZV/IL_25_z2-85,47,58.2,True,True,2023.1,ENERGY,SZV-MOLOPT-GTH,True,True,38,2,20.0,31c0ce8c2d5dd2565a0426a79483adb832be38b77761cdbc587d3f09b20e3396,681885ffdfafd6897d9c470b0e61d38afe6722e3473b64a64cc8ef08f85ca8d2,2292,1250,957,85,2.84,6ef0b1c06355c6511c6841048fb3a0681e51329cf9d727cc19b546a1f2e834c7,300,5,1.0E-10,1.0E-5,6000,RESTART,300,[K]  300,XYZ,True,4757,0.035706,-20.576132914056,2.9074547462480003,24d1293ac594783721849e83c7772bb173077499229e59493b9b9b8b02a81483,4757,4457,True,True,4756,0.035706,-20.576132914056,2.90195804668,d983146e74399461a124d7f881bb5dcfe5540efda68a171e5c3da3c8d7e5f2fe,4756,4456,True
SZV/IL_25_z2-85,48,58.8,True,True,2023.1,ENERGY,SZV-MOLOPT-GTH,True,True,26,2,20.0,31c0ce8c2d5dd2565a0426a79483adb832be38b77761cdbc587d3f09b20e3396,9f99ca98a50d63b3e8ba2a2397c212451ce6c56c31e1c182d64d98e2c7c45c1f,2290,1250,955,85,2.84,4cfd969eb7bc3950fc8b0d5647c723dfcf44eb32c7f5cb59a05aa907ef601dd1,300,5,1.0E-10,1.0E-5,6000,RESTART,300,[K]  300,XYZ,True,4753,0.035562,-20.55017325372,2.9268836744239994,f6164d1ff76cdd175922e7b1097a875dfd9efaf6fecd2f7d78efeb0f9ae324c6,4753,4453,True,True,4752,0.035562,-20.55017325372,2.921876779768,0b635f847a68c990a950ed39f3ea3640330a4572d5fb0ea4f13ab11804a6b907,4752,4452,True
SZV/IL_25_z2-85,49,59.4,True,True,2023.1,ENERGY,SZV-MOLOPT-GTH,True,True,157,2,20.0,31c0ce8c2d5dd2565a0426a79483adb832be38b77761cdbc587d3f09b20e3396,95362481c4c093f12263f54517ffc0e9849ce911b5144fe5dc0b69f119ea05fe,2316,1250,981,85,2.84,3ef43dbad6c5d594f4a9b6495025e318bd1893b789297b0b8bd55deec6364970,300,5,1.0E-10,1.0E-5,6000,RESTART,300,[K]  300,XYZ,True,4805,0.038208,-20.541656090528,2.8468005713120004,ceba793b2b3df5fdbdb2d672bb0a03d766adee37ede4db4bb624fca1e36bc43f,4805,4505,True,True,4804,0.038208,-20.541656090528,2.8421746360320004,2c112bac22266f8b8326b3b10337eeb103a0311913fce6548dcb2c9f3315d846,4804,4504,True
SZV/IL_25_z2-85,4,32.4,True,True,2023.1,ENERGY,SZV-MOLOPT-GTH,True,True,31,2,20.0,89f71ff0bc9d2596c883382392566210d7cb0503e557a3540af4740081b843c3,e159360086150a67f416f0bde368ba03d2017a4d3fceea160c8eb8628a17c854,2354,1250,1005,99,2.84,19c1e10f241ad0664c5a423376106905c0f6e96db4eb2a6abe454a25d1bc1b02,300,5,1.0E-10,1.0E-5,6000,ATOMIC,300,[K]  300,XYZ,True,4860,0.040686,-20.591425711863998,2.8261743422400003,002258a4854e40cd6b7c245054fe7b6c09567acb07ee6e440cb0beb1c875a6ed,4860,4560,True,True,4859,0.040686,-20.591452923248,2.823915797368,f033806b08159bc8f10e976a8ee1845559b98295c76dab83f2ba11dc9697a8e1,4859,4559,True
SZV/IL_25_z2-85,50,60.0,True,True,2023.1,ENERGY,SZV-MOLOPT-GTH,True,True,97,1,20.0,89f71ff0bc9d2596c883382392566210d7cb0503e557a3540af4740081b843c3,2254c5308f276823ec2092145e0bb373c665c3dda623d5d4ac034df67f2d6d87,2320,1250,986,84,2.84,7ec1e838faa991d7e248048a6abf312575dc279415637fdc756681997fdee91e,300,5,1.0E-10,1.0E-5,6000,ATOMIC,300,[K]  300,XYZ,True,4814,0.038219,-20.50459418552,2.8250858868799997,b4ddfc97642589e83c6e4c44b4c76f17cd65891cfc94be2c8aca8bed6d31a381,4814,4514,True,True,4814,0.038219,-20.50459418552,2.8250858868799997,5b9c8e4861d07d00e4ec000b73c7577f14b7c2ec83e5d1e56fc6da4651a18b5e,4814,4514,True
SZV/IL_25_z2-85,5,33.0,True,True,2023.1,ENERGY,SZV-MOLOPT-GTH,True,True,20,1,20.0,89f71ff0bc9d2596c883382392566210d7cb0503e557a3540af4740081b843c3,91b98d110409727342d9ed150fdac25d999cda39b8d6618c3b0a63a629aa30a2,2358,1250,1008,100,2.84,bdfc3b4c41164102a7b9674cef5b1230f6103d6795e9bb4ccd10aa2aeb118946,300,5,1.0E-10,1.0E-5,6000,ATOMIC,300,[K]  300,XYZ,True,4866,0.040665,-20.580214621655998,2.8277526025119992,0418722515c5e764216c7b08f98617a6ac5367e7f37c2d15ca5974131272a611,4866,4566,True,True,4866,0.040665,-20.580214621655998,2.8277526025119992,0418722515c5e764216c7b08f98617a6ac5367e7f37c2d15ca5974131272a611,4866,4566,True
SZV/IL_25_z2-85,6,33.6,True,True,2023.1,ENERGY,SZV-MOLOPT-GTH,True,True,23,2,20.0,89f71ff0bc9d2596c883382392566210d7cb0503e557a3540af4740081b843c3,fbf34767d904aa46d9ecb983823fa4f286f3150748a3169f5a80089b9e15c6a4,2362,1250,1013,99,2.84,c298a479cd9cea0899f30dc2b318d19dfc129a4383782053733f245168b8cd31,300,5,1.0E-10,1.0E-5,6000,ATOMIC,300,[K]  300,XYZ,True,4876,0.040795,-20.577058101111998,2.828977114792,f178f64ffac8474d80156c525ca7dca50cc2097840065f36857c69f62d906549,4876,4576,True,True,4875,0.040795,-20.577058101111998,2.823289935536,c2d218bf7e93a09bbec99c860693518849420b1316e7ea579fcbc5f4a0ec2748,4875,4575,True
SZV/IL_25_z2-85,7,34.2,True,True,2023.1,ENERGY,SZV-MOLOPT-GTH,True,True,22,1,20.0,89f71ff0bc9d2596c883382392566210d7cb0503e557a3540af4740081b843c3,bf7e39ce0c4c664ba182daf67889a182b605ac209675cc6396cd189e98e98182,2354,1250,1004,100,2.84,9781a368b3cbc390b5f433790b860790475250a2b00c7b7a842e51a0ee04720e,300,5,1.0E-10,1.0E-5,6000,ATOMIC,300,[K]  300,XYZ,True,4858,0.04121,-20.595126460088,2.810827121664,f8e7b466f950fa9171a8b5ec8747420a34a7e0861b92087052aa92bbb098951f,4858,4558,True,True,4858,0.04121,-20.595126460088,2.810827121664,f8e7b466f950fa9171a8b5ec8747420a34a7e0861b92087052aa92bbb098951f,4858,4558,True
SZV/IL_25_z2-85,8,34.8,True,True,2023.1,ENERGY,SZV-MOLOPT-GTH,True,True,20,1,20.0,89f71ff0bc9d2596c883382392566210d7cb0503e557a3540af4740081b843c3,384306f8eeba5adbe6f919e805a1d9d9002f3b13508bf63552d1efc034235df6,2346,1250,998,98,2.84,fb5c6ec6a53d815d9b622ea15e718ce1a7a0d8acd8f3e968b339408d1477091e,300,5,1.0E-10,1.0E-5,6000,ATOMIC,300,[K]  300,XYZ,True,4845,0.040571,-20.592242053384002,2.816976894448,b3e139b93b8d277e1f29a7e73a14e6e7fc3da7e6f2f56d1ce88ac474d9039a87,4845,4545,True,True,4845,0.040571,-20.592242053384002,2.816976894448,b3e139b93b8d277e1f29a7e73a14e6e7fc3da7e6f2f56d1ce88ac474d9039a87,4845,4545,True
SZV/IL_25_z2-85,9,35.4,True,True,2023.1,ENERGY,SZV-MOLOPT-GTH,True,True,36,2,20.0,89f71ff0bc9d2596c883382392566210d7cb0503e557a3540af4740081b843c3,c6caf3703128e165bfe3f87af9b11d411ab34cb6b193aea444e2fa13d1438562,2352,1250,1003,99,2.84,f437b29da3e3c2e29cff0558f71a2d7aaf8ab4a8462889e5f3de4ef2756db7a3,300,5,1.0E-10,1.0E-5,6000,ATOMIC,300,[K]  300,XYZ,True,4856,0.041125,-20.602881704528,2.8088951134,3dc46d5d3619abe781cdc0e2e2e3900f92a83ffa65f9ba28e29ba1034c88e779,4856,4556,True,True,4855,0.041125,-20.602908915912,2.806554934376,832ff2002b30651ba6777c29a18586c79641ec7f609d0a5f08ad1307986f60ea,4855,4555,True
SZV/IL_25_z3-0,0,30.0,True,True,2023.1,ENERGY,SZV-MOLOPT-GTH,True,True,20,2,20.0,034636be5dd398e956942faad315d6f0658e23fdb463588aef57154c7094938b,9b27c2c86d4755767a1e2d616c5db1c4431a376d8e6f926a8c019d937fdf5d2b,2358,1250,1009,99,3.0,32053c5f56355884cce389d6b39441e59a3025bb545f396d10208e679619bf9c,300,5,1.0E-10,1.0E-5,6000,ATOMIC,300,[K]  300,XYZ,True,4868,0.03948,-20.570200832344,2.78957503076,da1f7825f381acf386ec695c4a1ec5fef73e2d35f2a8aa01f66b81a52bcac485,4868,4568,True,True,4867,0.03948,-20.570200832344,2.784649770256,0475022f8c16b8ab0ebace4789a49a5cdea9dd8f4a80b46c8e6ca0e741ef78b0,4867,4567,True
SZV/IL_25_z3-0,10,36.0,True,True,2023.1,ENERGY,SZV-MOLOPT-GTH,True,True,35,2,20.0,034636be5dd398e956942faad315d6f0658e23fdb463588aef57154c7094938b,2606704c55d1f299cafac1ac64d648b6d47844243465246f50a9be9059ea394d,2348,1250,999,99,3.0,b96a57d596d05fc7dc0e9efa4b19c54f0c21dac8837047795c331f17cefed34c,300,5,1.0E-10,1.0E-5,6000,ATOMIC,300,[K]  300,XYZ,True,4848,0.040085,-20.592949549368,2.767778712176,e937fb73e7da8037ed7323f5682f125ab1ee57fe2d8bfd1806442ff7aa61cbf3,4848,4548,True,True,4847,0.040085,-20.592976760752002,2.7612479800159995,9da956a7fca93ac3f98078d140a9a27852f55e7d0ca0fca301a8c4328201d5c2,4847,4547,True
SZV/IL_25_z3-0,11,36.6,True,True,2023.1,ENERGY,SZV-MOLOPT-GTH,True,True,24,1,20.0,034636be5dd398e956942faad315d6f0658e23fdb463588aef57154c7094938b,f5a218fdaab888a3a44a9d1f274f37a9df1a7372a1e37fde5bf9d0fdb90e7e89,2350,1250,1002,98,3.0,0d65cbd09f567ef178b6a129491f91ee99b256b5bd99bed8610bc72fdfe56cd8,300,5,1.0E-10,1.0E-5,6000,ATOMIC,300,[K]  300,XYZ,True,4853,0.04032,-20.593548199816,2.7571118496479996,455411cab6c878f4b0e8274beb2f2038a4aa2745abf2e76a338b26ab095e786d,4853,4553,True,True,4853,0.04032,-20.593548199816,2.7571118496479996,455411cab6c878f4b0e8274beb2f2038a4aa2745abf2e76a338b26ab095e786d,4853,4553,True
SZV/IL_25_z3-0,12,37.2,True,True,2023.1,ENERGY,SZV-MOLOPT-GTH,True,True,22,1,20.0,034636be5dd398e956942faad315d6f0658e23fdb463588aef57154c7094938b,b9b5df750f36f4d6ec25c86b81e2125a148ead5e5ed330a9ca9e8593edc3b60c,2346,1250,998,98,3.0,3f9a06f9466a1622a3ab3559a403a4c3f276aa22aadaf67aa6a2a9013d9d9dcc,300,5,1.0E-10,1.0E-5,6000,ATOMIC,300,[K]  300,XYZ,True,4845,0.040079,-20.590255622351997,2.7592615489839996,0b7793b23c62d4cb2b85ee0e42f581c000461165ff839b7cd93b75af044d310b,4845,4545,True,True,4845,0.040079,-20.590255622351997,2.7592615489839996,0b7793b23c62d4cb2b85ee0e42f581c000461165ff839b7cd93b75af044d310b,4845,4545,True
SZV/IL_25_z3-0,13,37.8,True,True,2023.1,ENERGY,SZV-MOLOPT-GTH,True,True,22,1,20.0,034636be5dd398e956942faad315d6f0658e23fdb463588aef57154c7094938b,38d3c2592bee5e1187323a6eb6a4f44ba831ae6c4413c9d95e392b33bd1be1ae,2346,1250,998,98,3.0,5cfe7f0a18424164045ce6dc8c42572871e8e6202e5eb9039d0f4448e0df1b6b,300,5,1.0E-10,1.0E-5,6000,ATOMIC,300,[K]  300,XYZ,True,4845,0.04015,-20.59479992348,2.7570302154960005,01168dfeae25535b080cc12b0800709dc922d1e83152bd7a139ffb2c544d6f83,4845,4545,True,True,4845,0.04015,-20.59479992348,2.7570302154960005,01168dfeae25535b080cc12b0800709dc922d1e83152bd7a139ffb2c544d6f83,4845,4545,True
SZV/IL_25_z3-0,14,38.4,True,True,2023.1,ENERGY,SZV-MOLOPT-GTH,True,True,78,2,20.0,034636be5dd398e956942faad315d6f0658e23fdb463588aef57154c7094938b,b417538ededd461ac63ac677a1f1e20eb48acfc12c9772e76bc5038df299c765,2342,1250,995,97,3.0,8116330d576759e6c3fc38e63683d1d3d62d189e4c33e397f528194229d7ba44,300,5,1.0E-10,1.0E-5,6000,ATOMIC,300,[K]  300,XYZ,True,4839,0.040095,-20.599752395368,2.7585812643840004,0fb372083a06176ad51cdfef56f61ed94914b135c182ad88f29e78cf0232f88c,4839,4539,True,True,4838,0.040095,-20.599752395368,2.754934938928,31da0faffed7cefce236d84b8adfb9d4cb7a4bbc26a0f9ffb72de13426833ece,4838,4538,True
SZV/IL_25_z3-0,15,39.0,True,True,2023.1,ENERGY,SZV-MOLOPT-GTH,True,True,61,2,20.0,034636be5dd398e956942faad315d6f0658e23fdb463588aef57154c7094938b,7e070e86d339ed8844daa019eaeb40ea9a3900185a51c6ed356e1246cb9004a8,2344,1250,997,97,3.0,8ec55182291fb80643a3e5b9c95c6bdad16ee6ac8bd476cf19ef6b423038dbee,300,5,1.0E-10,1.0E-5,6000,ATOMIC,300,[K]  300,XYZ,True,4843,0.040182,-20.594201273032,2.754907727544,ba441dc5163fd7a34671aa1252916888b2718bf796673625ffe4656e0985edb3,4843,4543,True,True,4842,0.040182,-20.594201273032,2.7522682232960003,688baf782868ddda146f28d60246bc191a30c34ebc85e153ac61a2865ccb66ca,4842,4542,True
SZV/IL_25_z3-0,16,39.6,True,True,2023.1,ENERGY,SZV-MOLOPT-GTH,True,True,87,2,20.0,034636be5dd398e956942faad315d6f0658e23fdb463588aef57154c7094938b,006c74da08f6dfe4c710ee80f4ea6981e6a5cfde4f3ec4deb6c9be3f61d4b329,2348,1250,1001,97,3.0,e80e8452ff9ab8411fedc7705a50c234f040c5727608d44fead7de2454c39b4e,300,5,1.0E-10,1.0E-5,6000,ATOMIC,300,[K]  300,XYZ,True,4851,0.040321,-20.588350825472002,2.75297571928,e8f3be87ace4331c999bc2e797cdfdcac533ad1541d76a1961ce36b1b8bf2328,4851,4551,True,True,4850,0.040321,-20.588350825472002,2.7511797679359997,65e32e425e8b29588cd04bd4d846721f8819c0069f50210abe1006604188da2a,4850,4550,True
SZV/IL_25_z3-0,17,40.2,True,True,2023.1,ENERGY,SZV-MOLOPT-GTH,True,True,30,1,20.0,034636be5dd398e956942faad315d6f0658e23fdb463588aef57154c7094938b,263b1aa382e51eba42d86fbc3fad77e08e5b33eecbc396d884cbbca5da459afb,2342,1250,996,96,3.0,4d555aa23e537cf30f447a9e7b79b47573d8b68626448df24e3a670958edc625,300,5,1.0E-10,1.0E-5,6000,ATOMIC,300,[K]  300,XYZ,True,4840,0.040288,-20.598065289559997,2.750227369496,48776d10bb65da7e832112901eef498495bfe15dfcf0208e3ea00d3c4477866e,4840,4540,True,True,4840,0.040288,-20.598065289559997,2.750227369496,fddfb25fab0648502c117fee404829ee960a32f01a5039ad33a6ce6514682df7,4840,4540,True
SZV/IL_25_z3-0,18,40.8,True,True,2023.1,ENERGY,SZV-MOLOPT-GTH,True,True,30,1,20.0,034636be5dd398e956942faad315d6f0658e23fdb463588aef57154c7094938b,f9591fd218a13942132d0f93438e767acaf2bb19f99cead496f7ca1142453656,2336,1250,990,96,3.0,888546802a349db7d3b29c8ad0c1cee35b56365358e5816b22b1075f785ee2b6,300,5,1.0E-10,1.0E-5,6000,ATOMIC,300,[K]  300,XYZ,True,4828,0.039926,-20.595942801607997,2.763560947656,7c3b379015c387052d8b72b53e63e9600e6727a89dbf8429a33ea7e3f6bb1656,4828,4528,True,True,4828,0.039926,-20.595942801607997,2.763560947656,8fbc84829536a3c3d4a9d9278a43646685a135160ede8ae7e33dae0d9f04b4dc,4828,4528,True
SZV/IL_25_z3-0,19,41.4,True,True,2023.1,ENERGY,SZV-MOLOPT-GTH,True,True,35,1,20.0,034636be5dd398e956942faad315d6f0658e23fdb463588aef57154c7094938b,d971567a1e0ce3914546f5b2349350c926ff4f09f485ac27e83abab6d01ba4ec,2334,1250,988,96,3.0,e9e4f26042ce69c1feb8db1e408769c993727836b63cfc514ba46c49be17a459,300,5,1.0E-10,1.0E-5,6000,ATOMIC,300,[K]  300,XYZ,True,4824,0.039751,-20.594010793343998,2.7613840369359997,0ebe86fc36d8e06db9ad87a025ba54f3623f2cc7ee2f0d7d3d33ca80fdccaa35,4824,4524,True,True,4824,0.039751,-20.594010793343998,2.7613840369359997,80e12137c0b1de63a0296f13707f6c1acf061aa1f82d4cd77152cd11817894d6,4824,4524,True
SZV/IL_25_z3-0,1,30.6,True,True,2023.1,ENERGY,SZV-MOLOPT-GTH,True,True,20,2,20.0,034636be5dd398e956942faad315d6f0658e23fdb463588aef57154c7094938b,b6acc45954749616caa8ae05583442e1f1a7de9d21f4fc24d0ae8e389338bda7,2358,1250,1009,99,3.0,f274d78336009f2a85f22c5eea8899ef8c374d24d68bece5146b1efd31bcb30e,300,5,1.0E-10,1.0E-5,6000,ATOMIC,300,[K]  300,XYZ,True,4868,0.039455,-20.574064848872002,2.7879695591040003,dbb9b27a64d12c11656bec687f734b549e276e76a121919837c9de01a046b47c,4868,4568,True,True,4867,0.039455,-20.574064848872002,2.7842143881120003,af6ed6002051f324459163a19df2d0ace1e94e0761b061116b842e2212be6cb5,4867,4567,True
SZV/IL_25_z3-0,20,42.0,True,True,2023.1,ENERGY,SZV-MOLOPT-GTH,True,True,109,2,20.0,034636be5dd398e956942faad315d6f0658e23fdb463588aef57154c7094938b,92030651153d9068a46bb68f9670f4bd1622ae5a6dc316106e4d02391db9d6be,2334,1250,989,95,3.0,19881ebbbbe565aac1899fee09f82c43370dd1667af9daffcbdd6e377b95c08e,300,5,1.0E-10,1.0E-5,6000,ATOMIC,300,[K]  300,XYZ,True,4826,0.039921,-20.598065289559997,2.757656077328,c9c74033ac68d3fea34e9e9889649712fffb66b5ecedd70c5b216b50be40ac3f,4826,4526,True,True,4825,0.039921,-20.598228557863997,2.752948507896,4de8f7716a753ab865a152c41ec5abe2b092499ed904270077917dbcd989b628,4825,4525,True
SZV/IL_25_z3-0,21,42.6,True,True,2023.1,ENERGY,SZV-MOLOPT-GTH,True,True,127,2,20.0,034636be5dd398e956942faad315d6f0658e23fdb463588aef57154c7094938b,10883f8f55c159a9e68dad0cd1d29aa549cfe2a3a5d8eb8ee8337a8732e8c019,2334,1250,989,95,3.0,18352c1f9c428b1f67cf45f30e90b614705b8ae25c3f5eab7ee5fd87f037b72f,300,5,1.0E-10,1.0E-5,6000,ATOMIC,300,[K]  300,XYZ,True,4826,0.039694,-20.591888305392,2.7606765409519998,ee7e1f98dd19eda1332d1dcbd2140ddae8ec1c612f1b8c14b674d1e60f03a2c0,4826,4526,True,True,4825,0.039694,-20.591915516776,2.7574928090239994,39a689134961e8fd07c183ad089e251b69bf0673797c70c6cd1f117261354d49,4825,4525,True
SZV/IL_25_z3-0,22,43.2,True,True,2023.1,ENERGY,SZV-MOLOPT-GTH,True,True,38,1,20.0,034636be5dd398e956942faad315d6f0658e23fdb463588aef57154c7094938b,b999f0054804139803aeb3872ed309fae6672ce04c4d805bbb4a5aaa48cc8522,2332,1250,988,94,3.0,0cbe2a1989a6b86434559a5f1d8864940541567e800563fd7ff1f0bd8fcc55a9,300,5,1.0E-10,1.0E-5,6000,ATOMIC,300,[K]  300,XYZ,True,4823,0.039788,-20.594636655176,2.7568941585760003,bb79bc21560148513492bdcf756d706a00df5774154510281e5828bb2f272833,4823,4523,True,True,4823,0.039788,-20.594636655176,2.7568941585760003,a4482d7f59a57c9a01e5e55fae4f2e17b1eb02920b47646a39d38fa63c33140c,4823,4523,True
SZV/IL_25_z3-0,23,43.8,True,True,2023.1,ENERGY,SZV-MOLOPT-GTH,True,True,15,2,20.0,aeb6ce770879706e14aa66e8a7bc07e7b23460792463fd1bf0551807d4e2890d,93a1e4da32846f7954b1498affa2d9c4ce1c0dfb440cfbcec9c3cc434e64953b,2328,1250,985,93,3.0,8f64ee74085bd27bb41f4c4ab8dae4b82000c8a007d6dab2a45cd48285815d5e,300,5,1.0E-10,1.0E-5,6000,RESTART,300,[K]  300,XYZ,True,4817,0.039494,-20.591289654944,2.765057573776,ce7edb1f563e8b4b210e973586056be1c369078885510826159541ad03324999,4817,4517,True,True,4816,0.039494,-20.591289654944,2.759669719744,5aeb1b0c9d4ea1c79b1946edca2f053955e088dc52570798b3b2998d5189f90c,4816,4516,True
SZV/IL_25_z3-0,24,44.4,True,True,2023.1,ENERGY,SZV-MOLOPT-GTH,True,True,44,1,20.0,034636be5dd398e956942faad315d6f0658e23fdb463588aef57154c7094938b,2da45fb7230f5de6a9895becc1ac092366313606af17a55f7b99b6d49083195f,2330,1250,986,94,3.0,b8f2ab1a39986f9eeecb53cea5940426c83ebf01f20acbea980b730583bb6e3a,300,5,1.0E-10,1.0E-5,6000,ATOMIC,300,[K]  300,XYZ,True,4819,0.039564,-20.592976760752002,2.7632344110479994,f970859fce1ede91f323d1277bf8468efe15330c47aa07c8ba31a99188090dce,4819,4519,True,True,4819,0.039564,-20.592976760752002,2.7632344110479994,b1da5f2198e957d4859a94adb561e2bcc74bf82c5ac00839ce7c5b6c6490bae5,4819,4519,True
SZV/IL_25_z3-0,25,45.0,True,True,2023.1,ENERGY,SZV-MOLOPT-GTH,True,True,43,1,20.0,034636be5dd398e956942faad315d6f0658e23fdb463588aef57154c7094938b,d830f346700d07683331d46bcd039bb55378f93af90f133f904a434bab7ff87d,2328,1250,984,94,3.0,dfa018a60be592fd7ce539606af2fc364c2b2f199b0ed127de75f224599cd8de,300,5,1.0E-10,1.0E-5,6000,ATOMIC,300,[K]  300,XYZ,True,4815,0.039382,-20.591099175256,2.767996403248,1ab7642682aa3a33d54924e03731114c275a535c98be7576f473da38a49bc1b8,4815,4515,True,True,4815,0.039382,-20.591099175256,2.767996403248,cd022744351cc844dd0fbbdb62ddc491209a99a327a048b786f543801495b0fa,4815,4515,True
SZV/IL_25_z3-0,26,45.6,True,True,2023.1,ENERGY,SZV-MOLOPT-GTH,True,True,33,2,20.0,aeb6ce770879706e14aa66e8a7bc07e7b23460792463fd1bf0551807d4e2890d,102fdef2d88df7f3c9b0f9be4e6d13c785fa13b8339275d91c7b8d278a3e00c1,2324,1250,983,91,3.0,72942fc0ce339e1effa04278b4b6f3dcfd981a3050d374cc7df6afb6d2474c01,300,5,1.0E-10,1.0E-5,6000,RESTART,300,[K]  300,XYZ,True,4812,0.039068,-20.577357426336,2.773302623128,e4f327a59a52dbe01ab26379dde3e32dd3bca7baf188536b396865e47deb007f,4812,4512,True,True,4811,0.039068,-20.577357426336,2.7649487282400003,b4190e2adaa3588c1268548c58648cbe98c239e9c676fea5e157c0c50e9baa62,4811,4511,True
SZV/IL_25_z3-0,27,46.2,True,True,2023.1,ENERGY,SZV-MOLOPT-GTH,True,True,22,2,20.0,aeb6ce770879706e14aa66e8a7bc07e7b23460792463fd1bf0551807d4e2890d,5f655dc67baf02ed072c3c4e188479cdb9de3637905b0f507cca07cc970402cc,2324,1250,983,91,3.0,36bb14c3db53f9652b491b51520ed9243c85ce721f28b2bc076315371dde34fc,300,5,1.0E-10,1.0E-5,6000,RESTART,300,[K]  300,XYZ,True,4812,0.039126,-20.576214548208,2.772132533616,1d87173a26b3828dcc0382c3849bde9ff4a45f81db7f3652abf15b8ab547b38f,4812,4512,True,True,4811,0.039126,-20.576214548208,2.767288907264,719f4ab94c2864f4a151c0d7b8bfe4f077608560bbee67a14953951f28303e7b,4811,4511,True
SZV/IL_25_z3-0,28,46.8,True,True,2023.1,ENERGY,SZV-MOLOPT-GTH,True,True,27,2,20.0,aeb6ce770879706e14aa66e8a7bc07e7b23460792463fd1bf0551807d4e2890d,698363da8a3aefd0efa21dac45fa4a9b45fc4806278dfe801964b0c71541b739,2322,1250,981,91,3.0,1590b22ee6cabb49860897b72f1a8569dd36b14410d5605132ba5a43a23167a7,300,5,1.0E-10,1.0E-5,6000,RESTART,300,[K]  300,XYZ,True,4808,0.038976,-20.573466198423997,2.774418289872,4969469454ee3f610aeffedd381bb7e6cc9252d1328ffd1c87f24b7084b9a6b5,4808,4508,True,True,4807,0.038976,-20.573466198423997,2.7725951271439997,9fef5bc4adb56303e091846cf7b4a2c3c49f99cc6d1d5e6c04d4ac982c101140,4807,4507,True
SZV/IL_25_z3-0,29,47.4,True,True,2023.1,ENERGY,SZV-MOLOPT-GTH,True,True,48,1,20.0,034636be5dd398e956942faad315d6f0658e23fdb463588aef57154c7094938b,d01d892a8189d94165aa3a97bc673690e2250d87b4843e2696c70d8c0e8eeb2b,2318,1250,978,90,3.0,77df827ffe70bef158fc3901070598120abc87201bac31c18ff26b363e9cc328,300,5,1.0E-10,1.0E-5,6000,ATOMIC,300,[K]  300,XYZ,True,4801,0.038565,-20.562989815584,2.781193924488,7512859a74365d35921821afab7f706a0525e65eb5e4c10bdaa69ea4319506b6,4801,4501,True,True,4801,0.038565,-20.562989815584,2.781193924488,2ce36cf4cc532a8ebb40f3c3209256b1355d6a12ff98fe905d69953a93efa520,4801,4501,True
SZV/IL_25_z3-0,2,31.2,True,True,2023.1,ENERGY,SZV-MOLOPT-GTH,True,True,25,2,20.0,034636be5dd398e956942faad315d6f0658e23fdb463588aef57154c7094938b,4b0f1b146572bb75e1f7f06404ea71387dc975a4792504a34e37025c627fb036,2352,1250,1005,97,3.0,bbd4fc89f0b30d8e854d1da2dcf4c826144be947eadc2d0b9720ee340617da7d,300,5,1.0E-10,1.0E-5,6000,ATOMIC,300,[K]  300,XYZ,True,4859,0.039394,-20.576214548208,2.781901420472,ad8b38af9a471224bf8f9c674d4db7c60eafc05052a82a840ea6c4b900275174,4859,4559,True,True,4858,0.039394,-20.576241759592,2.778173460864,82f742e51f97762862c96457597e339e2f65606d8bbb072000cac2728e1f366a,4858,4558,True
SZV/IL_25_z3-0,30,48.0,True,True,2023.1,ENERGY,SZV-MOLOPT-GTH,True,True,48,1,20.0,034636be5dd398e956942faad315d6f0658e23fdb463588aef57154c7094938b,6ea5a5182c8c0c1c4c02ae8cbc63266fef6e69643f536cc8fc6e9f8a19895bf5,2318,1250,978,90,3.0,477ce56d8a88f9bc7d8ff3377b3b2d8b8f9fbd66606e70d4b32c97acd05a0228,300,5,1.0E-10,1.0E-5,6000,ATOMIC,300,[K]  300,XYZ,True,4801,0.03852,-20.561030595936,2.7848130385600003,d51932112f89be8141fd8aba2c2c9577cb32c989a8c633aeaaecdef7ac970007,4801,4501,True,True,4801,0.03852,-20.561030595936,2.7848130385600003,3d86842b27f1772d01317faad50097ee37b7d304ecd1f5d36d947a6314f6a92c,4801,4501,True
SZV/IL_25_z3-0,31,48.6,True,True,2023.1,ENERGY,SZV-MOLOPT-GTH,True,True,48,1,20.0,034636be5dd398e956942faad315d6f0658e23fdb463588aef57154c7094938b,a5c889644e7bb200709b62203332e181c4477f43aeccc04724a2ad06c81f5426,2320,1250,980,90,3.0,5433a48c0756ce1fd05c70c7af8adf7b04946ade846ab39350daa530ad44bc6b,300,5,1.0E-10,1.0E-5,6000,ATOMIC,300,[K]  300,XYZ,True,4805,0.038334,-20.550037196799998,2.79270433992,a40dd67e4ae74c617770699f2c4b5082dad617c9664ef945622890347927eea8,4805,4505,True,True,4805,0.038334,-20.550037196799998,2.79270433992,cefea0ae088b4e7ecbd21049a7650ee53f73014cd65ccbda8f300e0688d69a6e,4805,4505,True
SZV/IL_25_z3-0,32,49.2,True,True,2023.1,ENERGY,SZV-MOLOPT-GTH,True,True,329,2,20.0,034636be5dd398e956942faad315d6f0658e23fdb463588aef57154c7094938b,2ba5878fd64a4f48111210164ee0bd3d08dfa73a74f3c4954537740d36abaef4,2314,1250,975,89,3.0,e8e367eaa7dff3cdadeeefaa949441fcea5b188cdadbfb34e9ecc39f2c83d61b,300,5,1.0E-10,1.0E-5,6000,ATOMIC,300,[K]  300,XYZ,True,4795,0.037841,-20.538662838288,2.806092340848,d35026ebdf3cf3a3efeea6cdd6620a4b77f4fb13b200b2f411052b8c130f50c5,4795,4495,True,True,4794,0.037841,-20.538662838288,2.8003779502079995,42a960ccf7e06cefb5136a3c8b79feb96a8b9dbda018afd81729f868f6a745a4,4794,4494,True
SZV/IL_25_z3-0,33,49.8,True,True,2023.1,ENERGY,SZV-MOLOPT-GTH,True,True,182,2,20.0,034636be5dd398e956942faad315d6f0658e23fdb463588aef57154c7094938b,c30b2ccc23829b54ac08bfba53052b6a6781b6266e232ae8f0de3a3fae817ee6,2316,1250,977,89,3.0,9d0c01022d3a48dfc8cc79b5f4f9d84584a74aea6cacc78d9c8e24095fbee312,300,5,1.0E-10,1.0E-5,6000,ATOMIC,300,[K]  300,XYZ,True,4799,0.038119,-20.545656163976,2.8011126575759997,e102b5d738b1a3c635a1ad29c8bb038c8d2d40cd9029b1697a43e40f4005977f,4799,4499,True,True,4798,0.038119,-20.545737798128,2.8004323729759997,e92ebb6104286acc15f829a4752eee361bf49dd2e6f5ed1d532248a63530d04e,4798,4498,True
SZV/IL_25_z3-0,34,50.4,True,True,2023.1,ENERGY,SZV-MOLOPT-GTH,True,True,60,1,20.0,034636be5dd398e956942faad315d6f0658e23fdb463588aef57154c7094938b,99efb2debe165b979428abf3acfc080306e61fdc01d7f975af6061fd42711c19,2312,1250,974,88,3.0,33f8152a7ab4f41771c8ae9141423dc9ed55b6168ae4cf1192646f34918fbcfa,300,5,1.0E-10,1.0E-5,6000,ATOMIC,300,[K]  300,XYZ,True,4792,0.037552,-20.530064040944,2.812541438856,c45a92aa4563b35fa59aaaa9d2a1b129c9811aa17a8c00fa277c8904288f0fd2,4792,4492,True,True,4792,0.037552,-20.530064040944,2.812541438856,9565493b29f29c3956fdbd3b9d3f46b3bc788ec0b9f45b6d5c6edb614c5870d0,4792,4492,True
SZV/IL_25_z3-0,35,51.0,True,True,2023.1,ENERGY,SZV-MOLOPT-GTH,True,True,57,1,20.0,034636be5dd398e956942faad315d6f0658e23fdb463588aef57154c7094938b,68e90e6add4001fdaa5b8db2e5dbf54970636d901b967b7762b1558a6bff8301,2312,1250,974,88,3.0,83745c0342af35d16005c782e7aba4a7f7afd2a8aa00de6b97532898b06aecb5,300,5,1.0E-10,1.0E-5,6000,ATOMIC,300,[K]  300,XYZ,True,4792,0.0375,-20.523968690927997,2.82372531768,51eef60cffa256963c78add8de79076ae85b9ec7450cc60108444ab9cf775924,4792,4492,True,True,4792,0.0375,-20.523968690927997,2.82372531768,9a1c73dd8f22d4a5eee1b6f68b15c9732d76b4c1b51678481420f92288c536ac,4792,4492,True
SZV/IL_25_z3-0,36,51.6,True,True,2023.1,ENERGY,SZV-MOLOPT-GTH,True,True,55,1,20.0,034636be5dd398e956942faad315d6f0658e23fdb463588aef57154c7094938b,9bbf6440dc1aaf618f31b8854b84b47eb48db78f8e33e794cc10cf4e1af501a0,2312,1250,974,88,3.0,72eaf67ce04bf2d3f40063f3bdfa213af9f5246a44f603f56d9963cf0bd6479b,300,5,1.0E-10,1.0E-5,6000,ATOMIC,300,[K]  300,XYZ,True,4792,0.037379,-20.525029934904,2.826147130856,eeba7821260e7d2e031a85e3219921facc25b5c3a190777d5ef93901abc401ec,4792,4492,True,True,4792,0.037379,-20.525029934904,2.826147130856,fa3fdb0bcad8fe8f096540039bce8b4439457b88fb50a5a7ca2cb5cc2634233f,4792,4492,True
SZV/IL_25_z3-0,37,52.2,True,True,2023.1,ENERGY,SZV-MOLOPT-GTH,True,True,57,1,20.0,034636be5dd398e956942faad315d6f0658e23fdb463588aef57154c7094938b,4ebaf483094295d6c798753e3496f41f57ff3d943770747d410bc2ba6fca96c0,2312,1250,974,88,3.0,a51e30488668c4759fd29ce0aa3e5b91dca8800d2b4e893e2493573334bbf5ac,300,5,1.0E-10,1.0E-5,6000,ATOMIC,300,[K]  300,XYZ,True,4792,0.036948,-20.505111201816,2.8333309362319996,2e8f91d36a06f85315bfeea41d9e77c025237539612284ea4c37f1ca0f119fa2,4792,4492,True,True,4792,0.036948,-20.505111201816,2.8333309362319996,d9114e8142e6dea80d7703fd9e60e93f96b6b52f12b2ad400dabd36bb86e5c12,4792,4492,True
SZV/IL_25_z3-0,38,52.8,True,True,2023.1,ENERGY,SZV-MOLOPT-GTH,True,True,63,1,20.0,034636be5dd398e956942faad315d6f0658e23fdb463588aef57154c7094938b,15b5ca530b06f659acab649678294de5524d80d3e94768179cc0426f410863fa,2306,1250,970,86,3.0,f2f26be0b2558e97d3b2c7eb54381a49a86f26570d20554c872c425341d1d453,300,5,1.0E-10,1.0E-5,6000,ATOMIC,300,[K]  300,XYZ,True,4783,0.036595,-20.49643077032,2.841331083128,767fe1757cb981dcefac5e1ffcca15ead75d1ce358aeb65373c74b277c0d5a62,4783,4483,True,True,4783,0.036595,-20.49643077032,2.841331083128,447c21fff5c47b2dd229fcabe7b71e7b100eefab5ea19e97f49ea393e2a75c11,4783,4483,True
SZV/IL_25_z3-0,39,53.4,True,True,2023.1,ENERGY,SZV-MOLOPT-GTH,True,True,63,1,20.0,034636be5dd398e956942faad315d6f0658e23fdb463588aef57154c7094938b,ea1c44ac1483a3116626fdc0981a789627680c918ff5d89b868866a39148bace,2306,1250,970,86,3.0,990a2aa804b0f65f200422d21b3ebd0b68dfeb7c30826fcca99f133f8a42128e,300,5,1.0E-10,1.0E-5,6000,ATOMIC,300,[K]  300,XYZ,True,4783,0.036322,-20.487804761592,2.84059637576,ceddcaccbf75f92c2a4a48f48173b4d43df1e767185f42bc759e374dc293e575,4783,4483,True,True,4783,0.036322,-20.487804761592,2.84059637576,a08400dcaecf9dc1f039659d13220bb0a67b7e8167d1330a308c251472040f2d,4783,4483,True
SZV/IL_25_z3-0,3,31.8,True,True,2023.1,ENERGY,SZV-MOLOPT-GTH,True,True,20,1,20.0,034636be5dd398e956942faad315d6f0658e23fdb463588aef57154c7094938b,f4a5f31a3899b0d79f102fabb022f631872cbf71ffa1f0e04c477dbb35c88e9c,2360,1250,1010,100,3.0,50eccd0123417e3cfe74323fb8c5c40610517b40708655e2c7a2b79ebd05e839,300,5,1.0E-10,1.0E-5,6000,ATOMIC,300,[K]  300,XYZ,True,4870,0.038187,-20.530200097864,2.8309907572079998,88c732e961a17eaabf1d9df06bc37bea5288f50d048ef1c3a0c3e67b04a2e4a8,4870,4570,True,True,4870,0.038187,-20.530200097864,2.8309907572079998,88c732e961a17eaabf1d9df06bc37bea5288f50d048ef1c3a0c3e67b04a2e4a8,4870,4570,True
SZV/IL_25_z3-0,40,54.0,True,True,2023.1,ENERGY,SZV-MOLOPT-GTH,True,True,65,1,20.0,034636be5dd398e956942faad315d6f0658e23fdb463588aef57154c7094938b,78a0a2d2c5836ee6322833eb8163658f4d7d698be660525655358e6a7c277b2d,2306,1250,970,86,3.0,9a690ff16e0bff46855585c76f486250dbe9590b61946cac3060287f871ac605,300,5,1.0E-10,1.0E-5,6000,ATOMIC,300,[K]  300,XYZ,True,4783,0.035842,-20.48296113524,2.85569869388,6893675d3f5a8e92a948d90521cf1f3f36a1414e00b2472b61391059940cb4bc,4783,4483,True,True,4783,0.035842,-20.48296113524,2.85569869388,669daeb5bddd12a6ab23906c9f4718c8127c1531b9cc05613213fcf20136b82c,4783,4483,True
SZV/IL_25_z3-0,41,54.6,True,True,2023.1,ENERGY,SZV-MOLOPT-GTH,True,True,81,1,20.0,034636be5dd398e956942faad315d6f0658e23fdb463588aef57154c7094938b,2dcf8203080ea2962b1547a1499edbcd4f74885e5dfb47a5d2f2b942751197db,2304,1250,968,86,3.0,bdf8d44f566daaee9261fd1d3573892e79e00acde6ffda11469e90d5a5205917,300,5,1.0E-10,1.0E-5,6000,ATOMIC,300,[K]  300,XYZ,True,4779,0.035673,-20.482362484792,2.8549639865119993,4e2873bf300e8417466e42ea4af111565ff3d33569448222c0f79f795646e5d0,4779,4479,True,True,4779,0.035673,-20.482362484792,2.8549639865119993,e8f50084d4a4e665d85f82d8572a23d47bbf6673ca726a12468664609caf72a0,4779,4479,True
SZV/IL_25_z3-0,42,55.2,True,True,2023.1,ENERGY,SZV-MOLOPT-GTH,True,True,535,2,20.0,034636be5dd398e956942faad315d6f0658e23fdb463588aef57154c7094938b,913ac9e7812ddbad5f9d9ca8431bd21a77c1a3db452fe5653f0310f73b932938,2302,1250,967,85,3.0,0e56f87440e635377dc7218f0d354f476423c69d17faf39e5a2fcf056d1e1e7e,300,5,1.0E-10,1.0E-5,6000,ATOMIC,300,[K]  300,XYZ,True,4777,0.03517,-20.453191881144,2.8745289716079996,19f87d9060ed087e56623e7dd0268b7d9160a930a4649efe3aaf909ba01c0478,4777,4477,True,True,4776,0.03517,-20.453219092528,2.8572225313839996,c7e4e1ff8dbe8406cacbfb351245ba4815ec61ad335469741c4da7a6d89935e0,4776,4476,True
SZV/IL_25_z3-0,43,55.8,True,True,2023.1,ENERGY,SZV-MOLOPT-GTH,True,True,551,2,20.0,034636be5dd398e956942faad315d6f0658e23fdb463588aef57154c7094938b,6288e4e89769807df9ae06cb83359240077974b0f479f90496de9ae9668e6c47,2308,1250,971,87,3.0,c07b24d72e7ebb5a94d46c73261524d3f5dd2151ac312a5b8e5d0dcf363c6c49,300,5,1.0E-10,1.0E-5,6000,ATOMIC,300,[K]  300,XYZ,True,4786,0.035913,-20.457627336736,2.848678156808,3246269bfbdffc6975b9e98774be0c60c75891238a8649f5d5de159189ab1c51,4786,4486,True,True,4785,0.035913,-20.457681759504,2.8421746360320004,e709b4a89dc2a46aa98ae0a05aa8460940af91e16e961591d220b8d448aebf33,4785,4485,True
SZV/IL_25_z3-0,44,56.4,True,True,2023.1,ENERGY,SZV-MOLOPT-GTH,True,True,502,2,20.0,034636be5dd398e956942faad315d6f0658e23fdb463588aef57154c7094938b,f1b168832ebc1740c47f86f783dc2671d4d8cdfe5a00d38f8b54465bc4c6447b,2304,1250,967,87,3.0,7484424ea34853f811095e495a902fc0785c3d7d4f540909516da82ca28703a5,300,5,1.0E-10,1.0E-5,6000,ATOMIC,300,[K]  300,XYZ,True,4778,0.036066,-20.49887979488,2.8328139199359996,fb763336b09e69d0f8b78f226e97abe008647cfeb6138874597cfae281fa970c,4778,4478,True,True,4777,0.036066,-20.498934217648,2.824079065672,7e5ae35323b6acc72cff7b0051f94517c8d7d77be1ee9b3e1faf985ed4e5beb5,4777,4477,True
SZV/IL_25_z3-0,45,57.0,True,True,2023.1,ENERGY,SZV-MOLOPT-GTH,True,True,110,1,20.0,034636be5dd398e956942faad315d6f0658e23fdb463588aef57154c7094938b,83fee3bfacd2033c390e54e039e6cdefab7f0c35f9059e7197c6aa46773c8473,2296,1250,960,86,3.0,b52a535675aa85d9b6d86c4c0b05e50f057611f0ea510be4e618bb93ab9d9489,300,5,1.0E-10,1.0E-5,6000,ATOMIC,300,[K]  300,XYZ,True,4763,0.034949,-20.498580469655998,2.8535762059279994,fa852d92976ff57e42a43f2c93c1ea573d83880c8a5329ed0021bdee3d4a40fe,4763,4463,True,True,4763,0.034949,-20.498580469655998,2.8535762059279994,20f6fe058e47cba739e3f3d7da2820acffed538f96be29e3ac5983beaad1d2f6,4763,4463,True
SZV/IL_25_z3-0,46,57.6,True,True,2023.1,ENERGY,SZV-MOLOPT-GTH,True,True,398,2,20.0,034636be5dd398e956942faad315d6f0658e23fdb463588aef57154c7094938b,60a547c98f330179b0e4d74156dd7a74a39f1b9172d3aa59ea2429583d45f006,2302,1250,967,85,3.0,6d58000e2ef6857cc8472f4fe57ff5d14a2dea57f0f2165120fb3526c532a018,300,5,1.0E-10,1.0E-5,6000,ATOMIC,300,[K]  300,XYZ,True,4777,0.034537,-20.451504775335998,2.8736582073199997,c4a646fdd7755b7a7386ca8881d02082239a062556f1b72a1f9bd1ac674210c1,4777,4477,True,True,4776,0.034537,-20.45153198672,2.871263605528,db159845f85ac7821de8eea8661c4efec3cf294f5e733e78af3d27a0bf813172,4776,4476,True
SZV/IL_25_z3-0,47,58.2,True,True,2023.1,ENERGY,SZV-MOLOPT-GTH,True,True,768,2,20.0,034636be5dd398e956942faad315d6f0658e23fdb463588aef57154c7094938b,71e2091d32c2dea053531d290d57e94b7e2e044ce1689534a9e3876f1e8695c7,2292,1250,957,85,3.0,b12aeb0e199ed812f88712dcb82b1f5dcc6284db6dd0c66672f5abb930dfdd42,300,5,1.0E-10,1.0E-5,6000,ATOMIC,300,[K]  300,XYZ,True,4757,0.033845,-20.47983182608,2.895182412064,b903893961bf91ab92b021b51600a001c79de6d604fe46fa95d66f0f02fab612,4757,4457,True,True,4756,0.033845,-20.479859037464,2.891263972768,a26d3f90e88da6ebb3821b4d0424109259b340e89202d95ef06bb09cf57cc837,4756,4456,True
SZV/IL_25_z3-0,48,58.8,True,True,2023.1,ENERGY,SZV-MOLOPT-GTH,True,True,702,2,20.0,034636be5dd398e956942faad315d6f0658e23fdb463588aef57154c7094938b,bb85bf3cb0dd91e072047a7f7574c46c7a398b3b205f59989170c0c5b831bf65,2290,1250,955,85,3.0,f0874a6277a69b6278d47dbed10a63ad8eb559b4f87a915c61bd0a3a74205fd3,300,5,1.0E-10,1.0E-5,6000,ATOMIC,300,[K]  300,XYZ,True,4753,0.034321,-20.479913460232,2.8965701926480003,2828d54a2164b24184beea022c9a3c4b4998afcee0e45c1c2212fb4ec705c472,4753,4453,True,True,4752,0.034321,-20.480022305768,2.8906381109360004,290702692f373b1aadca10cf42bc864e9ee14f7b444dcef072cde851fc7ee306,4752,4452,True
SZV/IL_25_z3-0,49,59.4,True,True,2023.1,ENERGY,SZV-MOLOPT-GTH,True,True,744,2,20.0,034636be5dd398e956942faad315d6f0658e23fdb463588aef57154c7094938b,a46730fa46f72dd1b3858d6f384735c2bb63366cdf445160947b1af4007bbfc8,2316,1250,981,85,3.0,144702a0e2fa9642b2b423d067a3fae41979aa3021c6a6e2470b0245615c8a94,300,5,1.0E-10,1.0E-5,6000,ATOMIC,300,[K]  300,XYZ,True,4805,0.036906,-20.475097045263997,2.8249770413440003,ddc34b4d6a507b920d040f9a49016f975d7507cc547cc3762679e0838800c8d3,4805,4505,True,True,4804,0.036906,-20.475124256647998,2.8236436835279997,cb79fe5ff33fd6866cd6b46affe9cdbecb94e9cb8a2e77b33625f2b6cd8df60c,4804,4504,True
SZV/IL_25_z3-0,4,32.4,True,True,2023.1,ENERGY,SZV-MOLOPT-GTH,True,True,29,2,20.0,034636be5dd398e956942faad315d6f0658e23fdb463588aef57154c7094938b,b1741da73f4f5b2e51af7d731e2a6969655456226711edd24ca196aab4162d9e,2354,1250,1005,99,3.0,35556811c61e40840ca42594034182cb0a879e603cd4fd784a5db000ab458f70,300,5,1.0E-10,1.0E-5,6000,ATOMIC,300,[K]  300,XYZ,True,4860,0.039908,-20.585520841536002,2.784296022264,6d47b1b066ae53277e08bbc254f0d1f3b5802ab12db8b164dbd5e4c5f3f38dd5,4860,4560,True,True,4859,0.039908,-20.585520841536002,2.7772754851920003,59c9203d43971b8cd4c9b19b41da0b23f1110f1014fbc7d9f194b338fa98565e,4859,4559,True
SZV/IL_25_z3-0,50,60.0,True,True,2023.1,ENERGY,SZV-MOLOPT-GTH,True,True,109,1,20.0,034636be5dd398e956942faad315d6f0658e23fdb463588aef57154c7094938b,3c414f1ae1cf88db69a697cad9b7349d1d1ab0552c74d7d6cdf4bb2016bb945f,2320,1250,986,84,3.0,efe384ce002775b5ffd2d8a76b151fd4e7c88769114af63550399fa90ad93b32,300,5,1.0E-10,1.0E-5,6000,ATOMIC,300,[K]  300,XYZ,True,4814,0.037189,-20.4854101598,2.8048134058,6ac96a18199763b905877f8480c1eeb1b6ee87c4a322562d2d19f66405432f7e,4814,4514,True,True,4814,0.037189,-20.4854101598,2.8048134058,733db0db4e593e0acd047a54f962537d5720fc68efa03ce110b2e920b630b963,4814,4514,True
SZV/IL_25_z3-0,51,60.6,True,True,2023.1,ENERGY,SZV-MOLOPT-GTH,True,True,300,2,20.0,034636be5dd398e956942faad315d6f0658e23fdb463588aef57154c7094938b,6b0debe5850a02eda2190d8bdda13519cb876259ec25fe8a56607e61ddd6234b,2284,1250,951,83,3.0,f98a39a2a6b7cf6ded6aab77cb32d6e16ade621b8caea1830d88ffbf7993f491,300,5,1.0E-10,1.0E-5,6000,ATOMIC,300,[K]  300,XYZ,True,4744,0.035272,-20.492811656248,2.8393990748639997,7a425951fabe8f816717ad4fd96d8548950134bfe71d3f72c52ab51d09ea8282,4744,4444,True,True,4743,0.035272,-20.492811656248,2.8356166924879997,3f4da9a514d1f923c24fef2c1453817ba6969ef280a5155cdf2d21b4cd3745cd,4743,4443,True
SZV/IL_25_z3-0,52,61.2,True,True,2023.1,ENERGY,SZV-MOLOPT-GTH,True,True,355,2,20.0,034636be5dd398e956942faad315d6f0658e23fdb463588aef57154c7094938b,4f58e90d860503379a1fc58d928226fba232919748d746a59fd8440c016d4f91,2284,1250,951,83,3.0,b4b049825b2041ef6b933e38469b83072d06edf91e2dde5c48b70830af33bcb9,300,5,1.0E-10,1.0E-5,6000,ATOMIC,300,[K]  300,XYZ,True,4744,0.033992,-20.478090297504,2.902066892216,b3a976a0447dfc01f891d918e4f4ad3ec6763073698ce34644b70c5f0732220e,4744,4444,True,True,4743,0.033992,-20.47833519996,2.8927878102720004,296d1dc6c9bfe7575e7d5195da273dd1c625e75884824c44e8c91c02c29bf275,4743,4443,True
SZV/IL_25_z3-0,53,61.8,True,True,2023.1,ENERGY,SZV-MOLOPT-GTH,True,True,110,1,20.0,034636be5dd398e956942faad315d6f0658e23fdb463588aef57154c7094938b,53867c8553bd4b2de2eec8b10988029a70975450f8373f9f26f647687ba72abd,2306,1250,972,84,3.0,bebb4a34fc4bfe3d6e2d58214eb443b51ee09a0d29f27eb9aa5893ac11bf9256,300,5,1.0E-10,1.0E-5,6000,ATOMIC,300,[K]  300,XYZ,True,4786,0.034729,-20.476675305536002,2.887155053784,554443cc7749c614c83b02b2e5c7611df0cfacb8d7f77b03849e5870c6ceb57c,4786,4486,True,True,4786,0.034729,-20.476675305536002,2.887155053784,74a46ed1c4cb094c04b153421e6e930e72aa659a4c8d41b33dfddc46746dfaa1,4786,4486,True
SZV/IL_25_z3-0,5,33.0,True,True,2023.1,ENERGY,SZV-MOLOPT-GTH,True,True,20,1,20.0,034636be5dd398e956942faad315d6f0658e23fdb463588aef57154c7094938b,6f73c69fc5cd6751dae420d36d977cd4cb7736552a279a6bda5e79575f2c8e1c,2358,1250,1008,100,3.0,dfae64664125f2da80cc85d3a8c3e2f334485bfb221fafee5e2084dcdaffb053,300,5,1.0E-10,1.0E-5,6000,ATOMIC,300,[K]  300,XYZ,True,4866,0.040021,-20.57765675156,2.77923470484,ea441e02b0d8f309c9167bdd98a029c0f0892d208dcc6bf0022a126650069567,4866,4566,True,True,4866,0.040021,-20.57765675156,2.77923470484,ea441e02b0d8f309c9167bdd98a029c0f0892d208dcc6bf0022a126650069567,4866,4566,True
SZV/IL_25_z3-0,6,33.6,True,True,2023.1,ENERGY,SZV-MOLOPT-GTH,True,True,23,2,20.0,034636be5dd398e956942faad315d6f0658e23fdb463588aef57154c7094938b,7a5550c31554f541931e5358f0fe037902985b117edeec3959fe608908a3d6ac,2362,1250,1013,99,3.0,e6253b1484228a2c0a51e97028929ce5ecb31533a36599b18424e5093bdc5a30,300,5,1.0E-10,1.0E-5,6000,ATOMIC,300,[K]  300,XYZ,True,4876,0.040101,-20.572132840607996,2.7817381521680002,e73b5fc72c1dbbe6f87ccafcd6cc88d78fffb5771405a70e88713a71aa1e41cb,4876,4576,True,True,4875,0.040101,-20.572132840607996,2.7782823064,8d139688d176e1cd07ee2843f2928eac0bb55366fa0a97e08dec214496d88eda,4875,4575,True
SZV/IL_25_z3-0,7,34.2,True,True,2023.1,ENERGY,SZV-MOLOPT-GTH,True,True,22,1,20.0,034636be5dd398e956942faad315d6f0658e23fdb463588aef57154c7094938b,3d5dd5645411a52a36ff7ec79d0c1a8064eb6cef958d7843d680ba05ecdf12bf,2354,1250,1004,100,3.0,7b4b59dc949ad3db00fd849dadd17fe1ff3f66e50af0f1a7a6b515414259f339,300,5,1.0E-10,1.0E-5,6000,ATOMIC,300,[K]  300,XYZ,True,4858,0.040474,-20.58867736208,2.763969118416,1fd3e53e5db8bdd248e9879916c373b3a3870b1c14ef2fed9908648bc16bf59d,4858,4558,True,True,4858,0.040474,-20.58867736208,2.763969118416,1fd3e53e5db8bdd248e9879916c373b3a3870b1c14ef2fed9908648bc16bf59d,4858,4558,True
SZV/IL_25_z3-0,8,34.8,True,True,2023.1,ENERGY,SZV-MOLOPT-GTH,True,True,20,1,20.0,034636be5dd398e956942faad315d6f0658e23fdb463588aef57154c7094938b,e6e28f0624b3d6c541d7f9b6fdcfc0b0de17acd4f0b413b1d8e8e2dcde7a7879,2346,1250,998,98,3.0,3a7d3d2138170d456f095c515189407f3b8c5ff05da3ecf7b3d31b8fa9de7a03,300,5,1.0E-10,1.0E-5,6000,ATOMIC,300,[K]  300,XYZ,True,4845,0.03981,-20.585983435063998,2.768431785392,4593d61c85338eab0a61f69b33d06a45fbdf23a60325b512cee37c709521367e,4845,4545,True,True,4845,0.03981,-20.585983435063998,2.768431785392,4593d61c85338eab0a61f69b33d06a45fbdf23a60325b512cee37c709521367e,4845,4545,True
SZV/IL_25_z3-0,9,35.4,True,True,2023.1,ENERGY,SZV-MOLOPT-GTH,True,True,39,2,20.0,034636be5dd398e956942faad315d6f0658e23fdb463588aef57154c7094938b,d6547900feb93714acbbd85b35f1a0dbf51d668f9ddc3e3c56f2b1ad2789361f,2352,1250,1003,99,3.0,d646734c5d9628b03c245cb84abb2b66e2ab0fe17edd4af5a17241ac416a50f4,300,5,1.0E-10,1.0E-5,6000,ATOMIC,300,[K]  300,XYZ,True,4856,0.040401,-20.596949622816002,2.7601051018879996,ebf9c0507c30ee20c379a5d2c277fcf17985925f60c699384182888cca040bb5,4856,4556,True,True,4855,0.040401,-20.5969768342,2.75692136996,872d9ac2070297e3710ba25bd30935f0f04dd076d3bdbe57217d9f1757dd490e,4855,4555,True
SZV/IL_25_z3-30,0,30.0,True,True,2023.1,ENERGY,SZV-MOLOPT-GTH,True,True,20,2,20.0,034636be5dd398e956942faad315d6f0658e23fdb463588aef57154c7094938b,c362a82d71936e14ed1f125cb9611e4aae9e46548126868cd7b573fd4ce9854d,2358,1250,1009,99,3.3,30b277010b8b9186e41641f0528758ea85edd4fbbaa6c33b01cb25af4931da45,300,5,1.0E-10,1.0E-5,6000,ATOMIC,300,[K]  300,XYZ,True,4868,0.037373,-20.57343898704,2.731315457616,13210ce77d903b80ddb3910610a0ac4c1aab097f774e867408948f14f8e80059,4868,4568,True,True,4867,0.037373,-20.573466198423997,2.7274514410879998,0640f3ff2f27f1d3c44ca7c58834de2b30ace10293ab8142f3b28044223db355,4867,4567,True
SZV/IL_25_z3-30,10,36.0,True,True,2023.1,ENERGY,SZV-MOLOPT-GTH,True,True,40,2,20.0,034636be5dd398e956942faad315d6f0658e23fdb463588aef57154c7094938b,665b9e89414d53251bf031d3b193b06c533d11a985c19a8a30ebddacf97c03af,2348,1250,999,99,3.3,aa26e844513dbe31f4bfb9f11a206edd47baa5706d8186194094b539fa78e6d0,300,5,1.0E-10,1.0E-5,6000,ATOMIC,300,[K]  300,XYZ,True,4848,0.037836,-20.591507346015998,2.7136280580159995,6800d3fb3ad1bf4313f4faffeae794690f10a2500a21338b1870c885456685de,4848,4548,True,True,4847,0.037836,-20.591507346015998,2.7117776839039998,6e99a5f54449719e2a6e3bd8f4be5d344d88d7e15c7a533527dee0ed786ab2e4,4847,4547,True
SZV/IL_25_z3-30,11,36.6,True,True,2023.1,ENERGY,SZV-MOLOPT-GTH,True,True,24,1,20.0,034636be5dd398e956942faad315d6f0658e23fdb463588aef57154c7094938b,8e812009c9fe52dec3957610fe93d5c54e883c7ed0399678f28f8f6f9261de29,2350,1250,1002,98,3.3,f3e196f9e930754274b9a45c441f75b649e193c58914ec25706dfdb1d23dcec7,300,5,1.0E-10,1.0E-5,6000,ATOMIC,300,[K]  300,XYZ,True,4853,0.038045,-20.591588980168,2.7086483747440004,010e03773ad4b00196b648848d389f29a29fc4b3e63efe30436711fe1099f28c,4853,4553,True,True,4853,0.038045,-20.591588980168,2.7086483747440004,010e03773ad4b00196b648848d389f29a29fc4b3e63efe30436711fe1099f28c,4853,4553,True
SZV/IL_25_z3-30,12,37.2,True,True,2023.1,ENERGY,SZV-MOLOPT-GTH,True,True,23,1,20.0,034636be5dd398e956942faad315d6f0658e23fdb463588aef57154c7094938b,7cc51048da539993fc7fece1a7f246b25350c383a80365db47c6986bed53e1c5,2346,1250,998,98,3.3,a962305392f8d81841bb7ab9ed68ad962feda5e1b21ebcd7721366cfd0deaf42,300,5,1.0E-10,1.0E-5,6000,ATOMIC,300,[K]  300,XYZ,True,4845,0.03778,-20.588731784848,2.7137641149359997,dadbdae108fa6e5cf91627d8d4153cbe5433b43f5d2511fe1326128069981ef0,4845,4545,True,True,4845,0.03778,-20.588731784848,2.7137641149359997,dadbdae108fa6e5cf91627d8d4153cbe5433b43f5d2511fe1326128069981ef0,4845,4545,True
SZV/IL_25_z3-30,13,37.8,True,True,2023.1,ENERGY,SZV-MOLOPT-GTH,True,True,24,1,20.0,034636be5dd398e956942faad315d6f0658e23fdb463588aef57154c7094938b,f8572c1469320162db70268d95f9280cae27287e1e9cb876e05b483a6613d51a,2346,1250,998,98,3.3,da81edc74573a33182f83e9a90cea79edfd771f46278c9b42b0d3cacbcf1ed1f,300,5,1.0E-10,1.0E-5,6000,ATOMIC,300,[K]  300,XYZ,True,4845,0.037817,-20.591344077711998,2.717628131464,edbd043a1e8cebff97cb15e1c0c7958186fed72b2e86402a0a393cde1e6ac404,4845,4545,True,True,4845,0.037817,-20.591344077711998,2.717628131464,756f791a8b1176011ff225db4a8a92607b1362fc36d2cd62f426aeb5e3d921f7,4845,4545,True
SZV/IL_25_z3-30,14,38.4,True,True,2023.1,ENERGY,SZV-MOLOPT-GTH,True,True,93,2,20.0,034636be5dd398e956942faad315d6f0658e23fdb463588aef57154c7094938b,92aa08534c03cd0ce6ed7ea9fe45fa43d72602ce974a92115daf808710055930,2342,1250,995,97,3.3,be3c9e15959e7c253e53fefcffce5c6e1f99a12f4c527bb0a79ce31e1365855d,300,5,1.0E-10,1.0E-5,6000,ATOMIC,300,[K]  300,XYZ,True,4839,0.037856,-20.599371435992,2.716621310256,36754110f4593cf3187382b907966d0230a326bb667c139fde3bb67c5a6d3d77,4839,4539,True,True,4838,0.037856,-20.599398647376,2.713709692168,212bb198f508098c2adf7cac5e0b5d8909874c398661111871f9adc363835548,4838,4538,True
SZV/IL_25_z3-30,15,39.0,True,True,2023.1,ENERGY,SZV-MOLOPT-GTH,True,True,56,2,20.0,034636be5dd398e956942faad315d6f0658e23fdb463588aef57154c7094938b,8d8ebe2aea00b04e5ffe99518963da36874d718103600df2bc2a83858a691c86,2344,1250,997,97,3.3,68ba7078681c15003ccf6045247055ca04c37d9336e1b4823af51d8767fa1c79,300,5,1.0E-10,1.0E-5,6000,ATOMIC,300,[K]  300,XYZ,True,4843,0.037874,-20.593357720127997,2.7131926758720004,c9a205213e3bbff3ddca26874eb1b92bec3d184973945cdc5ec5bf8fcae1e142,4843,4543,True,True,4842,0.037874,-20.593384931512,2.710498748856,6951575ac9cb998b6a658768c51c3067e3d69aca993ebc34b1944a3fb8aa4530,4842,4542,True
SZV/IL_25_z3-30,16,39.6,True,True,2023.1,ENERGY,SZV-MOLOPT-GTH,True,True,114,2,20.0,034636be5dd398e956942faad315d6f0658e23fdb463588aef57154c7094938b,2ac562fb97376b91db4e0a09abc444547f97b464ebe031c604c8583ad5c555c2,2348,1250,1001,97,3.3,50dafa8d4fa8194e075d8c9acf014ba3a0376a2e48a568f1e586e799a1a0e708,300,5,1.0E-10,1.0E-5,6000,ATOMIC,300,[K]  300,XYZ,True,4851,0.038007,-20.587017467655997,2.71678457856,7df418bb8b6cd30bbf6f9a1f21562b2b2cca576e4fab9c3fc7350f261a10b829,4851,4551,True,True,4850,0.038007,-20.587017467655997,2.711423935912,c8c82f8e8a2b0d51bf29907fa3172a17b41b62e5b4cdf8d5da98be8f7d6dfcdf,4850,4550,True
SZV/IL_25_z3-30,17,40.2,True,True,2023.1,ENERGY,SZV-MOLOPT-GTH,True,True,33,1,20.0,034636be5dd398e956942faad315d6f0658e23fdb463588aef57154c7094938b,6c45f6226d541c485c2de8d2f8c047d9ce06b2af4fbc9f9e96a18ecc372a87ae,2342,1250,996,96,3.3,d9264d88a2e3140e2392a7011865a72cc230267fa25d65d68019df6595058099,300,5,1.0E-10,1.0E-5,6000,ATOMIC,300,[K]  300,XYZ,True,4840,0.037941,-20.597058468352,2.7094647162639998,84e7d76bc495b4439f9fc1bc2f4063b92c2d0fb8a91f0c1efaaacbcb32d960a5,4840,4540,True,True,4840,0.037941,-20.597058468352,2.7094647162639998,253260d664fd41744e6bfbe9168f09e3d76b25530a9108e8f97e259af99576c8,4840,4540,True
SZV/IL_25_z3-30,18,40.8,True,True,2023.1,ENERGY,SZV-MOLOPT-GTH,True,True,29,1,20.0,034636be5dd398e956942faad315d6f0658e23fdb463588aef57154c7094938b,279fe106b8c11eada7d30f78ad3b468730113ddd00f6089aa21abf4616ed79c8,2336,1250,990,96,3.3,77b9778710dc8223459c0fc9c2c0b716cb33bc919c524e79825b9c579e29bf6b,300,5,1.0E-10,1.0E-5,6000,ATOMIC,300,[K]  300,XYZ,True,4828,0.037593,-20.594908769015998,2.7116144156,e2271af1fdeab3312899db34639c91aa963d280fb9d6f1ee97a0ea463ba578ae,4828,4528,True,True,4828,0.037593,-20.594908769015998,2.7116144156,766efca7d087161f49e64ad04c7e0feecb657697b6bce8b505afeee41c2790b2,4828,4528,True
SZV/IL_25_z3-30,19,41.4,True,True,2023.1,ENERGY,SZV-MOLOPT-GTH,True,True,35,1,20.0,034636be5dd398e956942faad315d6f0658e23fdb463588aef57154c7094938b,3f782bdc459376fb9adf276d2a42c48a8cf14cd3b0cd64c7b6adb08ff9ad516b,2334,1250,988,96,3.3,764966cea1ab89259e8ff90a662f97b7353e6046a25cd16f11c05aec059e62ef,300,5,1.0E-10,1.0E-5,6000,ATOMIC,300,[K]  300,XYZ,True,4824,0.037415,-20.593820313655996,2.7160770825759997,f82a14c4a56f855eab6b9e607d829af902fffde812bf0a03ab7833ca1b95d66f,4824,4524,True,True,4824,0.037415,-20.593820313655996,2.7160770825759997,8593ae5b0f43de2aa1b468f941d8fd396eef389f7f7aa1d647ee2c5d03f34465,4824,4524,True
SZV/IL_25_z3-30,1,30.6,True,True,2023.1,ENERGY,SZV-MOLOPT-GTH,True,True,20,2,20.0,034636be5dd398e956942faad315d6f0658e23fdb463588aef57154c7094938b,fd8c8aca98fa7da21882f02a2ad5ca9193d70b2eb96df1ccb27327a36fd0b451,2358,1250,1009,99,3.3,76b52def447885c528a37a343493d578a827d214e2f93164c4b0f86a6277d750,300,5,1.0E-10,1.0E-5,6000,ATOMIC,300,[K]  300,XYZ,True,4868,0.037239,-20.575915222984,2.7341998643200003,c27d7f0943d35e2a60677a93d3990aba28fd0f47e5fbeeb9b6854cb19bf55165,4868,4568,True,True,4867,0.037239,-20.575915222984,2.733220254496,895a03094cfaa87c36e4dd788dab407f50471eadf242d066cd0562d2f303b4ab,4867,4567,True
SZV/IL_25_z3-30,20,42.0,True,True,2023.1,ENERGY,SZV-MOLOPT-GTH,True,True,197,2,20.0,034636be5dd398e956942faad315d6f0658e23fdb463588aef57154c7094938b,682b89ec1ce4c8621ff803d65d70603421d0091311b5dc29291c987b86becf72,2334,1250,989,95,3.3,8582b193cd7eaab2cb967ccdcab64f9871a1af0593a6c40ece1e3478fa99f33e,300,5,1.0E-10,1.0E-5,6000,ATOMIC,300,[K]  300,XYZ,True,4826,0.03761,-20.598500671704,2.715777757352,7f8697c32abb36dde0ed15db9a0417b7420ad4434b78967a8e91b6a2ea5c32c5,4826,4526,True,True,4825,0.03761,-20.598500671704,2.710607594392,a15191d46e6a2839fc2f64be37e358740f22c1723c69f310509e07fc5438173b,4825,4525,True
SZV/IL_25_z3-30,21,42.6,True,True,2023.1,ENERGY,SZV-MOLOPT-GTH,True,True,196,2,20.0,034636be5dd398e956942faad315d6f0658e23fdb463588aef57154c7094938b,f041ef2181ea2b6241a205a7d80f3d4977f0e9dd99cf4223e4dc9be4d80fdc52,2334,1250,989,95,3.3,849815c39620b5936ff703bb55d15ddaacb70153871a188f101d47bdfc451216,300,5,1.0E-10,1.0E-5,6000,ATOMIC,300,[K]  300,XYZ,True,4826,0.037423,-20.591888305392,2.7132198872560003,a2ed8ebbeec2ac4982acb5a66b3fb27357ea319b63415122dbbbd8957686e566,4826,4526,True,True,4825,0.037423,-20.59194272816,2.7119137408240004,e4f134583e903a4fef2b409135e95454e3c7293040214852445e5c9aa45c30cd,4825,4525,True
SZV/IL_25_z3-30,22,43.2,True,True,2023.1,ENERGY,SZV-MOLOPT-GTH,True,True,36,1,20.0,034636be5dd398e956942faad315d6f0658e23fdb463588aef57154c7094938b,8400021310fdd1ef2730cd92472e5469cf479b7e3b7384f6b8695d268020c1ec,2332,1250,988,94,3.3,25a729aaf52f96663953f14a14ebc7a77304ec1e583238698f4d5d37ad1fb6e1,300,5,1.0E-10,1.0E-5,6000,ATOMIC,300,[K]  300,XYZ,True,4823,0.037434,-20.595044825935997,2.7081041470639997,8ec936df011d5a69b5d186792589d91034dfb70fabc4c1bb461c2f494bde8096,4823,4523,True,True,4823,0.037434,-20.595044825935997,2.7081041470639997,d5b810f440ad37ee42d17f7d6505464af64a2f00c9f691ce4f5e7a97021b0f6d,4823,4523,True
SZV/IL_25_z3-30,23,43.8,True,True,2023.1,ENERGY,SZV-MOLOPT-GTH,True,True,310,2,20.0,034636be5dd398e956942faad315d6f0658e23fdb463588aef57154c7094938b,88fe4348c4778ce6c90deff356e11006ad013c3e924888fe56fa3bdcd87ef55e,2328,1250,985,93,3.3,165b4bc598995f7bdaa5a4be3d06799cab74d6a223b127676b02c48b2d4ab26e,300,5,1.0E-10,1.0E-5,6000,ATOMIC,300,[K]  300,XYZ,True,4817,0.037217,-20.593520988432,2.716294773648,6009315460025e2c8898bde22d76413bcf42ce416581c7a190cb4bb6565168f3,4817,4517,True,True,4816,0.037217,-20.593548199816,2.7087844316639997,90187ab1ee5e492a6aa673fd151ebea191d98be5b41bb259437f1fb8ffa45e6a,4816,4516,True
SZV/IL_25_z3-30,24,44.4,True,True,2023.1,ENERGY,SZV-MOLOPT-GTH,True,True,43,1,20.0,034636be5dd398e956942faad315d6f0658e23fdb463588aef57154c7094938b,6cdfc45ea6754b1fd991b8562d857a50ba8d3e10339edc21d5ca88db59bcf663,2330,1250,986,94,3.3,7fab2a649023ff26c79322f82bca6c619cdfb082b8d4129ad69826115fbaf273,300,5,1.0E-10,1.0E-5,6000,ATOMIC,300,[K]  300,XYZ,True,4819,0.037323,-20.595970012991998,2.713600846632,5ae49275980ed5c3fc38dabb69301a98f8213ca3285020f0590490b994fd12a0,4819,4519,True,True,4819,0.037323,-20.595970012991998,2.713600846632,ef49d2361ee98d6de57464c96c2ece1c98654e911202bf2eef55ec88e362cd71,4819,4519,True
SZV/IL_25_z3-30,25,45.0,True,True,2023.1,ENERGY,SZV-MOLOPT-GTH,True,True,47,1,20.0,034636be5dd398e956942faad315d6f0658e23fdb463588aef57154c7094938b,e0e5160b4216bd57f42d2fcd07374486e16271141270406e8cfaff8ae218977e,2328,1250,984,94,3.3,d51a8654523e776228b1317238385ea064422bb7fe4884ae49d3d2d06411de96,300,5,1.0E-10,1.0E-5,6000,ATOMIC,300,[K]  300,XYZ,True,4815,0.0372,-20.595942801607997,2.717655342848,2682abcea74539880b3d7e2485f0a8fbf93daac9e14e0f424f42f6070bffc118,4815,4515,True,True,4815,0.0372,-20.595942801607997,2.717655342848,23b091400643029d17426c3af9494e3d4dfd5f17451f07e2f204b4998f73d22c,4815,4515,True
SZV/IL_25_z3-30,26,45.6,True,True,2023.1,ENERGY,SZV-MOLOPT-GTH,True,True,228,2,20.0,034636be5dd398e956942faad315d6f0658e23fdb463588aef57154c7094938b,79890f6e834c59e8a2a4f9672db0397c24a1f877ca54da42f400b558d8e3a516,2324,1250,983,91,3.3,ef677082a70624b42f800b317d00744fa94e830c731e1cddfbb5f06cf821ab9f,300,5,1.0E-10,1.0E-5,6000,ATOMIC,300,[K]  300,XYZ,True,4812,0.036879,-20.58432354064,2.715070261368,801467389e888eda6c000977e13b824d4c0b0c146f276bf51f51e0612b7ad814,4812,4512,True,True,4811,0.036879,-20.584405174792,2.713355944176,a655e03bd9c627c8badaf22ddcdebbe182a830d4bcbe26574afee27a60cfa75a,4811,4511,True
SZV/IL_25_z3-30,27,46.2,True,True,2023.1,ENERGY,SZV-MOLOPT-GTH,True,True,341,2,20.0,034636be5dd398e956942faad315d6f0658e23fdb463588aef57154c7094938b,581c4ff5082d6435befd6732c1dbd53684b7ae9b304094327c6dfecba21b67b3,2324,1250,983,91,3.3,9d7f68265f393537d96e5c189696f01334bc54d0d085e0e027d6275967c8ed8a,300,5,1.0E-10,1.0E-5,6000,ATOMIC,300,[K]  300,XYZ,True,4812,0.036877,-20.581439133936,2.7170566924,280666fc9b748eabc2645d2029f3d260da2bbc272f43346adcc30ef995941a3f,4812,4512,True,True,4811,0.036877,-20.581411922552,2.7085939519760003,9d5347e52431c551d8e7b2a800029d1cbf7badf068f4aabf221a641138745b20,4811,4511,True
SZV/IL_25_z3-30,28,46.8,True,True,2023.1,ENERGY,SZV-MOLOPT-GTH,True,True,215,2,20.0,034636be5dd398e956942faad315d6f0658e23fdb463588aef57154c7094938b,ed68b837d86aee7f4c80b7decae4f6a12ed92322a91e52f5eff8b14680234e61,2322,1250,981,91,3.3,d2a1929e368a5a956417a620cabca76816b5678f5e1a47b40b089011d5b266ac,300,5,1.0E-10,1.0E-5,6000,ATOMIC,300,[K]  300,XYZ,True,4808,0.036773,-20.580894906256002,2.71651246472,c47ca7b3da2dfd59b011d658636399cb6c4b5159545c0c20591e25d48ff76972,4808,4508,True,True,4807,0.036773,-20.580949329023998,2.7126484481919997,b686048b8da806fe521372145976e062544bfcf1339891e27350e876f7f28d73,4807,4507,True
SZV/IL_25_z3-30,29,47.4,True,True,2023.1,ENERGY,SZV-MOLOPT-GTH,True,True,55,1,20.0,034636be5dd398e956942faad315d6f0658e23fdb463588aef57154c7094938b,ecdceae6a3b402ca89e002a853426fba4e2f2f0e8e2ee889bc59e8bc94eb06ab,2318,1250,978,90,3.3,3dce3255f0b93e6be4859de80d6743c7d4562f74d4a20529e623204a29981331,300,5,1.0E-10,1.0E-5,6000,ATOMIC,300,[K]  300,XYZ,True,4801,0.036466,-20.576405027895998,2.7211384,4bce51e9853bcdbf40ced5b865e1dbcea721c604042e985ca98052b97d04a74a,4801,4501,True,True,4801,0.036466,-20.576405027895998,2.7211384,c24dd47f9883c43597920d3a2149edf85ae9712e49d089886d3057de77a4c32b,4801,4501,True
SZV/IL_25_z3-30,2,31.2,True,True,2023.1,ENERGY,SZV-MOLOPT-GTH,True,True,48,2,20.0,034636be5dd398e956942faad315d6f0658e23fdb463588aef57154c7094938b,a8bdd7b540445a3f0d97583ccdf3979e21ed045ffb02cc3fc51f9f3f866e7115,2352,1250,1005,97,3.3,66c48c89f60f3acaa581628f354c5d560248312d9103e8721a80f0f205816689,300,5,1.0E-10,1.0E-5,6000,ATOMIC,300,[K]  300,XYZ,True,4859,0.037191,-20.575643109143996,2.725383375904,dd340f6a5dc29ef633a7e6327441fbbdc0d5e3b32b6f301f2c339000c02eb951,4859,4559,True,True,4858,0.037191,-20.575643109143996,2.724294920544,1749eba2d46e25a7a9910da075b0424d97ec219fa3fca2527e5f4a83d86bb426,4858,4558,True
SZV/IL_25_z3-30,30,48.0,True,True,2023.1,ENERGY,SZV-MOLOPT-GTH,True,True,62,1,20.0,034636be5dd398e956942faad315d6f0658e23fdb463588aef57154c7094938b,426bb8865965d6a9b0b69d160f45e3432fadcad98ad1a664e24eb190199308ef,2318,1250,978,90,3.3,53d3654b6d870e0ddfacf87f55d3e17aa9d32b9639db94037d713263965d2f87,300,5,1.0E-10,1.0E-5,6000,ATOMIC,300,[K]  300,XYZ,True,4801,0.036462,-20.577711174328,2.7200227332559996,a35abf179789c8a7a76151a7ba319b523278be57d9b5e4ae2d7173dff5846380,4801,4501,True,True,4801,0.036462,-20.577711174328,2.7200227332559996,a4a64887b8e4bd3500d3378c2d68087b8e8c8e6b117c9f3619bd424d9aa2533c,4801,4501,True
SZV/IL_25_z3-30,31,48.6,True,True,2023.1,ENERGY,SZV-MOLOPT-GTH,True,True,64,1,20.0,034636be5dd398e956942faad315d6f0658e23fdb463588aef57154c7094938b,8401da2bb46376142451098aeeea5fd56f0a6893e1a3b6b293aa057becc4025f,2320,1250,980,90,3.3,3b9999d7a5b803a5e9b809465dbf7ca2d254d3fc6c52c175dcd8c18ebbf557d5,300,5,1.0E-10,1.0E-5,6000,ATOMIC,300,[K]  300,XYZ,True,4805,0.036394,-20.569901507119997,2.7161042939599995,ec9714f070643ada1c83a24d94fc00d109b76c00923df712280411580314b1eb,4805,4505,True,True,4805,0.036394,-20.569901507119997,2.7161042939599995,4bbafa2a6f7b76e58831281cf95b9e834b07283f3e582594fc0d327d3a7588f1,4805,4505,True
SZV/IL_25_z3-30,33,49.8,True,True,2026.1,ENERGY,SZV-MOLOPT-GTH,True,True,46,2,20.0,aeb6ce770879706e14aa66e8a7bc07e7b23460792463fd1bf0551807d4e2890d,00e459ac1e9af57566bab2a7dd43cf801e8653287d184046e61150fad18eeff5,2316,1250,977,89,3.3,fc400896e4137de9e07fdc3fff3cc6d2447d6be0329f5423f5186fa50cb01094,300,5,1.0E-10,1.0E-5,6000,RESTART,300,[K]  300,XYZ,True,4799,0.036221,-20.568187189928,2.728675953368,b1ddfb001620f4ac5c721dbaec9f7bcad939083539dbf34fec947f50d97ec1f4,4799,4499,True,True,4798,0.036221,-20.568187189928,2.724757514072,d03c862d7f79c33d3ec38105a48628ac8528a51677c71dea7e323430291e0451,4798,4498,True
SZV/IL_25_z3-30,34,50.4,True,True,2023.1,ENERGY,SZV-MOLOPT-GTH,True,True,62,1,20.0,034636be5dd398e956942faad315d6f0658e23fdb463588aef57154c7094938b,92c0e912437c9c3f1b7f956d3d226e907a00b365e39be4b50ae6f0d6fa629bb7,2312,1250,974,88,3.3,57c479512ba66fbfeea10bd92cedac4f60bb8a83be3da84ceafe3ff0293112f2,300,5,1.0E-10,1.0E-5,6000,ATOMIC,300,[K]  300,XYZ,True,4792,0.035772,-20.558445514456,2.7293018152,6018bfeb0f06642d1ed7d438def3565d836ce7e5fe80792615ff5ddf6b03a06e,4792,4492,True,True,4792,0.035772,-20.558445514456,2.7293018152,fb90ff851b1469e1256e22867bd85a1facf98aad564ff6b1f5cab894fa994ffb,4792,4492,True
SZV/IL_25_z3-30,35,51.0,True,True,2023.1,ENERGY,SZV-MOLOPT-GTH,True,True,82,1,20.0,034636be5dd398e956942faad315d6f0658e23fdb463588aef57154c7094938b,6e22dafb370e036c3043efa1c9ddc6cba0e69fd200570c822f17f2ee7e9b91f3,2312,1250,974,88,3.3,c37ed38f73041b56ff4e4e983318affe2515b4f6fef0e8732c5bbdfd314e4b3a,300,5,1.0E-10,1.0E-5,6000,ATOMIC,300,[K]  300,XYZ,True,4792,0.035791,-20.559289067359998,2.740023100496,6717250e140cbb488872c311bfd82c4443b5e8d3ddfc45c59a771b449481d370,4792,4492,True,True,4792,0.035791,-20.559289067359998,2.740023100496,a6425f466c85d51e815c733bd1881a4ef53df619448d60c7af3672213909096d,4792,4492,True
SZV/IL_25_z3-30,36,51.6,True,True,2023.1,ENERGY,SZV-MOLOPT-GTH,True,True,67,1,20.0,034636be5dd398e956942faad315d6f0658e23fdb463588aef57154c7094938b,01017ac16537f32c729367cc2666e0dc49819c3e8e3962f2b578323d8ee7c833,2312,1250,974,88,3.3,f14bf2d7c3fe7f9cb5427fa5ee941d7b9d81a920ffa15acf1ad0f3f31b072ce2,300,5,1.0E-10,1.0E-5,6000,ATOMIC,300,[K]  300,XYZ,True,4792,0.035633,-20.554635920696,2.7451116293039997,152b971b5d45d0b2f17d9c1eb040857cbf8a4e0d889ff911c58bc6c45d010c63,4792,4492,True,True,4792,0.035633,-20.554635920696,2.7451116293039997,0acad330f910f80eef150433e1681a48c171ffe463e23338b4d3fec43aa1f8e3,4792,4492,True
SZV/IL_25_z3-30,37,52.2,True,True,2023.1,ENERGY,SZV-MOLOPT-GTH,True,True,75,1,20.0,034636be5dd398e956942faad315d6f0658e23fdb463588aef57154c7094938b,a96ceea457798df309032c4fa692da1d93858f84edbb45769f43310412b76462,2312,1250,974,88,3.3,b94071ad71ffdf827b977106f69cb20d29e0505b2918a227b606b314ea6a1964,300,5,1.0E-10,1.0E-5,6000,ATOMIC,300,[K]  300,XYZ,True,4792,0.03535,-20.540975805928,2.7448667268480005,993d6d21343b55e56bd0789b874cd6731a45ebaff65fcea5bda402eb75081b81,4792,4492,True,True,4792,0.03535,-20.540975805928,2.7448667268480005,79a9771655845a74e954bf01af074dc89b7a412f8a7c9605c43413cb517ba838,4792,4492,True
SZV/IL_25_z3-30,38,52.8,True,True,2023.1,ENERGY,SZV-MOLOPT-GTH,True,True,109,1,20.0,034636be5dd398e956942faad315d6f0658e23fdb463588aef57154c7094938b,05e26e84b199fdeef316f3f55bdf53cdc92a56d923c24c06f39355e95c74e4a8,2306,1250,970,86,3.3,255c6c35eedc117a8ef1018e8d62a587586f98ee1555d43540c05cf383a1d93f,300,5,1.0E-10,1.0E-5,6000,ATOMIC,300,[K]  300,XYZ,True,4783,0.03495,-20.534390651,2.747206905872,8b43f7aec06b9d3a095a70c821df75be5c2cc89a18844a127d97442fc9c9f841,4783,4483,True,True,4783,0.03495,-20.534390651,2.747206905872,f3d09a29470ce1e4484a3862e47fcb979ec4c18cbecd33afb43ff62ddb431eca,4783,4483,True
SZV/IL_25_z3-30,39,53.4,True,True,2023.1,ENERGY,SZV-MOLOPT-GTH,True,True,77,1,20.0,034636be5dd398e956942faad315d6f0658e23fdb463588aef57154c7094938b,c349af76ef475b5adb6c542098a6ddb2661802ce6e039c56edda50512a769717,2306,1250,970,86,3.3,85839868e38afd27bb99b980cf5ad41c0223d6da0f2987f09fd74ef5b2dcde4c,300,5,1.0E-10,1.0E-5,6000,ATOMIC,300,[K]  300,XYZ,True,4783,0.034743,-20.529383756343996,2.753438312808,fe5264751e9a4979892202ecf046219ccb774ac99734bf1c668943431c1a8ff9,4783,4483,True,True,4783,0.034743,-20.529383756343996,2.753438312808,e1a3a8828054bd5452d6b01e6b77e67c69aa14a1c33c0c9500ed77381c9fb7db,4783,4483,True
SZV/IL_25_z3-30,3,31.8,True,True,2023.1,ENERGY,SZV-MOLOPT-GTH,True,True,20,1,20.0,034636be5dd398e956942faad315d6f0658e23fdb463588aef57154c7094938b,c83d9a80a7324e0fc34b379b391f788df88f657247870fc88d78ad52ad5d8467,2360,1250,1010,100,3.3,6184036f1857dbd26db98cd9fda9aed238971ad8d7c27f6b04e3cd3cbd25dd0f,300,5,1.0E-10,1.0E-5,6000,ATOMIC,300,[K]  300,XYZ,True,4870,0.035951,-20.533084504568,2.771506671784,fe84b9bbccad525ee2232afb3dd04788166dffd0b85e343983056710c0a85862,4870,4570,True,True,4870,0.035951,-20.533084504568,2.771506671784,fe84b9bbccad525ee2232afb3dd04788166dffd0b85e343983056710c0a85862,4870,4570,True
SZV/IL_25_z3-30,40,54.0,True,True,2023.1,ENERGY,SZV-MOLOPT-GTH,True,True,90,1,20.0,034636be5dd398e956942faad315d6f0658e23fdb463588aef57154c7094938b,6a4882fec8da15a010731d12f899b6196da06c19e73ba3dfe37f1c4da0dd0352,2306,1250,970,86,3.3,0927a2393a45f9dade968080a8e2d1fb5d1321121d11fae8772ac205ccb3bcbb,300,5,1.0E-10,1.0E-5,6000,ATOMIC,300,[K]  300,XYZ,True,4783,0.034416,-20.508213299591997,2.7553431096879994,11d6b1ba83259b742f3ce0cfa9ea92d2dcb1b00fd43fb94572a978a2e103bf0e,4783,4483,True,True,4783,0.034416,-20.508213299591997,2.7553431096879994,a68d644ab3c3f4b99a1bf3ef13228cf6fc8103ef1cd7e0e78e12b2938dd15b01,4783,4483,True
SZV/IL_25_z3-30,41,54.6,True,True,2023.1,ENERGY,SZV-MOLOPT-GTH,True,True,92,1,20.0,034636be5dd398e956942faad315d6f0658e23fdb463588aef57154c7094938b,4ef1337d7615c0b0a54523cc578b577cafb05a5c5722438f740041b7f68383ab,2304,1250,968,86,3.3,4bcd3a138f3058904c0fa647be6ef513b62cb2e56ed8631f4d630d584dac3f81,300,5,1.0E-10,1.0E-5,6000,ATOMIC,300,[K]  300,XYZ,True,4779,0.034249,-20.504975144895997,2.7606221181839996,cd1ae9f925a7d9ad96923b81eb393472c680bdf525d04973b1e54568b5079a7d,4779,4479,True,True,4779,0.034249,-20.504975144895997,2.7606221181839996,c4cbfb3c876a16972f5a9f0ab75eeb6589eeca42e690dff73e52c907cd977fcd,4779,4479,True
SZV/IL_25_z3-30,42,55.2,True,True,2023.1,ENERGY,SZV-MOLOPT-GTH,True,True,416,2,20.0,034636be5dd398e956942faad315d6f0658e23fdb463588aef57154c7094938b,31db006985668638c84fe1b1bb50c500fcef8a1f0eeeb30c18f3429aeb7f94b9,2302,1250,967,85,3.3,d9a5ae02b34dd9c5ecc5751d98bf1e01253a528861fe24b07733a51b3ac99318,300,5,1.0E-10,1.0E-5,6000,ATOMIC,300,[K]  300,XYZ,True,4777,0.033785,-20.494634818975996,2.7786360543919995,c8740ecae316843c1ded4803c21ad8b3332b38dc2fdbdc2d0437834daa1ab337,4777,4477,True,True,4776,0.033785,-20.494716453127996,2.774527135408,b54c5927307e0320094d383a1805ebedaeb715d55f796ccaf94410653d928feb,4776,4476,True
SZV/IL_25_z3-30,43,55.8,True,True,2023.1,ENERGY,SZV-MOLOPT-GTH,True,True,424,2,20.0,034636be5dd398e956942faad315d6f0658e23fdb463588aef57154c7094938b,4f522782692c0f7a6cc55ba9009da995caaa0355d3b5920b355d36488e1782ab,2308,1250,971,87,3.3,888d120fe493a9264627c195bab841093b13fd05955a4eaa8bdac10de474a73e,300,5,1.0E-10,1.0E-5,6000,ATOMIC,300,[K]  300,XYZ,True,4786,0.034099,-20.481654988808,2.778309517784,da9076869380954d3755a1310ce4dd0d8d792af5cda6556940dc9cdb9bd65e15,4786,4486,True,True,4785,0.034099,-20.481709411576,2.773765216656,5360f126ccb9d921dc879092c5ea5e6795bba63b2990b7cefb896554b81a0649,4785,4485,True
SZV/IL_25_z3-30,44,56.4,True,True,2023.1,ENERGY,SZV-MOLOPT-GTH,True,True,5170,2,20.0,aeb6ce770879706e14aa66e8a7bc07e7b23460792463fd1bf0551807d4e2890d,4fa1c40a066cf3e46c2c6afb94dcf55bf34e163698801dc9a35d0043ef69d8d4,2304,1250,967,87,3.3,9686cca04fa811892fffeecd632759101df74c4633d508cbb9264e516c6b537c,300,5,1.0E-10,1.0E-5,6000,RESTART,300,[K]  300,XYZ,True,4778,0.034329,-20.500730168991996,2.764241232256,958e48de9b7091d496d520c7f06d5dabf210913edc56f585da82bf1e33ed4476,4778,4478,True,True,4777,0.034329,-20.500730168991996,2.7637786387279997,c58a5e73a7e3632674ff5bc305836151b1b178cda3099c8c48e2550323c2daf0,4777,4477,True
SZV/IL_25_z3-30,45,57.0,True,True,2023.1,ENERGY,SZV-MOLOPT-GTH,True,True,114,1,20.0,034636be5dd398e956942faad315d6f0658e23fdb463588aef57154c7094938b,c96ba9faa737269db7f09f1f9cf8a2c3fe76d8694df98c6aeb783fdf0d5bf023,2296,1250,960,86,3.3,6bf251cb88cda760ed85f7208a996bcae522e13b6239b174558cebab7ef1a353,300,5,1.0E-10,1.0E-5,6000,ATOMIC,300,[K]  300,XYZ,True,4763,0.03316,-20.497546437063995,2.7932485675999996,8f8c10c17317b6d2ad34dc4fc9744a115feccdd19e7b79366a3146740ba4103e,4763,4463,True,True,4763,0.03316,-20.497546437063995,2.793221356216,2304a909a1472d9e1d6c5dab9912e8c356e70bbb9103952dbe3876e90b000de3,4763,4463,True
SZV/IL_25_z3-30,46,57.6,True,True,2023.1,ENERGY,SZV-MOLOPT-GTH,True,True,883,2,20.0,034636be5dd398e956942faad315d6f0658e23fdb463588aef57154c7094938b,770aeabfb6ea7d78dd5afc1c8c4c4caa49d535a82bee862690b848f040832a91,2302,1250,967,85,3.3,8340639b943ca556dcab0f104af9e91e28c2d337437cee58d20b22004f79fa00,300,5,1.0E-10,1.0E-5,6000,ATOMIC,300,[K]  300,XYZ,True,4777,0.032818,-20.481927102648,2.8112897151919998,e9b0442a17adbec03b873ea034b2d77c163824f2e5d9e845acc4a4e0ff47af82,4777,4477,True,True,4776,0.032818,-20.481954314032,2.808949536168,8ff5e26c3427eb6442a99dbdab89ea426f5a751924baabf7528eab372e9792ae,4776,4476,True
SZV/IL_25_z3-30,47,58.2,True,True,2023.1,ENERGY,SZV-MOLOPT-GTH,True,True,424,2,20.0,034636be5dd398e956942faad315d6f0658e23fdb463588aef57154c7094938b,3b2979434fb325978e07946dd163b377480d337d0b4f92444284eafc26f77c49,2292,1250,957,85,3.3,46116b0172eb14ffcca0d5f915a625169d24f9e086b4e871cd5fb29174737764,300,5,1.0E-10,1.0E-5,6000,ATOMIC,300,[K]  300,XYZ,True,4757,0.032202,-20.477872606431998,2.8325690174799996,a25ec809b8e93c5223cd9083a8da54d492e62b7f405d44d65d72763d7150a09d,4757,4457,True,True,4756,0.032202,-20.477872606431998,2.8257389600959995,e8233c664eb83e5b1728452f6e682eff922eea43a4bb271bef0a193185612485,4756,4456,True
SZV/IL_25_z3-30,48,58.8,True,True,2023.1,ENERGY,SZV-MOLOPT-GTH,True,True,1134,2,20.0,aeb6ce770879706e14aa66e8a7bc07e7b23460792463fd1bf0551807d4e2890d,7f4fcbc8250dd81b087fd0aa07ad61fdeafc79270e8df523e2d60599471b58e9,2290,1250,955,85,3.3,5fa1f326280943b595371ab88251a981beab59af63fa2b659db2e9274a38a6dd,300,5,1.0E-10,1.0E-5,6000,RESTART,300,[K]  300,XYZ,True,4753,0.032638,-20.491070127672,2.817521122128,424f5b70495d81e8b2522b1d59d9b60f632dd9c2f3b545feb1c348343f8aead4,4753,4453,True,True,4752,0.032638,-20.491070127672,2.8135754714479995,76ab14ca97454116f1a02f9a641bec66de87524499d4620e053463f53d037bea,4752,4452,True
SZV/IL_25_z3-30,49,59.4,True,True,2023.1,ENERGY,SZV-MOLOPT-GTH,True,True,357,2,20.0,034636be5dd398e956942faad315d6f0658e23fdb463588aef57154c7094938b,b96feb2ca53265b2a5c39d21f52c5621a9606a244884b3668df12a13a277de6a,2316,1250,981,85,3.3,ceb6c15d2834f7a1d1a86074f96b80ef768a1621172ccad47b84073d05460ddc,300,5,1.0E-10,1.0E-5,6000,ATOMIC,300,[K]  300,XYZ,True,4805,0.034897,-20.505220047351997,2.77447271264,e93da9298c3e364a5e156a53099f5b34d101190ee14ff0d459f0d90bff7d7d1d,4805,4505,True,True,4804,0.034897,-20.505247258736,2.7695202407519997,9aac951d102a364d7a7315cf75e04e2efeb57f338d4eb6c47467fbb90a9ac47f,4804,4504,True
SZV/IL_25_z3-30,4,32.4,True,True,2023.1,ENERGY,SZV-MOLOPT-GTH,True,True,37,2,20.0,034636be5dd398e956942faad315d6f0658e23fdb463588aef57154c7094938b,e823d3d18a8f62260fd2715c25115a8a1af4a20d8cd53a8783eda7e8603f71f1,2354,1250,1005,99,3.3,5010cfd811858fd5d9a4711569ebd04b4c57bcad5f75015419fc899b56c22996,300,5,1.0E-10,1.0E-5,6000,ATOMIC,300,[K]  300,XYZ,True,4860,0.037562,-20.583153451128,2.726090871888,46f41bde88f78a50a48809d03a9f50f4bd2c40f73bd61370fcecbf4e2a79164a,4860,4560,True,True,4859,0.037562,-20.583153451128,2.723669058712,f870f87036960f1f72c4deea07eae0cf9173b25e8642f5ca35f8b1938bada5a1,4859,4559,True
SZV/IL_25_z3-30,50,60.0,True,True,2023.1,ENERGY,SZV-MOLOPT-GTH,True,True,157,1,20.0,034636be5dd398e956942faad315d6f0658e23fdb463588aef57154c7094938b,19e7f52a6172e45594edfcbdef899d8ecb7a9a72903f53c215a0e655dc4719fd,2320,1250,986,84,3.3,b87ff56fa8b3562da8ecd0aa8f09366af0412750a037f56f29e8f19385eb25f2,300,5,1.0E-10,1.0E-5,6000,ATOMIC,300,[K]  300,XYZ,True,4814,0.035402,-20.518118243368,2.7634248907359997,b04b8df7427582aa472cd89a904c3378c43f948f8241a40dd273b41b90968423,4814,4514,True,True,4814,0.035402,-20.518118243368,2.7634248907359997,a8404fd9181773483c33a1edad66625aab800bd1e696d804ef0eae867e926ff5,4814,4514,True
SZV/IL_25_z3-30,51,60.6,True,True,2023.1,ENERGY,SZV-MOLOPT-GTH,True,True,631,2,20.0,034636be5dd398e956942faad315d6f0658e23fdb463588aef57154c7094938b,ae81c6af70f0daeb163ca68e915a56bf06d870d3114878e2e2471b2f34b337a7,2284,1250,951,83,3.3,483e5ba30054eec892ab5449279b9ae7071fe8f586bfceb5ab1872bcd113833c,300,5,1.0E-10,1.0E-5,6000,ATOMIC,300,[K]  300,XYZ,True,4744,0.033327,-20.521301975296,2.793683949744,436674935b96341018681e98d928cca5b0fb1e47a77765713ff1346e0d69215b,4744,4444,True,True,4743,0.033327,-20.521301975296,2.7872348517359997,ba4e5161dc90b56c68c65a49047b80cad301bb761f7d5ab833bb1fb0f7aa410f,4743,4443,True
SZV/IL_25_z3-30,52,61.2,True,True,2023.1,ENERGY,SZV-MOLOPT-GTH,False,True,,2,20.0,aeb6ce770879706e14aa66e8a7bc07e7b23460792463fd1bf0551807d4e2890d,c4ae4060baf51d1f453c44b593ecbcc20d827adcca8cd15c234fee491a651693,2284,1250,951,83,3.3,648fe0e042b7bb60972ec0229024821c82f3843f030b2cdf84c3cb1f91f46869,300,5,1.0E-10,1.0E-5,6000,RESTART,300,[K]  300,XYZ,True,4744,0.032664,-20.49507020112,2.809384918312,b2ea99df1711681085211039ee2524a9147b18aa98f841083ef13f4bfccf99ef,4744,4444,True,True,4743,0.032664,-20.495151835272,2.807861080808,740219e2db80f6749e192e142c523b84dbb25f54241b756a71fadd196a5dbe9b,4743,4443,True
SZV/IL_25_z3-30,53,61.8,True,True,2023.1,ENERGY,SZV-MOLOPT-GTH,True,True,105,1,20.0,034636be5dd398e956942faad315d6f0658e23fdb463588aef57154c7094938b,9ad1cfe162af5e6f4791182fae5c669bdda4a672bfe74397c6c5310e30e8fa67,2306,1250,972,84,3.3,8380365b53d3e03ad1efaccbf566f01f1cf5ca32e1c2f811c43bd1769cb447b2,300,5,1.0E-10,1.0E-5,6000,ATOMIC,300,[K]  300,XYZ,True,4786,0.032971,-20.470634378288,2.81828304088,72d49d4dcd033ed47c9180051894b9eadc972c5db6aadf1d089f505b4ca8109c,4786,4486,True,True,4786,0.032971,-20.470634378288,2.81828304088,e76fddd343c2d9c4da688ae1cecbbb179e8c5faf4c7eb808eb903eb385d62174,4786,4486,True
SZV/IL_25_z3-30,54,62.4,True,True,2023.1,ENERGY,SZV-MOLOPT-GTH,False,True,,2,20.0,aeb6ce770879706e14aa66e8a7bc07e7b23460792463fd1bf0551807d4e2890d,0f93a4a93ddf6f6d1e86ff4824211f66a8e91d6e4bad0b9a09416420a3098bca,2304,1250,969,85,3.3,d25dfb9b960d90abb2eb886ae87202dea3bd1289b6f44d9297b261f3ff25d011,300,5,1.0E-10,1.0E-5,6000,RESTART,300,[K]  300,XYZ,True,4781,0.032998,-20.484539395511998,2.806146763616,4d70a953b0f537fa352c2b9e102cc5ef49ac4cad80ba6882b44ee33be2573063,4781,4481,True,True,4780,0.032998,-20.484321704439996,2.807915503576,071a78b371948250841cd6deeb5cc7ed771101b1d77919ac35a6ddb719039007,4780,4480,True
SZV/IL_25_z3-30,55,63.0,True,True,2023.1,ENERGY,SZV-MOLOPT-GTH,True,True,587,2,20.0,034636be5dd398e956942faad315d6f0658e23fdb463588aef57154c7094938b,997d47fd7df60282e3c10773080c9339d51e273a707614029aa7171c691b6784,2298,1250,963,85,3.3,8d184406477e8de30dc9199900684b07ea6d1b10fb0df2ecb052f5e05c40c5ff,300,5,1.0E-10,1.0E-5,6000,ATOMIC,300,[K]  300,XYZ,True,4769,0.033475,-20.501083916983998,2.7902281039759997,d1fd995637d13fc135ea68e1f612838014115090ef7a3d12b3f72d9cc9b21a36,4769,4469,True,True,4768,0.033475,-20.501138339752,2.7884593640159996,c20cad1e6c03ca9651eb22b24fb9e7151300476c925899475928d57c3f68e04e,4768,4468,True
SZV/IL_25_z3-30,5,33.0,True,True,2023.1,ENERGY,SZV-MOLOPT-GTH,True,True,20,1,20.0,034636be5dd398e956942faad315d6f0658e23fdb463588aef57154c7094938b,c613ad2ce26e8328d35fec4610114c76b68c671dbcd6685cc069587d60bc6880,2358,1250,1008,100,3.3,e9dd9dfb17d9af46a0ff8bce07f6febb9567e44ee3a2820457ad1a7e7508f08e,300,5,1.0E-10,1.0E-5,6000,ATOMIC,300,[K]  300,XYZ,True,4866,0.03785,-20.578309824776003,2.71950571696,c8d872ea71c7a4dbc056fed80e58df53516e30c494b7e4ef4e44e65a8facd04e,4866,4566,True,True,4866,0.03785,-20.578309824776003,2.71950571696,c8d872ea71c7a4dbc056fed80e58df53516e30c494b7e4ef4e44e65a8facd04e,4866,4566,True
SZV/IL_25_z3-30,6,33.6,True,True,2023.1,ENERGY,SZV-MOLOPT-GTH,True,True,22,2,20.0,034636be5dd398e956942faad315d6f0658e23fdb463588aef57154c7094938b,fc4fa3d0eca6876364025cbb4112928e44a288bac2cac3e285b26d71629e9f20,2362,1250,1013,99,3.3,91a043462f2c6f1027c9f59c25a96985361ce3e5bd920c6b48a36c235a954075,300,5,1.0E-10,1.0E-5,6000,ATOMIC,300,[K]  300,XYZ,True,4876,0.037859,-20.571071596632,2.728376628144,d2aab0d9bed83e03ab38bf8252e32019bd468f969468287432b85bf6f7d9fe4d,4876,4576,True,True,4875,0.037859,-20.571098808015996,2.725465010056,0e2de04ef32d41399b8a87b0c6d475dd60b03a719c1db5bb8cc0a972914fcc0a,4875,4575,True
SZV/IL_25_z3-30,7,34.2,True,True,2023.1,ENERGY,SZV-MOLOPT-GTH,True,True,22,1,20.0,034636be5dd398e956942faad315d6f0658e23fdb463588aef57154c7094938b,cc31a7c532dc6dd4986a6621a6e444f0c13117b86339ae04c1801e6cbd56bc20,2354,1250,1004,100,3.3,9f9aebac736f04fe1e39cfac5c4c488680aa1a3276afba64717128ebf150230a,300,5,1.0E-10,1.0E-5,6000,ATOMIC,300,[K]  300,XYZ,True,4858,0.038181,-20.585874589528,2.7085667405920004,f9fb078352bc3aeccc4f53fc523202573108800faf431bd74cb20d099d166d8c,4858,4558,True,True,4858,0.038181,-20.585874589528,2.7085667405920004,f9fb078352bc3aeccc4f53fc523202573108800faf431bd74cb20d099d166d8c,4858,4558,True
SZV/IL_25_z3-30,8,34.8,True,True,2023.1,ENERGY,SZV-MOLOPT-GTH,True,True,21,1,20.0,034636be5dd398e956942faad315d6f0658e23fdb463588aef57154c7094938b,941138c1269d278567d76580be9a94e0a163f2d0f3a1981ea42382e58520f451,2346,1250,998,98,3.3,99f15196db1bf5d01d74dbebec48ae97f7b6aa1d356a7809ed5783f260fc0967,300,5,1.0E-10,1.0E-5,6000,ATOMIC,300,[K]  300,XYZ,True,4845,0.037514,-20.584078638184003,2.7163764078,e1eeb874f5a1f415c0996ff3440412f21839fdc304390162ef4c9854ac6d79b1,4845,4545,True,True,4845,0.037514,-20.584078638184003,2.7163764078,e1eeb874f5a1f415c0996ff3440412f21839fdc304390162ef4c9854ac6d79b1,4845,4545,True
SZV/IL_25_z3-30,9,35.4,True,True,2023.1,ENERGY,SZV-MOLOPT-GTH,True,True,39,2,20.0,034636be5dd398e956942faad315d6f0658e23fdb463588aef57154c7094938b,1370526c4441a27deea1b147fdd1f2ff78667f0460c8611024dc3ca264898b35,2352,1250,1003,99,3.3,237e3ea837fe9c89e15780a07b6650fa0924273798d2846fdb4a416cdbdc0a98,300,5,1.0E-10,1.0E-5,6000,ATOMIC,300,[K]  300,XYZ,True,4856,0.038132,-20.594174061648,2.709927309792,7103deeb3bc8b235992811c7d79d785c6eca9565929e7906604a36616f03408f,4856,4556,True,True,4855,0.038132,-20.594174061648,2.706226561568,238009ad3f188c23ba9d1c88daed8956210994b4f8cb5d40ea3b3cc58723bdcc,4855,4555,True
SZV/IL_25_z3-35,0,0.0,True,True,2025.2,ENERGY,SZV-MOLOPT-GTH,True,True,158,1,20.0,207092ad2b8d24b02ab7896d81d43cc4517ebf1adc231855605cda7e781622f8,5538251bc8bbaa8afda8bee4bf9dade05cb0ea6b0a33267aaf567928ca021285,2302,1250,966,86,3.35,347dc69e747695f15ea70e88c2ef5cb73e94551220fc6733a5c94ed6d18eddec,300,5,1.0E-10,1.0E-5,3000,ATOMIC,300,[K]  300,XYZ,True,4775,0.033098,-20.490117729231997,2.841385505896,8d89107dd9f449d69401b38b4a633b596c4ee27c790687c591fece343fc20af9,4775,4475,True,True,4775,0.033098,-20.490117729231997,2.841385505896,fe61ee6444cae075962909deb0716c081d7c4a2c77d2ffa5161f3a5fef2cc532,4775,4475,True
SZV/IL_25_z3-35,100,90.0,True,True,2025.2,ENERGY,SZV-MOLOPT-GTH,True,True,20,2,20.0,207092ad2b8d24b02ab7896d81d43cc4517ebf1adc231855605cda7e781622f8,7c2680b5415667c681cb8c24afadb277861f7388a8f82261e9821b5aa643c61f,2358,1250,1009,99,3.35,713f6103ebe2e2ebd6b7a84c63960ec721195f641d7515ee7ebc37e572d8599b,300,5,1.0E-10,1.0E-5,3000,ATOMIC,300,[K]  300,XYZ,True,4868,0.036905,-20.573085239047998,2.725465010056,7463768ff4cc7dae78133fa17b196a477fe36f1529491579814f0bf00ddcbe9a,4868,4568,True,True,4867,0.036905,-20.573085239047998,2.7221180098240003,047156ad568dad74954e1fc3080dfac0623d3110a4a720bf86561a7bf074f3ac,4867,4567,True
SZV/IL_25_z3-35,10,9.0,True,True,2025.2,ENERGY,SZV-MOLOPT-GTH,True,True,661,2,20.0,b5c1794ae815272d0b0e7ced770885ea2a16713c894734dc80421fc9ea2f8fb2,1f8264ba4f9c01cea6bf5c3171641eb4cbf0f35a5ef3de909ed100315f2c7a5b,2330,1250,989,91,3.35,be809efaa71bc3305c2696244f4f958cc5de60efb310fd9359931619706d834d,300,5,1.0E-10,1.0E-5,3000,RESTART,300,[K]  300,XYZ,True,4824,0.036462,-20.560595213792,2.7252745303680004,d2a18703c7229a78e6d83b91501e1464a07a575942e55303b225998e6b7a1972,4824,4524,True,True,4823,0.036462,-20.560622425176,2.7140090173919997,a13b5731d2f111eb6c8be639ca68a87cfec44e3e41803e410f7b1edd203b9f35,4823,4523,True
SZV/IL_25_z3-35,11,9.9,True,True,2025.2,ENERGY,SZV-MOLOPT-GTH,True,True,82,1,20.0,207092ad2b8d24b02ab7896d81d43cc4517ebf1adc231855605cda7e781622f8,6cfdecb7acd0c7ea916bc16981a4a61d0c4c52de941b299c1c8546969ac18165,2326,1250,986,90,3.35,6910495bb58dd7e3e5774fb4ab859effc87b7b9ed9ed373e1cf138fa9948a486,300,5,1.0E-10,1.0E-5,3000,ATOMIC,300,[K]  300,XYZ,True,4817,0.036295,-20.560595213792,2.6995597724880005,c7a922826437d8da8526c34efef09aa211c89deb84c3dcac16d736a9421e4a5e,4817,4517,True,True,4817,0.036295,-20.560595213792,2.6995597724880005,df903ce433787396d0a6379c0b8a8ebeb25b26cab2e0a8b127af5edb8c5e2234,4817,4517,True
SZV/IL_25_z3-35,12,10.8,True,True,2025.2,ENERGY,SZV-MOLOPT-GTH,True,True,72,1,20.0,207092ad2b8d24b02ab7896d81d43cc4517ebf1adc231855605cda7e781622f8,e516bec8e2b26ccc72a463a85fb8232f56faf47af1e25f48ea880503af7f4554,2336,1250,994,92,3.35,176e647adadee3d67a0c1dd26ff79c6c2e70a453b0b2cc92c7b3a0f3b231a99f,300,5,1.0E-10,1.0E-5,3000,ATOMIC,300,[K]  300,XYZ,True,4834,0.037054,-20.574527442399997,2.703668691472,8d0a4777a9608e7a9426ed7b7b152051047638dc38365df7e8f92bf4f82b5f90,4834,4534,True,True,4834,0.037054,-20.574527442399997,2.703668691472,53e41cb55bf1a65606304b6b31f373b87985d325717f9dfc3639e20c167c5839,4834,4534,True
SZV/IL_25_z3-35,13,11.7,True,True,2025.2,ENERGY,SZV-MOLOPT-GTH,True,True,91,1,20.0,207092ad2b8d24b02ab7896d81d43cc4517ebf1adc231855605cda7e781622f8,7c0ab4ad85ac5a25f91b767aa8ff57d39576ba5c3eeb919b64a775cef9f8e1f5,2328,1250,988,90,3.35,33dafb52be5a9a407d4640ad23ad79c90f98f9cac80c373523158d3296379522,300,5,1.0E-10,1.0E-5,3000,ATOMIC,300,[K]  300,XYZ,True,4821,0.036508,-20.56595585644,2.7022809108879997,67e57e160edceef83c1009080e7378ab7d62c3effa8f37454f741fbf40d8def7,4821,4521,True,True,4821,0.036508,-20.56595585644,2.7022809108879997,580a8451e2380960458541e46c661931713b6ea013f879045a6c88d7a805b6af,4821,4521,True
SZV/IL_25_z3-35,14,12.6,True,True,2025.2,ENERGY,SZV-MOLOPT-GTH,True,True,280,2,20.0,b5c1794ae815272d0b0e7ced770885ea2a16713c894734dc80421fc9ea2f8fb2,3515cbc67ef52e071fdfacc1099becf0b4a923e81249ffcea0d5d106623bb539,2334,1250,991,93,3.35,839361417578f27a03307ad33b5e38ea24537d0580ae23184e7f7b70df37fd95,300,5,1.0E-10,1.0E-5,3000,RESTART,300,[K]  300,XYZ,True,4829,0.036979,-20.58731679288,2.7021720653519994,883f88c2dc732d899a2d071d53cb77797937ce7c906d08b964087c998c30d7cc,4829,4529,True,True,4828,0.036979,-20.587371215647998,2.70317888656,41191f64816bacc13ccd90289d62ff4460bbf71996b7bb705b761f2f5b31d984,4828,4528,True
SZV/IL_25_z3-35,15,13.5,True,True,2025.2,ENERGY,SZV-MOLOPT-GTH,True,True,77,1,20.0,207092ad2b8d24b02ab7896d81d43cc4517ebf1adc231855605cda7e781622f8,b5750eaa52c33f1225a383c556117a66890e5b592f6d16f3c46667646d618630,2338,1250,996,92,3.35,967cd1746fa613b1d0af14154dd117dc721f3fbaf0641ed1455ede65c6feb886,300,5,1.0E-10,1.0E-5,3000,ATOMIC,300,[K]  300,XYZ,True,4838,0.037233,-20.576459450663997,2.696267195024,9557037a927ff4cc6a89d6b1899f58c2c207786575b972b788d27af9a10488a3,4838,4538,True,True,4838,0.037233,-20.57643223928,2.696267195024,1af7755b1e6f87548fbbd545713479de3d8e5db210b08b223684fa7130c5f0a3,4838,4538,True
SZV/IL_25_z3-35,16,14.4,True,True,2025.2,ENERGY,SZV-MOLOPT-GTH,True,True,32,2,20.0,b5c1794ae815272d0b0e7ced770885ea2a16713c894734dc80421fc9ea2f8fb2,516442a6e2aa6a9966ba103058e9dfe97f330fbc75cbefd2578cb879b203491d,2334,1250,991,93,3.35,603cf1c5457134b3721bffea20d4f42ac5f417668932fa760ac85a059cd5d19c,300,5,1.0E-10,1.0E-5,3000,RESTART,300,[K]  300,XYZ,True,4829,0.036848,-20.578908475223997,2.7110973993039997,ef94db88918119e0a3221200a67467ef9681b91e10f2881c2c5fdc1140e19a5f,4829,4529,True,True,4828,0.036848,-20.578908475223997,2.708838854432,26d91685ba80a402c1e25bfead36780de38306c2575a8dde5da6400c3d690283,4828,4528,True
SZV/IL_25_z3-35,17,15.3,True,True,2025.2,ENERGY,SZV-MOLOPT-GTH,False,False,,2,20.0,b5c1794ae815272d0b0e7ced770885ea2a16713c894734dc80421fc9ea2f8fb2,84bbb6aa72ff2634d08523193e977a6ae30ecdcf7931b82cdbf9be4fa10b335f,2340,1250,995,95,3.35,0a292e33cfaa496c8277476185849943228341d265c13fb778281ed7c88d0cb5,300,5,1.0E-10,1.0E-5,3000,RESTART,300,[K]  300,XYZ,False,,,,,,,,,False,,,,,,,,
SZV/IL_25_z3-35,18,16.2,True,True,2025.2,ENERGY,SZV-MOLOPT-GTH,True,True,126,2,20.0,b5c1794ae815272d0b0e7ced770885ea2a16713c894734dc80421fc9ea2f8fb2,01b425bebaca15ceebea6f65b1a16b27f3681290f8c60cb575e6123108fb4d1e,2340,1250,995,95,3.35,3e3b24bf966fda2c886f1e048e62a89d30a50119fb0030bfda09dcdf33a5f57d,300,5,1.0E-10,1.0E-5,3000,RESTART,300,[K]  300,XYZ,True,4838,0.037392,-20.587561695336,2.696049503952,66242968d2224808b17a4bef2fd28aad6d50851a6e21629e4ab1762bb5c5de0d,4838,4538,True,True,4837,0.037392,-20.587561695336,2.6946073006,314bcd198cae29796b25c824c568ccc8f2fef1cb9c6caf7635e7bdf1a7e8d7ab,4837,4537,True
SZV/IL_25_z3-35,19,17.1,True,True,2025.2,ENERGY,SZV-MOLOPT-GTH,True,True,50,1,20.0,207092ad2b8d24b02ab7896d81d43cc4517ebf1adc231855605cda7e781622f8,c753cac57d5d72ce574d7694b717b1be792775cd93f3b7b7a3fbf49edea16796,2342,1250,996,96,3.35,0abdf06b514eb1a3354930d2e7743a963c8e078f75480ab4026bdf2f52222d16,300,5,1.0E-10,1.0E-5,3000,ATOMIC,300,[K]  300,XYZ,True,4840,0.037679,-20.603425932207998,2.694307975376,6f2fce967794eec93d023191a163edabcdc79783cfd39c6d6407ea03c8c42f5d,4840,4540,True,True,4840,0.037679,-20.603425932207998,2.694307975376,29050a86441df99913b0f9469ff6b9bed364f848b6aafc4dac25906ee1c1906b,4840,4540,True
SZV/IL_25_z3-35,1,0.9,True,True,2025.2,ENERGY,SZV-MOLOPT-GTH,True,True,164,1,20.0,207092ad2b8d24b02ab7896d81d43cc4517ebf1adc231855605cda7e781622f8,a00566e138d7b435bcafb4a514197f1a2d337cc95da0e175d6cdea5adc6c5b7b,2324,1250,986,88,3.35,3bff21f1d5d4d8f7d28ac772131be2662911b63663139f1053f235a3b14bdd40,300,5,1.0E-10,1.0E-5,3000,ATOMIC,300,[K]  300,XYZ,True,4816,0.034629,-20.505764275032,2.793085299296,3c545ea0874d22854eea36d3a1440409a30847379496be130dea9c081d0a7bd6,4816,4516,True,True,4816,0.034629,-20.505764275032,2.793085299296,01b5ad92fdcd612b1f7034ace7ec2de8f4e86d6c8b1ca69d8ec8facd4603bfb4,4816,4516,True
SZV/IL_25_z3-35,20,18.0,True,True,2025.2,ENERGY,SZV-MOLOPT-GTH,True,True,43,1,20.0,207092ad2b8d24b02ab7896d81d43cc4517ebf1adc231855605cda7e781622f8,e43e93513c6fc41d07b696ec14ea5a604a07b8e52f714f414510a3a8a2b6f9c3,2344,1250,996,98,3.35,6dde3b666ae26eef96442c310dee172bf4f229c4c35ef7abb66be64ef4666477,300,5,1.0E-10,1.0E-5,3000,ATOMIC,300,[K]  300,XYZ,True,4841,0.037724,-20.604895346943998,2.69773660976,5d1fe67ffef02516107bdabcee07fc762f84b36a080b80d9dcbdf69e2a7acc19,4841,4541,True,True,4841,0.037724,-20.604895346943998,2.69773660976,2f44b3730ae46f5cd91768484db413da39289cfe32a7417e1a42652283b2c7e6,4841,4541,True
SZV/IL_25_z3-35,21,18.9,True,True,2025.2,ENERGY,SZV-MOLOPT-GTH,True,True,58,1,20.0,207092ad2b8d24b02ab7896d81d43cc4517ebf1adc231855605cda7e781622f8,066db5d32b7f8c93cbe7fb3f2ac71b687035d9ee6d33d80f2c76e080915ef687,2354,1250,1008,96,3.35,c94092cdb363f4c004fe3664e66341be5d9cdf2697fb5d2dc37e9d2452dfb266,300,5,1.0E-10,1.0E-5,3000,ATOMIC,300,[K]  300,XYZ,True,4864,0.038091,-20.58650045136,2.693627690776,d0d95c904232ad74d2553238f3355aa14b12ac9573dd85e06e1183bb5ee61e30,4864,4564,True,True,4864,0.038091,-20.58650045136,2.693627690776,3fca945ad484762fe8028291a4eed0feafa64cdaa7e6406abba8731915d7fc26,4864,4564,True
SZV/IL_25_z3-35,22,19.8,True,True,2025.2,ENERGY,SZV-MOLOPT-GTH,True,True,35,1,20.0,207092ad2b8d24b02ab7896d81d43cc4517ebf1adc231855605cda7e781622f8,a24641c7850ae94008212078428caf2047711c0a05d7c17b222e56efd2840e8c,2342,1250,996,96,3.35,62cc827c390ee333031e38d9b1ddcf57c1959f44e7c1189e51dbced037c2be30,300,5,1.0E-10,1.0E-5,3000,ATOMIC,300,[K]  300,XYZ,True,4840,0.037457,-20.596405395135996,2.7011108213760004,bd4a2b89b32e30c001e72c77c09759d60c5c4b2b111e88db8d86a8157359bde8,4840,4540,True,True,4840,0.037457,-20.596405395135996,2.7011108213760004,9b75b0bfdbf7bd7cfd52c0693987abd4f61c9c472c19e36233bee1d23e125668,4840,4540,True
SZV/IL_25_z3-35,23,20.7,True,True,2025.2,ENERGY,SZV-MOLOPT-GTH,True,True,35,1,20.0,207092ad2b8d24b02ab7896d81d43cc4517ebf1adc231855605cda7e781622f8,1b301c2d78cb6406d22a2811337ea63e3c1b36fb35f5ee5247a6487880267fb9,2348,1250,1000,98,3.35,ee481851a5648808bac56336116460f189eac4135417862b87ca066bd8cf5a00,300,5,1.0E-10,1.0E-5,3000,ATOMIC,300,[K]  300,XYZ,True,4849,0.037708,-20.596514240671997,2.708131358448,af258bb79e99ddb9e00d3091b45c69b80510914ca21827494b1fc40301300bef,4849,4549,True,True,4849,0.037708,-20.596514240671997,2.708131358448,28ea3d87808a1394e3e4b050182f734a0fdb96c22d20a998e096af0e1e354516,4849,4549,True
SZV/IL_25_z3-35,24,21.6,True,True,2025.2,ENERGY,SZV-MOLOPT-GTH,True,True,46,1,20.0,207092ad2b8d24b02ab7896d81d43cc4517ebf1adc231855605cda7e781622f8,59997c138c5b6d15010d7486e1ff457becb5d263c92422098b075f69a4318ddd,2344,1250,998,96,3.35,790e6b5e2878a2a2e274500e8c5f3bfbd3e9462243c7ce2dd7b944f438bf5c8a,300,5,1.0E-10,1.0E-5,3000,ATOMIC,300,[K]  300,XYZ,True,4844,0.037343,-20.587616118104002,2.702743504416,d49923de7a704a2b5160bd8b623ec73a8fc8aae00fb6a08850c4c3dc9a29d41f,4844,4544,True,True,4844,0.037343,-20.587616118104002,2.702743504416,3ffec92be4542df6d52d4a9b55901492c5ef9a8dd747b754e3d2f1a1e2784fbe,4844,4544,True
SZV/IL_25_z3-35,25,22.5,True,True,2025.2,ENERGY,SZV-MOLOPT-GTH,True,True,87,2,20.0,207092ad2b8d24b02ab7896d81d43cc4517ebf1adc231855605cda7e781622f8,e5e02ebf2bfe47af5c391f631999dcc26ed865e510d1e84bf40dec6076181909,2348,1250,999,99,3.35,99bef625a41b91ca1fd6c08532f914a448c911ab4e2854cf1d99958941ba1101,300,5,1.0E-10,1.0E-5,3000,ATOMIC,300,[K]  300,XYZ,True,4848,0.037712,-20.607643696728,2.7071789600079996,82258ca4314741df1e6775ea62e452f21b926d108fcc77f9f3f0f2b50ff6fb82,4848,4548,True,True,4847,0.037712,-20.607643696728,2.7068796347840003,fc795ffd7cf02b2c6c8509a4a37cbdec33573231d930547159254ac64890664b,4847,4547,True
SZV/IL_25_z3-35,26,23.4,True,True,2025.2,ENERGY,SZV-MOLOPT-GTH,True,True,22,1,20.0,207092ad2b8d24b02ab7896d81d43cc4517ebf1adc231855605cda7e781622f8,53eda46ee8a7f4edaf5df3a032c1c9932095242e845383f387a03b9f9db9161d,2344,1250,996,98,3.35,d7f2b6e82b447e0e91a8b42f4d0ec2606f82b1eb83ed67e8bbe57f52ec364851,300,5,1.0E-10,1.0E-5,3000,ATOMIC,300,[K]  300,XYZ,True,4841,0.037159,-20.590663793112,2.707532708,f8699e8183a8f609c8ace756134798a9edb8fba75a5370c8cd952f8865f40135,4841,4541,True,True,4841,0.037159,-20.590663793112,2.707532708,ca6209ce41f5725357866616c63bb031ed9092e314734277127ff0ec4f07f0ce,4841,4541,True
SZV/IL_25_z3-35,27,24.3,True,True,2025.2,ENERGY,SZV-MOLOPT-GTH,True,True,40,2,20.0,207092ad2b8d24b02ab7896d81d43cc4517ebf1adc231855605cda7e781622f8,14e8cdb77dfc862d61d16b499612db45d23b14858d547f14d2221f6cafaaa7d3,2354,1250,1005,99,3.35,dfe32c908bf820b1c83ae08344fa2d775b824b6cc10403515a0202a717875ecb,300,5,1.0E-10,1.0E-5,3000,ATOMIC,300,[K]  300,XYZ,True,4860,0.03757,-20.585956223679997,2.7078592446080005,ed1f5be4632fce1a66158d00b5ae71518c5f3ac7fa9bb4e56569ad2a49bd5311,4860,4560,True,True,4859,0.03757,-20.585956223679997,2.7046483012960003,3f478fe839dd8cb5c4cac572b03be6c9d74ebb713f20df709aa90a8f3a3bd6ec,4859,4559,True
SZV/IL_25_z3-35,28,25.2,True,True,2025.2,ENERGY,SZV-MOLOPT-GTH,True,True,45,2,20.0,207092ad2b8d24b02ab7896d81d43cc4517ebf1adc231855605cda7e781622f8,9df63e08e39c25361a0e528a075d652b1b2b4500328845a9abb6e23ee42fcecc,2352,1250,1003,99,3.35,92fc53ec35d137b98eca161156f5c1420c96d009b8fdd15551bfb997dd2d0a1a,300,5,1.0E-10,1.0E-5,3000,ATOMIC,300,[K]  300,XYZ,True,4856,0.037681,-20.601684403631996,2.707532708,be5ccf2300f4490dc5caaade148ca90d00acb1269191c7f250b1be6531a93323,4856,4556,True,True,4855,0.037681,-20.601684403631996,2.7031788865600004,45f6ef2eb777ef05cd1da9aaaf1c562bbd2044872eb871e7cc315d3200aa6944,4855,4555,True
SZV/IL_25_z3-35,29,26.1,True,True,2025.2,ENERGY,SZV-MOLOPT-GTH,True,True,23,1,20.0,207092ad2b8d24b02ab7896d81d43cc4517ebf1adc231855605cda7e781622f8,2ebf3b3e177ed9c7a794ea270ebc31f3ae421238effa998ab92781adfee4876a,2356,1250,1006,100,3.35,d4af976c47f32aa519d24bd6c02e2e479a9610b695a5db2c440c947dfd1efc98,300,5,1.0E-10,1.0E-5,3000,ATOMIC,300,[K]  300,XYZ,True,4862,0.037777,-20.585847378144,2.7062537729519995,f3aa2fd498602dd092979d48b196197973a000b9a356c914f12fb790a750615a,4862,4562,True,True,4862,0.037777,-20.585847378144,2.7062537729519995,f3aa2fd498602dd092979d48b196197973a000b9a356c914f12fb790a750615a,4862,4562,True
SZV/IL_25_z3-35,2,1.8,True,True,2025.2,ENERGY,SZV-MOLOPT-GTH,True,True,131,1,20.0,207092ad2b8d24b02ab7896d81d43cc4517ebf1adc231855605cda7e781622f8,68f9b357d366386c65f715b770f9835e648d764ddb34b734f161b3aa770c913d,2314,1250,974,90,3.35,e05662e34400bc5031115a9f3e41f5c0795648be09a1bc32b813098b25134612,300,5,1.0E-10,1.0E-5,3000,ATOMIC,300,[K]  300,XYZ,True,4793,0.034565,-20.513056925944,2.770173313968,72c88ce565523e9b3a0c3c36fb8bbf998283342deb8950661ef7e212bc2b2327,4793,4493,True,True,4793,0.034565,-20.513056925944,2.770173313968,6f57175fb113e4eeb2c2b1342bf805367a5e4aeec5551a97ae1e24099d8a7ac2,4793,4493,True
SZV/IL_25_z3-35,30,27.0,True,True,2025.2,ENERGY,SZV-MOLOPT-GTH,True,True,29,2,20.0,207092ad2b8d24b02ab7896d81d43cc4517ebf1adc231855605cda7e781622f8,549d0e17bb2a053934dc44965dbf491687487fb180ba2948b433463f67629ad5,2352,1250,1003,99,3.35,02f5af135f8a02f8f4c5aa95c54e070cec8daad64a56d91136850a6e2523d873,300,5,1.0E-10,1.0E-5,3000,ATOMIC,300,[K]  300,XYZ,True,4856,0.036846,-20.574826767624003,2.7250296279120003,f19abcaf9b6aa0fa4f2287a807128cdf20e7646de7a6cb4e9aaee2090f2c0ea7,4856,4556,True,True,4855,0.036846,-20.574826767624003,2.720539749552,93177a89fcce83a6efb447ad7da7f8953261c88990795e2b23b7e663d7bfbac7,4855,4555,True
SZV/IL_25_z3-35,31,27.9,True,True,2025.2,ENERGY,SZV-MOLOPT-GTH,True,True,33,2,20.0,207092ad2b8d24b02ab7896d81d43cc4517ebf1adc231855605cda7e781622f8,2acf9cd7d1fcce63c20cafbc38c1699e26c0d9e3a604f849d84f8c9fe26c1b9d,2354,1250,1005,99,3.35,f378892bc39973bda9a35487e87a82a68101ff6b9c61fabc9001cfc26e537965,300,5,1.0E-10,1.0E-5,3000,ATOMIC,300,[K]  300,XYZ,True,4860,0.037341,-20.586663719664,2.7126756595760004,7f9706d1b6435c593b0b400e1193c07697473f29a138badb61016533302594b0,4860,4560,True,True,4859,0.037341,-20.586663719664,2.7105259602399996,da99d0f21c7268a2bdfa4d5dcdecbe4d0920cdd488cc9b6f877199cbc548e5ab,4859,4559,True
SZV/IL_25_z3-35,32,28.8,True,True,2025.2,ENERGY,SZV-MOLOPT-GTH,True,True,20,1,20.0,207092ad2b8d24b02ab7896d81d43cc4517ebf1adc231855605cda7e781622f8,e3975ee4fa45f86958144f334f703128c1a53f0e5082c6004927463d6fe00a19,2358,1250,1008,100,3.35,5584643a7153a8736277c628d36e17cdb431e39e8227bf4ef6e8729c3cce218c,300,5,1.0E-10,1.0E-5,3000,ATOMIC,300,[K]  300,XYZ,True,4866,0.035453,-20.538118610608,2.7626085492159995,ce353a386d8f8ab75700e407dea5e9088ed075c0067a75f8d223f95f68d9bbe8,4866,4566,True,True,4866,0.035453,-20.538118610608,2.7626085492159995,8fd4267904bb161903451d1f789d7a64f974fa0a7adc53bc108f6f6e37607968,4866,4566,True
SZV/IL_25_z3-35,33,29.7,True,True,2025.2,ENERGY,SZV-MOLOPT-GTH,True,True,20,2,20.0,207092ad2b8d24b02ab7896d81d43cc4517ebf1adc231855605cda7e781622f8,cb50d7fbab52bb6a860a6e3efe5ec9efa614a4957ce3b002ac2996043911cd4f,2358,1250,1009,99,3.35,735c08e805f43d03084818186b22d89599dcf031f978965e454d5f4d7a346a7e,300,5,1.0E-10,1.0E-5,3000,ATOMIC,300,[K]  300,XYZ,True,4868,0.036903,-20.572949182128,2.7260092377360006,8b3d25db3f20a39cb93dd79df435d87eed4b816455cf19f54b92ac18616952e6,4868,4568,True,True,4867,0.036903,-20.572949182128,2.72331531072,e7b0c25aa277044de507cbe8813ef902f79ec7ee6854fa3b82dccf2ebaf1336c,4867,4567,True
SZV/IL_25_z3-35,34,30.6,True,True,2025.2,ENERGY,SZV-MOLOPT-GTH,True,True,20,2,20.0,207092ad2b8d24b02ab7896d81d43cc4517ebf1adc231855605cda7e781622f8,c6446aa67e5a7594b6adaa284e867c318cdfae8b593cee0b37e36a7500a3235e,2358,1250,1009,99,3.35,dc40ee9f841d951e3632fd32cde0813ccc8ed3dfe69462e37290235833b3375f,300,5,1.0E-10,1.0E-5,3000,ATOMIC,300,[K]  300,XYZ,True,4868,0.036762,-20.575425418071998,2.729192969664,fb15b9440130cba9ed711f081492824fb23ff4f76e66f35721c4b9ec49c7dd6a,4868,4568,True,True,4867,0.036762,-20.575452629456,2.7280500915359998,6833ddbc83c966abb7a847958e5418b6b43aff88d850f8ffbfac042f26764076,4867,4567,True
SZV/IL_25_z3-35,35,31.5,True,True,2025.2,ENERGY,SZV-MOLOPT-GTH,True,True,22,1,20.0,207092ad2b8d24b02ab7896d81d43cc4517ebf1adc231855605cda7e781622f8,0ef9b802435e9ea07e10d6ada2112c030a948d8175c058e35b4a09d61f95f5e6,2358,1250,1008,100,3.35,c8c311984e3a1ab78891470ed7bb7b1c8d21d8f99ae2a96d5ff2f46b61d34a0e,300,5,1.0E-10,1.0E-5,3000,ATOMIC,300,[K]  300,XYZ,True,4866,0.035766,-20.543315984952,2.754934938928,8bc4c931c7c03f8cb03c659585a665cb38b8eb470ad2867e28051b2a2b66228d,4866,4566,True,True,4866,0.035766,-20.543315984952,2.754934938928,8bc4c931c7c03f8cb03c659585a665cb38b8eb470ad2867e28051b2a2b66228d,4866,4566,True
SZV/IL_25_z3-35,36,32.4,True,True,2025.2,ENERGY,SZV-MOLOPT-GTH,True,True,41,2,20.0,207092ad2b8d24b02ab7896d81d43cc4517ebf1adc231855605cda7e781622f8,6420a5dcc7e6bd594d346f94b7b0f1045abcf65b2d0002d2186fa8ea06a1c4b7,2354,1250,1005,99,3.35,8233153bc1334d7e4dcf806ceabeeec1c30b0173b0c94fcea557d1fb1b9c620d,300,5,1.0E-10,1.0E-5,3000,ATOMIC,300,[K]  300,XYZ,True,4860,0.037078,-20.582473166527997,2.7214377252239994,26f9365a55c403b81d80fd1073589a0321a6e7164daf3279859479f165ddaf1a,4860,4560,True,True,4859,0.037078,-20.582473166527997,2.717927456688,6e88b87309932ec10786ec44b7a99c2b5078a370a8c18b1c7dd3874b5087d170,4859,4559,True
SZV/IL_25_z3-35,37,33.3,True,True,2025.2,ENERGY,SZV-MOLOPT-GTH,True,True,22,2,20.0,207092ad2b8d24b02ab7896d81d43cc4517ebf1adc231855605cda7e781622f8,7aea31019c5323d4eb7369523d18160fef5f74948216c4421b6754b377bb2a5b,2356,1250,1007,99,3.35,5b04c50cc2737d1b3c35d580ea72b5993198b438fbd08ab8b39a2308dbbdbb58,300,5,1.0E-10,1.0E-5,3000,ATOMIC,300,[K]  300,XYZ,True,4864,0.037126,-20.575779166064,2.722444546432,e723507566c8fd2719f1c437bc4ca93f623648cf370e9261b4edf4d1c08260a3,4864,4564,True,True,4863,0.037126,-20.575779166064,2.7187165868239997,7ae0f0d2dd58db9b9914458d5776890aa9915e84d5abd1ced03a24dd3a3e1c31,4863,4563,True
SZV/IL_25_z3-35,38,34.2,True,True,2025.2,ENERGY,SZV-MOLOPT-GTH,True,True,22,1,20.0,207092ad2b8d24b02ab7896d81d43cc4517ebf1adc231855605cda7e781622f8,9576bc447769017b27d5c6443b36a73299ef1de3380c0adbbe9120021dbe4db5,2354,1250,1004,100,3.35,6dc8b4ed385874aee59a34a367d8edbbe0f71dca20eba8e57ccbe90ffba58230,300,5,1.0E-10,1.0E-5,3000,ATOMIC,300,[K]  300,XYZ,True,4858,0.037701,-20.585194304928,2.7030428296399998,1ec218546cdb3455d60d7430f21767f1dbea5e37c703d1543683cf3518d227eb,4858,4558,True,True,4858,0.037701,-20.585194304928,2.7030428296399998,4ec0db0c1303045dfc6e5db2054131ba467bd354564f10522e026e4bbe7ff26c,4858,4558,True
SZV/IL_25_z3-35,39,35.1,True,True,2025.2,ENERGY,SZV-MOLOPT-GTH,True,True,61,2,20.0,207092ad2b8d24b02ab7896d81d43cc4517ebf1adc231855605cda7e781622f8,16e2dcfc4b717a503ddc081375f1ee134111a008e0512a77b8b57d4ad8974aac,2352,1250,1003,99,3.35,1a08d69a3987700a24fe031972aafde9f35831e4bb2854fe554e37e3ca9a13a0,300,5,1.0E-10,1.0E-5,3000,ATOMIC,300,[K]  300,XYZ,True,4856,0.037681,-20.595180882856,2.7059544477279998,d3e6d05b397bfdde2510f08dd540afb065dc15f08993c3672b80a99e20c268ef,4856,4556,True,True,4855,0.037681,-20.59520809424,2.704457821608,2fbe85c8af83e91f4e04d0ae61b55aedb7668af9d53cae73e893099137c7930c,4855,4555,True
SZV/IL_25_z3-35,3,2.7,True,True,2025.2,ENERGY,SZV-MOLOPT-GTH,True,True,548,2,20.0,207092ad2b8d24b02ab7896d81d43cc4517ebf1adc231855605cda7e781622f8,a571b7e537f2139f97594d514dfe913c91e20fad33fdd9788c11b9a7e846ccac,2324,1250,985,89,3.35,eddb380f1f0426cedd14856483e5fba5dc6cef0645c191b4558c9639b92a37d0,300,5,1.0E-10,1.0E-5,3000,ATOMIC,300,[K]  300,XYZ,True,4815,0.034858,-20.511505877056,2.773601948352,12174e61f5ba24142b228fe3e1ea90b39736e6e46e1319cc608e1987a9cb3e61,4815,4515,True,True,4814,0.034858,-20.511478665672,2.76712563896,fa8e0f70e7645803486666e7e771d4b5277e39c7b84fb736294c75f5c17c00b6,4814,4514,True
SZV/IL_25_z3-35,40,36.0,True,True,2025.2,ENERGY,SZV-MOLOPT-GTH,True,True,43,2,20.0,207092ad2b8d24b02ab7896d81d43cc4517ebf1adc231855605cda7e781622f8,544e330ccaa889688ba3de80413a208a89ec62be7a6b221acdf2334a353199ea,2348,1250,999,99,3.35,343f163eb3cf868b28b85e5b01f2ce49eb428e2532b6eb5bc2a2e2acbd192980,300,5,1.0E-10,1.0E-5,3000,ATOMIC,300,[K]  300,XYZ,True,4848,0.037356,-20.590908695568,2.70834904952,c345f7ccb8d53166958e9b5e050ca3f7500bb478265f3a46abd7e6aef559cc57,4848,4548,True,True,4847,0.037356,-20.590908695568,2.705981659112,b46c28e6678824b20088f8d2e23e008d4b040bca13aa0e4a831c05e994b9f59b,4847,4547,True
SZV/IL_25_z3-35,41,36.9,True,True,2025.2,ENERGY,SZV-MOLOPT-GTH,True,True,23,1,20.0,207092ad2b8d24b02ab7896d81d43cc4517ebf1adc231855605cda7e781622f8,37f2a2cc65dac375cd02e95d4f1c61ba8452aae7578e9f70766a878b05b9d46d,2348,1250,1000,98,3.35,9e2e78d7a56d7e32ec5bfb7ba093e95b2e35597de01b00400be8d4a19a521ce0,300,5,1.0E-10,1.0E-5,3000,ATOMIC,300,[K]  300,XYZ,True,4849,0.037422,-20.589820240208,2.7059816591119996,11f4f827310a9fe86a74ed08f4916953122cbe33eeded95361d0e24fde2ccdb9,4849,4549,True,True,4849,0.037422,-20.589820240208,2.7059816591119996,88de35fd104a230a741b20e75115fd38db45b7ee00ee14fad861f9785842f1de,4849,4549,True
SZV/IL_25_z3-35,42,37.8,True,True,2023.1,ENERGY,SZV-MOLOPT-GTH,True,True,127,1,20.0,8c26311a5c84ef0953ebe503fac662ef74984f2947e5b72b814d7045ac500602,8fbd9e5d8d0b1729fa310473d8c2ed7168905ada1493acb342d25941f5f7854f,2346,1250,998,98,3.35,d4b8c9264bb02e503b7d1848d97b85fd700420b5ab319306a611b9bd32dc7fa1,300,5,1.0E-10,1.0E-5,3000,ATOMIC,300,[K]  1,XYZ,True,4845,0.038769,-20.654175163367995,2.672239542952,a8eb5b7c15152400a7a6eb71a35505d3216c05b323a4f6d4fbf1f8152031992f,4845,4545,True,True,4845,0.038769,-20.654175163367995,2.672239542952,768f066347eb245cd2b7afe31ef6d60b33a327fbcb43b5049001dabd4a1d3b51,4845,4545,True
SZV/IL_25_z3-35,43,38.7,True,True,2025.2,ENERGY,SZV-MOLOPT-GTH,True,True,41,2,20.0,207092ad2b8d24b02ab7896d81d43cc4517ebf1adc231855605cda7e781622f8,ac2cb01b82f7bb4e9e0a08793535712d8e03db9fff546025866fa7a25edfa862,2346,1250,999,97,3.35,82b66500f61c9923f5cb6b63d48ff28473d8c858619aa69b53326b0ea54c2f0a,300,5,1.0E-10,1.0E-5,3000,ATOMIC,300,[K]  300,XYZ,True,4847,0.037567,-20.596623086207998,2.7065258867920003,ce358e3460e4b1b6458ad520a679f2343899874ed88ad77615b865c7e820899e,4847,4547,True,True,4846,0.037567,-20.596677508975997,2.702743504416,075cb5f4e9c154cc05a2b629e732ef6e90789cea67d0bd81308222384e8bbf43,4846,4546,True
SZV/IL_25_z3-35,44,39.6,True,True,2025.2,ENERGY,SZV-MOLOPT-GTH,True,True,86,2,20.0,207092ad2b8d24b02ab7896d81d43cc4517ebf1adc231855605cda7e781622f8,9d55ef9aee1937f86a6818556d343ff810759c066c73e15867db63bf94448939,2348,1250,1001,97,3.35,548378467020b9c7ffbdff6b0528c3d04d48d22953ca84becbca859494a25b0f,300,5,1.0E-10,1.0E-5,3000,ATOMIC,300,[K]  300,XYZ,True,4851,0.037519,-20.586473239975998,2.712757293728,5d84318805a373038b7dc12a6f0b3185fe14fc7f4562cb7bdf1c21fc0a2d29e5,4851,4551,True,True,4850,0.037519,-20.586473239975998,2.705981659112,9d2867f53e8d362172c633f25eade7ef4c2a01307833ae9aaaaeb1ec2dc67b92,4850,4550,True
SZV/IL_25_z3-35,45,40.5,True,True,2025.2,ENERGY,SZV-MOLOPT-GTH,True,True,32,1,20.0,207092ad2b8d24b02ab7896d81d43cc4517ebf1adc231855605cda7e781622f8,ed932b71cbeb8a89528c360ad248c1be5440fd7af031932ae26534224acacfc4,2334,1250,988,96,3.35,dc45334123c8c2229fd84bea2d4f06abbd32a2d47f31d840cf8058e49e285aa6,300,5,1.0E-10,1.0E-5,3000,ATOMIC,300,[K]  300,XYZ,True,4824,0.036983,-20.595316939775998,2.7080769356800003,f861242f3a9cfc63724905eb5e3483723625cacd12804d67aaaafefb461f87b8,4824,4524,True,True,4824,0.036983,-20.595316939775998,2.7080769356800003,ba483a91e9219b59ae4dfb1d66b90f344214ce24030397decc92a73ffc5c373a,4824,4524,True
SZV/IL_25_z3-35,46,41.4,True,True,2025.2,ENERGY,SZV-MOLOPT-GTH,True,True,31,1,20.0,207092ad2b8d24b02ab7896d81d43cc4517ebf1adc231855605cda7e781622f8,6bd3c33b131ff5e3264fcebc0159f40e4161484457b18d2dea4e4811a9ca7dbf,2334,1250,988,96,3.35,85e216b31058e293bb9f011b10d6935654c811a7519642c1cc2e0f9223111ab6,300,5,1.0E-10,1.0E-5,3000,ATOMIC,300,[K]  300,XYZ,True,4824,0.036938,-20.593439354279997,2.7091109682720003,b080efeb823a26b6e24b99a091ea0b9048878fae6fc45f36ff9eeb4f097ad6ff,4824,4524,True,True,4824,0.036938,-20.593439354279997,2.7091109682720003,c4176aae04e02f28df817a3c100fdb85a3ad3e5ff9bcdc6cde01dd64e2054403,4824,4524,True
SZV/IL_25_z3-35,47,42.3,True,True,2025.2,ENERGY,SZV-MOLOPT-GTH,True,True,69,2,20.0,207092ad2b8d24b02ab7896d81d43cc4517ebf1adc231855605cda7e781622f8,ad863d2aac151fb987cb46b763da8c76ac4aa03caab795358e5025925fe93a38,2338,1250,993,95,3.35,7f85198d2ec2bdf321120c1225687f7882a524b7bbf6188e5c2cfd41b55e5a29,300,5,1.0E-10,1.0E-5,3000,ATOMIC,300,[K]  300,XYZ,True,4834,0.037284,-20.594990403167998,2.7031244637919998,973f6b26a34a25df0c46ad7e3602e76e20047b646f5cbfec930f9a6c58ff233b,4834,4534,True,True,4833,0.037284,-20.595099248704,2.697029113776,f75e23697827f729a84b522abf19f29615478dc237d7ac3d8b6de584bbe6f15c,4833,4533,True
SZV/IL_25_z3-35,48,43.2,True,True,2025.2,ENERGY,SZV-MOLOPT-GTH,True,True,42,1,20.0,207092ad2b8d24b02ab7896d81d43cc4517ebf1adc231855605cda7e781622f8,5ba7c1314b13f7c27f2d87c74cc99774f4e35d2a81f70d8ade6ce3d7bc4d14bb,2332,1250,988,94,3.35,d9cd27e56cd21b68d9283defb2e188edb079e6e1269d514b27262afb8e7808c6,300,5,1.0E-10,1.0E-5,3000,ATOMIC,300,[K]  300,XYZ,True,4823,0.036948,-20.594854346248,2.7032605207119995,5a33134694e211bd439db84d4b7af3e90c25e62a829114ad5b6d85530ce8f38c,4823,4523,True,True,4823,0.036948,-20.594854346248,2.7032605207119995,aa11eb485e0afb91ff3286a40b19f9538f320aa31f551e18565118d21be95c2a,4823,4523,True
SZV/IL_25_z3-35,49,44.1,True,True,2025.2,ENERGY,SZV-MOLOPT-GTH,True,True,222,2,20.0,207092ad2b8d24b02ab7896d81d43cc4517ebf1adc231855605cda7e781622f8,514791ebf97cfe9d53e48def4904a911de84d52e8189949e4859aa0feab4818b,2328,1250,985,93,3.35,4f4bdf0465f7a7e97213dd5b0cad04b43d85d5582579951c4f294e79c523ea42,300,5,1.0E-10,1.0E-5,3000,ATOMIC,300,[K]  300,XYZ,True,4817,0.036756,-20.594174061647998,2.7114511472959997,f1b81146e9debb7bebc50fad5ae6add9d3e8e9f503b731cf641e119c742886de,4817,4517,True,True,4816,0.036756,-20.594201273032,2.7090565455039997,623f34404f385cc0c521ce62a9a932e55dd92d3448566b0242420049fda88ed8,4816,4516,True
SZV/IL_25_z3-35,4,3.6,True,True,2025.2,ENERGY,SZV-MOLOPT-GTH,True,True,169,1,20.0,207092ad2b8d24b02ab7896d81d43cc4517ebf1adc231855605cda7e781622f8,836754fb8962bdbcde999d4a573fd685dbedf53994994d232a71ca89a85a5313,2318,1250,978,90,3.35,4b4969c52024cc94d7610d76bfc353643de690e3eded8c0aa884c1f69667dba9,300,5,1.0E-10,1.0E-5,3000,ATOMIC,300,[K]  300,XYZ,True,4801,0.034624,-20.525492528432,2.7678331349439995,4addc71b7a82a7b87d752f1fbf0f4767c4d3adc12dee98ccd17f9644432db489,4801,4501,True,True,4801,0.034624,-20.525492528432,2.7678331349439995,51b4c9f511b067803ceeed1f9840c2d5073cae0b33851b055f59efbeea0ca3c5,4801,4501,True
SZV/IL_25_z3-35,50,45.0,True,True,2025.2,ENERGY,SZV-MOLOPT-GTH,True,True,46,1,20.0,207092ad2b8d24b02ab7896d81d43cc4517ebf1adc231855605cda7e781622f8,658a3c74579a4f57bd2131758ac99bb79d374c9b7884e8ddefa0ef5da9ffb5f9,2328,1250,984,94,3.35,8937e3374ef4d9c44c49630b5523a5336b1eee956e695e36a0e21f83799c708e,300,5,1.0E-10,1.0E-5,3000,ATOMIC,300,[K]  300,XYZ,True,4815,0.036731,-20.59616049268,2.710743651312,e1b7d5e1f75477bfe77aef11823f45396729ac92317730c6689d25d9c96fa7c0,4815,4515,True,True,4815,0.036731,-20.59616049268,2.710743651312,ce0ba806c978d60001461846e48a143c5349570976cf24459982cce3ed2d2823,4815,4515,True
SZV/IL_25_z3-35,51,45.9,True,True,2025.2,ENERGY,SZV-MOLOPT-GTH,True,True,394,2,20.0,207092ad2b8d24b02ab7896d81d43cc4517ebf1adc231855605cda7e781622f8,b918fffc8028d9ff3ca7b894d3b4cd4135303d5db68a441a7833ccb137956722,2324,1250,983,91,3.35,f889b8775a0e848de3a39319291170a8645ca8d589d129a1ca8077e92521b714,300,5,1.0E-10,1.0E-5,3000,ATOMIC,300,[K]  300,XYZ,True,4812,0.036397,-20.58309902836,2.7072333827760002,1a49642ffed635444b7caa732a3fe943633abc50013fe4cec39c2e23f1ab5f75,4812,4512,True,True,4811,0.036397,-20.58309902836,2.7020087970480002,b78d710400ced0595dff11ca35f5883a338d868d3ce21536f176229f3e43e476,4811,4511,True
SZV/IL_25_z3-35,52,46.8,True,True,2025.2,ENERGY,SZV-MOLOPT-GTH,True,True,177,2,20.0,207092ad2b8d24b02ab7896d81d43cc4517ebf1adc231855605cda7e781622f8,9ee3e6f0f0118cb45ab851e63ebd11377f0d7a394ff35950d3fe9de38bc9f015,2322,1250,981,91,3.35,5fd3f9fbceceb85bb5aaf737cf5e5777a18fba1eee93a3c257f6dd4b70cdd561,300,5,1.0E-10,1.0E-5,3000,ATOMIC,300,[K]  300,XYZ,True,4808,0.036305,-20.581575190856,2.7109341309999997,0aa575a3658e6692ecf2ef75cbeef4e8e03f6fc77059ba543f54e99e4dfb34f4,4808,4508,True,True,4807,0.036305,-20.581656825008,2.705927236344,7f6f8a7a4a193d28db36056b25d38dc9cadaf6b9164d09b4f811f57f1eb3a13f,4807,4507,True
SZV/IL_25_z3-35,53,47.7,True,True,2025.2,ENERGY,SZV-MOLOPT-GTH,True,True,59,1,20.0,207092ad2b8d24b02ab7896d81d43cc4517ebf1adc231855605cda7e781622f8,9699376ea69e6e0b338786060074af1e2ae12363222558f8946a9402b1c0ef46,2316,1250,976,90,3.35,5d1db1e72d3f5852da17250c4e6afdc2cecf338e31f06901c3ec79fb5992c62f,300,5,1.0E-10,1.0E-5,3000,ATOMIC,300,[K]  300,XYZ,True,4797,0.035994,-20.584405174792,2.7102538463999997,0f9811ca465179cbb4c9e7c23c506900d0e165b7d5396e4bc19b01b4926fd5a0,4797,4497,True,True,4797,0.035994,-20.584405174792,2.7102538463999997,3f928dcbf11c29ae0434b6227a68aead3b2dd389ac5b70fd99d7b64a25cf67a1,4797,4497,True
SZV/IL_25_z3-35,54,48.6,True,True,2025.2,ENERGY,SZV-MOLOPT-GTH,True,True,72,1,20.0,207092ad2b8d24b02ab7896d81d43cc4517ebf1adc231855605cda7e781622f8,5121726bad849014c468dee5d4e4fa40d1f9dbd6c9a2c564eff3d0c4df84661e,2320,1250,980,90,3.35,558b88dab3a1b3d6967d5fac21d4c12a130a0cc4d5e2f6605f45e0da017fc4a1,300,5,1.0E-10,1.0E-5,3000,ATOMIC,300,[K]  300,XYZ,True,4805,0.035959,-20.572132840608,2.7102810577840004,0d1625bcc7e361e1987db5df29ad75f24c612128fee451ed14d1187c5aee20e1,4805,4505,True,True,4805,0.035959,-20.572132840608,2.7102810577840004,d0c36bac2632bbcfce0c4d128ea5cbe82349c16c56819feb5f0aeb07b056a982,4805,4505,True
SZV/IL_25_z3-35,55,49.5,True,True,2025.2,ENERGY,SZV-MOLOPT-GTH,True,True,347,2,20.0,207092ad2b8d24b02ab7896d81d43cc4517ebf1adc231855605cda7e781622f8,d2db48ad339b268c9d93db3750531c2a372e3a8a6ae42548bd1bcb31f34a9792,2320,1250,981,89,3.35,00a8825072c9dd2f377dfd8cbd2785a9a73385480deb521c783669238068895b,300,5,1.0E-10,1.0E-5,3000,ATOMIC,300,[K]  300,XYZ,True,4807,0.0359,-20.566119124744,2.7203220584799994,d90ab35ec5b4440972d23c05106a8c2e8485628f4fbb9bfedbd9b1a1c8250d07,4807,4507,True,True,4806,0.0359,-20.566119124744,2.716811789944,e4bfb6cdb6d1046fd17783e136f53afff837c0836a2a1738f713afac5b8c635e,4806,4506,True
SZV/IL_25_z3-35,56,50.4,True,True,2025.2,ENERGY,SZV-MOLOPT-GTH,True,True,70,1,20.0,207092ad2b8d24b02ab7896d81d43cc4517ebf1adc231855605cda7e781622f8,5e383ace023ff7ae08ba9094b11d07a8f4721a19599a4c9614d4f5a4571950c5,2312,1250,974,88,3.35,d883645004009ae8e9b6aaff787ea57d85f19a155475b5a2d96557756dfbb052,300,5,1.0E-10,1.0E-5,3000,ATOMIC,300,[K]  300,XYZ,True,4792,0.035368,-20.562336742368,2.72290713996,6ff9c96158c54dc626a6d2f5db4f171bc5ac49892b751a5c37a69963011205ff,4792,4492,True,True,4792,0.035368,-20.562336742368,2.722934351344,6465c331ad85e6def0875b5282ab4f0e6db95bff093bb8ae9fc91c8f4f128cec,4792,4492,True
SZV/IL_25_z3-35,57,51.3,True,True,2025.2,ENERGY,SZV-MOLOPT-GTH,True,True,70,1,20.0,207092ad2b8d24b02ab7896d81d43cc4517ebf1adc231855605cda7e781622f8,2707d4449a0aad3952ecdb10254ec719fc663e039048096f8a36b24fe5892616,2310,1250,972,88,3.35,c17a1a009209852ecd80b6e30d3abda3ba5d4e8e5b9faf5e5d95799f23ca654c,300,5,1.0E-10,1.0E-5,3000,ATOMIC,300,[K]  300,XYZ,True,4788,0.035288,-20.564649710008,2.7372203279439997,4012197fd8bd2aafbe4b421157cfaa8bd66f9cdb78d962c124fdd7dcbd4f78db,4788,4488,True,True,4788,0.035288,-20.564649710008,2.7372203279439997,30628e44d2d61b2c5b64496e11086200f437d2022877181059df4e99eb007927,4788,4488,True
SZV/IL_25_z3-35,58,52.2,True,True,2025.2,ENERGY,SZV-MOLOPT-GTH,True,True,90,1,20.0,207092ad2b8d24b02ab7896d81d43cc4517ebf1adc231855605cda7e781622f8,62effd6f3bc019d6a5b5885a9f168d49ba157ef1269bd1325b6568735a2c701e,2312,1250,974,88,3.35,19a343f2ebd7025bd1a4b1d60ee0a98815c0e8fd2d975ab0cb3e0316fe53a530,300,5,1.0E-10,1.0E-5,3000,ATOMIC,300,[K]  300,XYZ,True,4792,0.034989,-20.546717407952,2.7350978399920005,693d2e302bbd2de5d7a50df41ec3a746670084e87a0d8780bdf2e4f908357c90,4792,4492,True,True,4792,0.034989,-20.546717407952,2.7350978399920005,2bc45a19e68c79f479a7606238e22d519ac63595864b17a3cea921c364aaca85,4792,4492,True
SZV/IL_25_z3-35,59,53.1,True,True,2025.2,ENERGY,SZV-MOLOPT-GTH,True,True,80,1,20.0,207092ad2b8d24b02ab7896d81d43cc4517ebf1adc231855605cda7e781622f8,c012e76e9a31d181df6de3657ad13331b7cbd65fe2d757a38f45b93392673ec1,2306,1250,970,86,3.35,7df05a1bb939fa5da205b916baab4202c7bfd2eda587c6e9f768faea32f90952,300,5,1.0E-10,1.0E-5,3000,ATOMIC,300,[K]  300,XYZ,True,4783,0.034527,-20.539724082263998,2.740839442016,19d22c2ec5c3a4659d96d0ce131b38a08163e3dd8d2ceb900433a1a68d44eaa1,4783,4483,True,True,4783,0.034527,-20.539724082263998,2.740839442016,86ca5db9e8074a3fc646394793dd1d394ca2db6f286cea3e871f6d93a46cf23c,4783,4483,True
SZV/IL_25_z3-35,5,4.5,True,True,2023.1,ENERGY,SZV-MOLOPT-GTH,True,True,238,1,20.0,6c25e641223105e9fc4278e0214ed89c675d1e3319df0b9a56cd4950d24d25d7,8c1175e45e90773dab292a0f8d2d34a989750a3082633bb926d8626720ecca3d,2324,1250,984,90,3.35,28ca2c92e56c5f07e7028fa3db5ce884bbcf968853d41afe2717dbb0e226b6fb,300,5,1.0E-10,1.0E-5,3000,RESTART,300,[K]  1,XYZ,True,4813,0.036641,-20.589793028824,2.6979270894479996,a8d21e4269367d8ba8303bbf8394bda965062169c361cafd508979c218223eac,4813,4513,True,True,4813,0.036641,-20.589575337752,2.715913814271999,d95b2782fea2ab1a7859f41c73d0723d2789b65d23037acf75794b6d128fc094,4813,4513,True
SZV/IL_25_z3-35,60,54.0,True,True,2025.2,ENERGY,SZV-MOLOPT-GTH,True,True,95,1,20.0,207092ad2b8d24b02ab7896d81d43cc4517ebf1adc231855605cda7e781622f8,a0fa825e5323c202645a8c8731db6f49143d34993fc8b755932c22e507e03678,2306,1250,970,86,3.35,980fad74cee864cec6aa8202d228f6c6e54fca2382b7025fbf69f469ac4d8174,300,5,1.0E-10,1.0E-5,3000,ATOMIC,300,[K]  300,XYZ,True,4783,0.034107,-20.517029788008,2.746064027744,52a7462aea1f2dc7f23d1e1ef214f971f11138ce124a2e3ea79fae04c654d9b7,4783,4483,True,True,4783,0.034107,-20.517029788008,2.746064027744,06ae23d157f2f3a724d08c3f79cbf4570f16ac1852c972f2b71969c66f8a31a0,4783,4483,True
SZV/IL_25_z3-35,61,54.9,True,True,2025.2,ENERGY,SZV-MOLOPT-GTH,True,True,114,1,20.0,207092ad2b8d24b02ab7896d81d43cc4517ebf1adc231855605cda7e781622f8,40f304d1b340e9cc694cbb050ecf6d306bf0f2fd942dc491923e6c0a38c3883a,2302,1250,966,86,3.35,69dc6eb0b79b9abcaa2016cecae6ba609a4f1c60ea119569b198ac3591ab60b2,300,5,1.0E-10,1.0E-5,3000,ATOMIC,300,[K]  300,XYZ,True,4775,0.033841,-20.51779170676,2.7538464835679997,53a9a16468703a0b80a5fbe255e4fdef6117f30d8ad222c7afe0c82e5f6e0834,4775,4475,True,True,4775,0.033841,-20.51779170676,2.7538464835679997,26d52b725255d99afc8e8ff4fa68daefe8f27c171e30ea8927ff9436a23a61b2,4775,4475,True
SZV/IL_25_z3-35,62,55.8,True,True,2025.2,ENERGY,SZV-MOLOPT-GTH,True,True,577,2,20.0,207092ad2b8d24b02ab7896d81d43cc4517ebf1adc231855605cda7e781622f8,f85cfc9ec5d48f8abc6a83da3aa28b151d68d470310ae6c2bec1c49d6be05c42,2308,1250,971,87,3.35,5b892500b1a4772c8bd9c55a718285849f42e4a44003cfb94f3092012e518f7e,300,5,1.0E-10,1.0E-5,3000,ATOMIC,300,[K]  300,XYZ,True,4786,0.033798,-20.491968103344,2.7694386066,3044bf0f3e921809415398f45752bd9f2672790bfde331d50e346fe7bf3a71f0,4786,4486,True,True,4785,0.033798,-20.491968103344,2.764050752568,668f5c9804580db966fae88fa06f44cb57706ae55166168e75787aafbd105d27,4785,4485,True
SZV/IL_25_z3-35,63,56.7,True,True,2025.2,ENERGY,SZV-MOLOPT-GTH,True,True,104,1,20.0,207092ad2b8d24b02ab7896d81d43cc4517ebf1adc231855605cda7e781622f8,aceec802a4bb4dbf6a8bc84c96b6e88371cb47afc415b1ec1a22403474a41b50,2302,1250,966,86,3.35,780c18a8956b623837d5f05ee4e5f6378260536c9b0f6a8bcda186929baf915d,300,5,1.0E-10,1.0E-5,3000,ATOMIC,300,[K]  300,XYZ,True,4775,0.033378,-20.499886616088002,2.7707991757999997,be6fbeed43164e56818e58055ac1183049bf4b12f926bd74f16537ab61c81160,4775,4475,True,True,4775,0.033378,-20.499886616088002,2.7707991757999997,7d92ee532fc3f8fc893a67a2d24bf98d9619b011130e23dde55c373fb27596d2,4775,4475,True
SZV/IL_25_z3-35,64,57.6,True,True,2025.2,ENERGY,SZV-MOLOPT-GTH,True,True,240,2,20.0,b5c1794ae815272d0b0e7ced770885ea2a16713c894734dc80421fc9ea2f8fb2,23643b4c4abe197de5266ac4ad08a514ae45fcad094d8fa32ff8703db2eb93c8,2302,1250,967,85,3.35,279c1404382ab85c9f81d9729d366f18bdddcebe95de5a17d678ee98196e5681,300,5,1.0E-10,1.0E-5,3000,RESTART,300,[K]  300,XYZ,True,4777,0.032599,-20.492131371648,2.8000514136,62ab9a004e6b1a7c0f3a8a23b7024dd7bf6b4f303d1e325e1e94802fbf0bc070,4777,4477,True,True,4776,0.032599,-20.492131371648,2.7972486410479993,bc3dc833a26e6bba48119d98a9fa3eb33248331942b1599c843dacd98b4a60d1,4776,4476,True
SZV/IL_25_z3-35,65,58.5,True,True,2025.2,ENERGY,SZV-MOLOPT-GTH,True,True,106,1,20.0,207092ad2b8d24b02ab7896d81d43cc4517ebf1adc231855605cda7e781622f8,0af7b69cde73838383cd5d20e4954f95e54577e02dbdaee38619d9d11dd7db0d,2286,1250,952,84,3.35,a5e888b0caaced778a7557202ee4bb018bb8b27880f95c6b8bc73109b0a43ff1,300,5,1.0E-10,1.0E-5,3000,ATOMIC,300,[K]  300,XYZ,True,4746,0.031947,-20.49058032276,2.811534617648,42ce16bb63c231f38d199d3134edf67995e1da55d0be85c9f4cbc4d89f5d6fa3,4746,4446,True,True,4746,0.031947,-20.49058032276,2.811534617648,af1d40cec2a03369354e6e054e1300e254de6d09455a23526cf6c06c6b5b740e,4746,4446,True
SZV/IL_25_z3-35,66,59.4,True,True,2025.2,ENERGY,SZV-MOLOPT-GTH,True,True,609,2,20.0,207092ad2b8d24b02ab7896d81d43cc4517ebf1adc231855605cda7e781622f8,2abb957783165887101d7c90ccf0e4d2f29cedb74b2634d9d18533c7c0daa230,2316,1250,981,85,3.35,c424a752262de2cb864b8837a2829d092755df923776ea24ed6ba5f532fcd2b5,300,5,1.0E-10,1.0E-5,3000,ATOMIC,300,[K]  300,XYZ,True,4805,0.034578,-20.514607974831996,2.765819492528,0cceaf100a43e9a6242c00a802230677ce34d4cb794ffd2db81fb88a3c7a9ad6,4805,4505,True,True,4804,0.034578,-20.5146623976,2.7630167199759996,b15c57b55ac3e285605eb8f110da53218bc1af3652bc209048c592784b423584,4804,4504,True
SZV/IL_25_z3-35,67,60.3,True,True,2025.2,ENERGY,SZV-MOLOPT-GTH,True,True,477,2,20.0,207092ad2b8d24b02ab7896d81d43cc4517ebf1adc231855605cda7e781622f8,293666ca52f748f99062209e6ce1a843e132ee702fbd1e7191e827b757e8209c,2284,1250,951,83,3.35,b42bafac79bbcfe430533af3a5bee6095ed3d4d53422349fa03ac50505ddd920,300,5,1.0E-10,1.0E-5,3000,ATOMIC,300,[K]  300,XYZ,True,4744,0.033162,-20.535778431584,2.782472859536,afb8f4baa35c9783e6217908631c78f527b676dc5196b30cd56e4fa62ef32352,4744,4444,True,True,4743,0.033162,-20.535832854352,2.77991498944,6a0dbce68b2507a8defb8b240113256d4d75be492f50f1643e7c4e7e9b0cf7d7,4743,4443,True
SZV/IL_25_z3-35,68,61.2,True,True,2025.2,ENERGY,SZV-MOLOPT-GTH,True,True,165,2,20.0,b5c1794ae815272d0b0e7ced770885ea2a16713c894734dc80421fc9ea2f8fb2,9ff6b8861e4623d7fa47383f49e5d475a3be58f782785bd278651122f218d4c8,2284,1250,951,83,3.35,4d75152c863d4847b6bb768093b99b9319006e7327cc3a5a8fdc3b7d69b99bea,300,5,1.0E-10,1.0E-5,3000,RESTART,300,[K]  300,XYZ,True,4744,0.032292,-20.503859478152002,2.806963105136,ae0a74d68107c77e9d5c8bd2ae0026cfc0d0f288daa8cf97baa89c0bcbdc30d0,4744,4444,True,True,4743,0.032292,-20.503859478152002,2.8026092836959995,8333ded0c4960dc9bfa5122b6cccde54d14cb3092f5e6aa9b14d7d27f5ab2353,4743,4443,True
SZV/IL_25_z3-35,69,62.1,True,True,2025.2,ENERGY,SZV-MOLOPT-GTH,True,True,126,2,20.0,b5c1794ae815272d0b0e7ced770885ea2a16713c894734dc80421fc9ea2f8fb2,893ca92165f9407b2ad6add3d96c0fbce94630251f229416d0ec5ad93645b0cf,2302,1250,967,85,3.35,77e473567eb7d981b98ff13400713e8cc16e2cefe70ca6b531658f09377d657e,300,5,1.0E-10,1.0E-5,3000,RESTART,300,[K]  300,XYZ,True,4777,0.032566,-20.491505509815997,2.805248787944,2fab07f6afb602a2e288ffbbbee7a31bbd288e1ca15749cff656c7e55497ecee,4777,4477,True,True,4776,0.032566,-20.491505509815997,2.8009766006560004,7c5dcab267f7e42d9904aeda4310277a6ac8e5ba944863877487f875082552b6,4776,4476,True
SZV/IL_25_z3-35,6,5.4,True,True,2025.2,ENERGY,SZV-MOLOPT-GTH,True,True,133,1,20.0,207092ad2b8d24b02ab7896d81d43cc4517ebf1adc231855605cda7e781622f8,a5edcd3e9561f96fd10da262488c081d576a2f020bd208972f504462fe6ac851,2328,1250,986,92,3.35,0369b6d81ae9543d6e45912637ef95ff4f0f69bc7320858951855ff9bc91d77a,300,5,1.0E-10,1.0E-5,3000,ATOMIC,300,[K]  300,XYZ,True,4818,0.035545,-20.536730830024,2.7383359946879997,a035d97181ac047d6be26f239857c92a971047c0c73298e4736b46ee0e59a44e,4818,4518,True,True,4818,0.035545,-20.536730830024,2.7383359946879997,32dfe7b906f406d0f2682707ae92650815716f55cf9b26d5864b45192f7e1a2d,4818,4518,True
SZV/IL_25_z3-35,70,63.0,True,True,2025.2,ENERGY,SZV-MOLOPT-GTH,True,True,469,2,20.0,207092ad2b8d24b02ab7896d81d43cc4517ebf1adc231855605cda7e781622f8,19ad5abc4bc111b62758a4f544a7d6f4cb4ab7c1f78ec705975e8a16a69b6562,2298,1250,963,85,3.35,c628c8269f65ce68181c26184de15bf37f6e85064996e540f8c44ec4fa23fdab,300,5,1.0E-10,1.0E-5,3000,ATOMIC,300,[K]  300,XYZ,True,4769,0.03319,-20.508648681736,2.7855749573120003,72ad0268ca3e6deebc558f1234c39e36f94e6cdff11d307008399c83d81c3758,4769,4469,True,True,4768,0.03319,-20.508675893119996,2.776214241216,fc176afe0d4af85b1a4f1ef6d9a9c98a466227eed0eddba4c3575ff77f057e99,4768,4468,True
SZV/IL_25_z3-35,71,63.9,True,True,2025.2,ENERGY,SZV-MOLOPT-GTH,True,True,101,1,20.0,207092ad2b8d24b02ab7896d81d43cc4517ebf1adc231855605cda7e781622f8,efdc8eb26e783a54e4945f941eefaac8997cfc97520be5408fc4382f163e6ad1,2304,1250,968,86,3.35,1e237dd1c5bb3a136bd7b7e8135b78caf41bf5bb5b889a4e048c8e476c90ee01,300,5,1.0E-10,1.0E-5,3000,ATOMIC,300,[K]  300,XYZ,True,4779,0.03384,-20.495532794648,2.7646221916319997,a713f83f2d0bbfde866caba195c5aea5356eb0ac8795e47be750495cd57a0333,4779,4479,True,True,4779,0.03384,-20.495532794648,2.7646221916319997,5db98f6aca758569b538dd17825431c0c0d3f35ae95b8345f30ade2d885e0bd4,4779,4479,True
SZV/IL_25_z3-35,72,64.8,True,True,2025.2,ENERGY,SZV-MOLOPT-GTH,True,True,109,1,20.0,207092ad2b8d24b02ab7896d81d43cc4517ebf1adc231855605cda7e781622f8,29d54b623f738bc729138d95cb162af0c72e849f69da7c0e4e26193b4b05afa4,2300,1250,964,86,3.35,dd7419384a0ea0631f6486c72ae7bda7a340db4a679532c24ef6c79c193c3a37,300,5,1.0E-10,1.0E-5,3000,ATOMIC,300,[K]  300,XYZ,True,4771,0.033508,-20.512213373039998,2.7716971514719995,c243580350a2406d55343f41830702a3ef13393545c56bc05f2703df366fffd5,4771,4471,True,True,4771,0.033508,-20.512213373039998,2.771669940088,c798244914548d9ddcab5c3c1f67a4cb438a68ef9eb2e069bfe4da2ff1e9bfb0,4771,4471,True
SZV/IL_25_z3-35,73,65.7,True,True,2025.2,ENERGY,SZV-MOLOPT-GTH,True,True,519,2,20.0,207092ad2b8d24b02ab7896d81d43cc4517ebf1adc231855605cda7e781622f8,b7445eb032526d13736b606fcb7717a9543f24d2e4c2166914f0289662a439da,2306,1250,969,87,3.35,218ea4d14a0c53403ff79c6d05b888d09fed89a693fb913f33fd18b230aac90f,300,5,1.0E-10,1.0E-5,3000,ATOMIC,300,[K]  300,XYZ,True,4782,0.034178,-20.520621690696,2.7537920608,03d745fe7dfd1b6348d39d3c5927bdbff12e8d3f277b717dda3454459ad72e44,4782,4482,True,True,4781,0.034178,-20.520648902079998,2.7467171009599998,1136094435a50cf52bf052f5c71a2c04c9eb2038d650745046a6ee6f7d875aef,4781,4481,True
SZV/IL_25_z3-35,74,66.6,True,True,2025.2,ENERGY,SZV-MOLOPT-GTH,True,True,333,2,20.0,207092ad2b8d24b02ab7896d81d43cc4517ebf1adc231855605cda7e781622f8,81c4e96f64001d4fa0e4cccf950384cf2c19f198730a016fa6d224ea696c7f57,2306,1250,969,87,3.35,de8e0b9089b58cabc9da6f84e627f01a67d71f12e5db62303176fdc1be2ba093,300,5,1.0E-10,1.0E-5,3000,ATOMIC,300,[K]  300,XYZ,True,4782,0.034492,-20.542826180039995,2.7516423614640004,112d89b7ae08351e2a9b35a737e72596f0cc0ee032b3fcbb5e4c442917303883,4782,4482,True,True,4781,0.034492,-20.542880602807998,2.746145661896,5fc6603c005e6636f5fcf0848f3dc230ed0133e39e1947af91d23c857ad9cbe3,4781,4481,True
SZV/IL_25_z3-35,75,67.5,True,True,2025.2,ENERGY,SZV-MOLOPT-GTH,True,True,451,2,20.0,207092ad2b8d24b02ab7896d81d43cc4517ebf1adc231855605cda7e781622f8,4caae326aae252f8162722162b936437992be6593a7580f5420cc6ed64e95ee4,2312,1250,973,89,3.35,fa4ca8c66baccf0ec9e4896dc9c65279902ef703f59f80aef1e9809910666ec7,300,5,1.0E-10,1.0E-5,3000,ATOMIC,300,[K]  300,XYZ,True,4791,0.035163,-20.556214180968002,2.745193263456,ee767ac9df78a680049d845ecefbf92022bdae7f7073845c05a0a0a163a5a191,4791,4491,True,True,4790,0.035163,-20.556377449272,2.741302035544,fcea40fbf360411935c810bc6f061591533d4bae91ee6eb67d0c18672b780787,4790,4490,True
SZV/IL_25_z3-35,76,68.4,True,True,2025.2,ENERGY,SZV-MOLOPT-GTH,True,True,99,1,20.0,207092ad2b8d24b02ab7896d81d43cc4517ebf1adc231855605cda7e781622f8,57ce833f2da1e676e0a9a272393d7cc7a999a7b9cc91f785ff8df7a4669ee929,2308,1250,970,88,3.35,df14562d0ad6dbcd783f9064fe312fe5592332d42b51056cfcfa3e54d4af7f6a,300,5,1.0E-10,1.0E-5,3000,ATOMIC,300,[K]  300,XYZ,True,4784,0.035098,-20.563697311568,2.745166052072,b35f20b505c56b07c19d36c794f38b958cdc8dacf88486c7568a79ae8e005df7,4784,4484,True,True,4784,0.035098,-20.563697311568,2.745166052072,137bffdc79db1c56845ffa4a4199a596068ceb4d79f9815fea870dfa9e6a9aca,4784,4484,True
SZV/IL_25_z3-35,77,69.3,True,True,2025.2,ENERGY,SZV-MOLOPT-GTH,True,True,83,1,20.0,207092ad2b8d24b02ab7896d81d43cc4517ebf1adc231855605cda7e781622f8,631a4dc48d69ea0c39ab0b4bb103b4058a40cc7a342018498135c2da8f16274b,2316,1250,976,90,3.35,dd31e64843ff368fda4144f90cf48ca9abbd7c4f60d5ea468d42120f0a2871e0,300,5,1.0E-10,1.0E-5,3000,ATOMIC,300,[K]  300,XYZ,True,4797,0.035561,-20.564758555544,2.730607961632,98766796649e17b8ef489da83ca6d7462eee1c30be27f5c2974bd42dc8af5d2f,4797,4497,True,True,4797,0.035561,-20.564758555544,2.730607961632,15804453eea3b75cf00d7d9105364206b5d6353330e0ac8d0f21427b046eee7a,4797,4497,True
SZV/IL_25_z3-35,78,70.2,True,True,2025.2,ENERGY,SZV-MOLOPT-GTH,True,True,71,1,20.0,207092ad2b8d24b02ab7896d81d43cc4517ebf1adc231855605cda7e781622f8,b4b1c9c0f67bf0fb8b965bb64bed763e3fb55a01deab13f0b90b3bdb03ec0fa6,2314,1250,974,90,3.35,ee052b58f6415ad6a70769c3c6212e07cda5be7230730f00e28a974e7b7b7c90,300,5,1.0E-10,1.0E-5,3000,ATOMIC,300,[K]  300,XYZ,True,4793,0.035609,-20.574772344856,2.723424156256,88736bc5b5421d0242d8f195fda45bdf8ad295cafe6174c7a22282c52d886750,4793,4493,True,True,4793,0.035609,-20.574772344856,2.723424156256,90f807ed6f00084ae8a2aa2b805434839aad9da8623cbbc05836d6bd69a8c34d,4793,4493,True
SZV/IL_25_z3-35,79,71.1,True,True,2025.2,ENERGY,SZV-MOLOPT-GTH,True,True,362,2,20.0,207092ad2b8d24b02ab7896d81d43cc4517ebf1adc231855605cda7e781622f8,4362e53922e42581ce713ef8e9f46f0c70cfe6cd55c45aa2870722756176e489,2316,1250,975,91,3.35,c3377c044074d6595f0c3eb41bccc482c3202305d62ebd549694038af5d66325,300,5,1.0E-10,1.0E-5,3000,ATOMIC,300,[K]  300,XYZ,True,4796,0.035878,-20.583071816976,2.7245126116160003,92f27f2059b5b2b1e17157703d94f44acba92c4431ae45caf8caa1ba15ba3377,4796,4496,True,True,4795,0.035878,-20.583153451128,2.7176553428480004,9ff2116361dd0794250c51fa6a427b74649ce0e5311b9d4015ff615a0ca529c1,4795,4495,True
SZV/IL_25_z3-35,7,6.3,True,True,2023.1,ENERGY,SZV-MOLOPT-GTH,True,True,1186,2,20.0,576d7fd004846209c4fcfc306a574f2748774613b59745c0432e0858b562dae9,f62d3d204c483c54a0750cd03d89d4108f20be0c5bf7a6a27dd4fc0c1372fded,2326,1250,985,91,3.35,0d5140a5e758b46a3e9222999714fffba3ad0cdd0ab9cb690c23d36d404f5800,300,5,1.0E-10,1.0E-5,20000,RESTART,300,[K]  300,XYZ,True,4816,0.035528,-20.550989595239997,2.733301888648,1e492243bdc31ef1024da204169a713107006b9bcf6bc1c7c264d551dcefe2db,4816,4516,True,True,4815,0.035528,-20.5507174814,2.7389346451359997,2a9d08dfd5b481b58696f1a96cd8d4b08ac8705101c754e1ceeb582fb7bee751,4815,4515,True
SZV/IL_25_z3-35,80,72.0,True,True,2025.2,ENERGY,SZV-MOLOPT-GTH,True,True,584,2,20.0,207092ad2b8d24b02ab7896d81d43cc4517ebf1adc231855605cda7e781622f8,d6f9b91c67a33835018babca97ca9b7bb65289668a875f90b5ec1d6e7b2ebd1a,2320,1250,979,91,3.35,bcbee6d97d50f4542908adcd8044323dc4e19761173259456f243599dff129bf,300,5,1.0E-10,1.0E-5,3000,ATOMIC,300,[K]  300,XYZ,True,4804,0.036093,-20.582364320992,2.7217914732159993,0467f12a4e5595b89ab702df8351b5de36eaf814676cfeba0e640289031dd32f,4804,4504,True,True,4803,0.036093,-20.582364320992,2.7176009200799998,4fea49931df55c8cca8098495ab836e50ae01c32f16c19d7ae807117ccc2c51a,4803,4503,True
SZV/IL_25_z3-35,81,72.9,True,True,2025.2,ENERGY,SZV-MOLOPT-GTH,True,True,62,1,20.0,207092ad2b8d24b02ab7896d81d43cc4517ebf1adc231855605cda7e781622f8,34213d26467ba744e4cee614ea91e60605d5c6219b4a37dfbed3707449504c0d,2324,1250,982,92,3.35,e676e5abf68f4d061133aa4fa189547623808d4dce2f90248ed203621062938a,300,5,1.0E-10,1.0E-5,3000,ATOMIC,300,[K]  300,XYZ,True,4810,0.036315,-20.583207873895997,2.717791399768,e4966fcc7fe50764c072653a4f058f766513c7ef65394de69ed9599e3a1e31d7,4810,4510,True,True,4810,0.036315,-20.583207873895997,2.717791399768,ff90b7e84568bdd373e9649cc80a7ebad2d11b82058d52afa245f19e5072ba58,4810,4510,True
SZV/IL_25_z3-35,82,73.8,True,True,2025.2,ENERGY,SZV-MOLOPT-GTH,True,True,52,1,20.0,207092ad2b8d24b02ab7896d81d43cc4517ebf1adc231855605cda7e781622f8,a7013543b279151781f025e6b02955a58d4ca01588aa359baf06ce3abbf393df,2324,1250,982,92,3.35,c5385b55cdcecab779b1f884800308f7c3fe3ca316c16610b45d6ade87deb2c0,300,5,1.0E-10,1.0E-5,3000,ATOMIC,300,[K]  300,XYZ,True,4810,0.03654,-20.59275906968,2.7128389278799996,a16a7a07109869455290b22fa54e138c4472f0ad01b4d3a7d6d703fcef87b359,4810,4510,True,True,4810,0.03654,-20.59275906968,2.7128389278799996,7f474d77f58d5f973df129497abb10c46bd3b15de40262964090ecd036ba8114,4810,4510,True
SZV/IL_25_z3-35,83,74.7,True,True,2025.2,ENERGY,SZV-MOLOPT-GTH,True,True,148,2,20.0,207092ad2b8d24b02ab7896d81d43cc4517ebf1adc231855605cda7e781622f8,3ef75d2b4a443f7a2ee1689f66c9990f26617fecce6cbdd53aa3f7750aa2732a,2324,1250,981,93,3.35,829590e8a7b7d538da7d0d17f8fba3cd2e83559ddef1423a732d106ffe318a94,300,5,1.0E-10,1.0E-5,3000,ATOMIC,300,[K]  300,XYZ,True,4809,0.03639,-20.589112744224,2.7138185377039994,cb653ac19b759d1dbcaa225fe65f092f5711fe419533655b73341e2a61b41d3b,4809,4509,True,True,4808,0.03639,-20.589167166992,2.7079408787599997,5ebc3543f43f759762400a956da03790e788042912cec7ff759cfa2aacd417d5,4808,4508,True
SZV/IL_25_z3-35,84,75.6,True,True,2025.2,ENERGY,SZV-MOLOPT-GTH,True,True,170,2,20.0,207092ad2b8d24b02ab7896d81d43cc4517ebf1adc231855605cda7e781622f8,f8c45dcc8a3ca7d806b2332e786bdf3e1b957733498f8be3b7c6a1e1c14ff318,2328,1250,985,93,3.35,b0f5576dde4d09370f1d27ffa3c1226c251824a5d4b7747f0c90f15200f3a060,300,5,1.0E-10,1.0E-5,3000,ATOMIC,300,[K]  300,XYZ,True,4817,0.036688,-20.592051573696,2.70807693568,8cf1c3fd0ba8b0fd13b842a69de3ca64dd7deb20e85f55d57cc6af085bcdae3e,4817,4517,True,True,4816,0.036688,-20.592024362312,2.704702724064,4cedc58c84804913f5ff79b9900cc09520ada1a5b3fe521a18039d0235b778bc,4816,4516,True
SZV/IL_25_z3-35,85,76.5,True,True,2025.2,ENERGY,SZV-MOLOPT-GTH,True,True,192,2,20.0,207092ad2b8d24b02ab7896d81d43cc4517ebf1adc231855605cda7e781622f8,607f5f52973740c4657c50804f4648f63e7c8ab7cdb800155c464dbc93d4f2b4,2334,1250,989,95,3.35,1471c1007060998312c237a975c41361b81c01810766fda4d130bb91ef5713b6,300,5,1.0E-10,1.0E-5,3000,ATOMIC,300,[K]  300,XYZ,True,4826,0.03712,-20.595289728392,2.70780482184,981b25dd6c8f4ce353a9697ea345bf8c5138216898f93fab97f1fa09a604f370,4826,4526,True,True,4825,0.03712,-20.59534415116,2.701927162896,1cd1dc1e0f72eb0de4d7d9d2468055304c5d0936d05a282b504cdc7c5ec8a184,4825,4525,True
SZV/IL_25_z3-35,86,77.4,True,True,2025.2,ENERGY,SZV-MOLOPT-GTH,True,True,160,2,20.0,207092ad2b8d24b02ab7896d81d43cc4517ebf1adc231855605cda7e781622f8,881e12ebae22d33bbabf3f12aac72e7cf2d87694dc2bd266d25feb7269adc7c5,2334,1250,989,95,3.35,927c3d5d9a6c1e583dbde2e948ce37641ed625f7660cfcbe6a711a8466c68645,300,5,1.0E-10,1.0E-5,3000,ATOMIC,300,[K]  300,XYZ,True,4826,0.037046,-20.596867988664002,2.7063898298719997,3d0cd8d5feb9eb1318565915179b58f078c9327e53a2488f691e6f218c87b523,4826,4526,True,True,4825,0.037046,-20.5969768342,2.703097252408,39ed2738d0ff1c252a5c2d9ce2c79fd82d4964c6beed52f8c4d9106f321f593c,4825,4525,True
SZV/IL_25_z3-35,87,78.3,True,True,2025.2,ENERGY,SZV-MOLOPT-GTH,True,True,215,2,20.0,207092ad2b8d24b02ab7896d81d43cc4517ebf1adc231855605cda7e781622f8,3d070a96c18b5c47cac69d035fbc00591e7244ee6a329798aa227263affbd193,2336,1250,991,95,3.35,14348ec606687f3e9752c91459c92a4603da0df23b6022a0fc78a0898178ba12,300,5,1.0E-10,1.0E-5,3000,ATOMIC,300,[K]  300,XYZ,True,4830,0.037068,-20.594990403167998,2.713628058016,cf5ca41157290e0cf59a449998aa214fff8680b8c117576864caab874d5b9747,4830,4530,True,True,4829,0.037068,-20.5949359804,2.7050020492880007,92962c4101aa1e581cb06c5810b2f371962e03cadc7b00564c2ad69388c3b5e7,4829,4529,True
SZV/IL_25_z3-35,88,79.2,True,True,2025.2,ENERGY,SZV-MOLOPT-GTH,True,True,29,1,20.0,207092ad2b8d24b02ab7896d81d43cc4517ebf1adc231855605cda7e781622f8,011ed5364bdd1db4f2a6af2bedbc4d77ff3187d1f97d2cb0404a5cf1c3545dac,2350,1250,1004,96,3.35,5e1f8f675fd84ed4f0533af385c59aedc49da75891ae54d177421090b34abb80,300,5,1.0E-10,1.0E-5,3000,ATOMIC,300,[K]  300,XYZ,True,4856,0.037834,-20.589983508512,2.7047843582159996,881b9bcc532b4b44c8e644bc18bc90c1608a208ed1a1fa95cff83f924b7582f5,4856,4556,True,True,4856,0.037834,-20.589983508512,2.7047843582159996,ed102adc6c6f68cbbf13bc7bbf5067ab54fefda5dcf43ba4f953b1d9f13696db,4856,4556,True
SZV/IL_25_z3-35,89,80.1,True,True,2025.2,ENERGY,SZV-MOLOPT-GTH,True,True,74,2,20.0,207092ad2b8d24b02ab7896d81d43cc4517ebf1adc231855605cda7e781622f8,e3aca4b7dc70e86a3da74c276565daf9674f625271fe7307f82f9cd13191b5f4,2344,1250,997,97,3.35,82831d1b42f91c7e08549b940bda8c737d9a7812a8f24ffa1595df2c1fbf38ae,300,5,1.0E-10,1.0E-5,3000,ATOMIC,300,[K]  300,XYZ,True,4843,0.037348,-20.585629687072,2.709083756888,0850089d3b64716f5340d7e044fd76901d59a8bbfe504251c27b56940ae44b82,4843,4543,True,True,4842,0.037348,-20.585629687072,2.7084306836720002,10a76c2776518c422a26e2436ba964cbf91bbdc2f5471cd73c410aba26744563,4842,4542,True
SZV/IL_25_z3-35,8,7.2,True,True,2025.2,ENERGY,SZV-MOLOPT-GTH,True,True,89,1,20.0,207092ad2b8d24b02ab7896d81d43cc4517ebf1adc231855605cda7e781622f8,23abaafedd1ad8651a3288334657fd7969080d629812e9c555b58262298524a8,2328,1250,986,92,3.35,2e76c74d9e10cc5415fa0f8d932266afa872729a2e62c6dc867986ad779dc3ed,300,5,1.0E-10,1.0E-5,3000,ATOMIC,300,[K]  300,XYZ,True,4818,0.036118,-20.55507130284,2.734417555392,ad268c942112fc1abea3de4b42353ec3ea33a234be03553203591c2b7609adf1,4818,4518,True,True,4818,0.036118,-20.55507130284,2.734417555392,650d5d9e29e529fc4ca74ddc71b9516c6606a89ea028f04a8ad930171bc2e99f,4818,4518,True
SZV/IL_25_z3-35,90,81.0,True,True,2025.2,ENERGY,SZV-MOLOPT-GTH,True,True,68,2,20.0,207092ad2b8d24b02ab7896d81d43cc4517ebf1adc231855605cda7e781622f8,76169fbccf784c1bb3b61a5278626b168f77630c4a252052d9321345618c10d5,2344,1250,997,97,3.35,82cca5266bc3787294d06d2447d23fb5f65a583801d0cc6e09da2419f2dc0d5b,300,5,1.0E-10,1.0E-5,3000,ATOMIC,300,[K]  300,XYZ,True,4843,0.037427,-20.592160419232,2.709491927648,bc22e39fe849c8bfb25e6a9e43355e7ab824f651a198f0114512ebea844d5b6d,4843,4543,True,True,4842,0.037427,-20.592160419232,2.707015691704,e6a31f49382202098cc2d0badc8adc01e6a950d599c0b51acde3b7f71251c1bf,4842,4542,True
SZV/IL_25_z3-35,91,81.9,True,True,2025.2,ENERGY,SZV-MOLOPT-GTH,True,True,25,1,20.0,207092ad2b8d24b02ab7896d81d43cc4517ebf1adc231855605cda7e781622f8,1100341a148f64b03ff8ac2ac497bef0b25e2b86f740d7c1cd4f661d0fb83f1d,2344,1250,996,98,3.35,4d3e88de4d6a076c42c96e41289e6ca5b5a2f6d2d5b02bc639eff73a2ab46c4e,300,5,1.0E-10,1.0E-5,3000,ATOMIC,300,[K]  300,XYZ,True,4841,0.037138,-20.581983361616,2.711968163592,16625fad7af82366c06cb4881e15a310328900ab63fb3b31b18f302c00f178dd,4841,4541,True,True,4841,0.037138,-20.581983361616,2.711968163592,fe7f2cb5b07ad29a01bcf53070f9a9addf86f426281882537e9450228cec6ebd,4841,4541,True
SZV/IL_25_z3-35,92,82.8,True,True,2023.1,ENERGY,SZV-MOLOPT-GTH,True,True,110,1,20.0,8c26311a5c84ef0953ebe503fac662ef74984f2947e5b72b814d7045ac500602,09450779a05a4f4d6c9bd496883ae5a43e93176db8f60eb4201e9b4843524598,2346,1250,998,98,3.35,f270f2d101e4df582f3d361dd812ef2c0560bb7d68a18c196628ad81992500f2,300,5,1.0E-10,1.0E-5,3000,ATOMIC,300,[K]  1,XYZ,True,4845,0.038656,-20.648787309335997,2.666797266152,850269b38583939de7551ac7f1ee3da6353a76ea3d93812d2a9078c556c07695,4845,4545,True,True,4845,0.038656,-20.648787309335997,2.666770054768,a96ad6ff1f2268e855bff435db75c61214ed89c98a2e1f8858f903767bd38fce,4845,4545,True
SZV/IL_25_z3-35,93,83.7,True,True,2025.2,ENERGY,SZV-MOLOPT-GTH,True,True,41,2,20.0,207092ad2b8d24b02ab7896d81d43cc4517ebf1adc231855605cda7e781622f8,888b59e37b094fa8966767f528fb56a9d204c6e264d77adbfa6d8f79a7e00667,2350,1250,1001,99,3.35,4316a25e703365994e3f4ab6fc1e134efe560f383f13e70e05db271248da7aa8,300,5,1.0E-10,1.0E-5,3000,ATOMIC,300,[K]  300,XYZ,True,4852,0.037438,-20.585466418768,2.7046483012960003,7d3ec85e376c731e147be87a334665b10c0ae312c524a03a3569766c683cf207,4852,4552,True,True,4851,0.037438,-20.585493630151998,2.702607447496,394ef49519e8c9b7d32904e8f5a56ab7c643914ab07e47bd27f29200723c5ac0,4851,4551,True
SZV/IL_25_z3-35,94,84.6,True,True,2025.2,ENERGY,SZV-MOLOPT-GTH,True,True,20,1,20.0,207092ad2b8d24b02ab7896d81d43cc4517ebf1adc231855605cda7e781622f8,654434fe6830fc4fff63630aeb660d948247f9b09af3d009fbf3a74b9cd69ede,2350,1250,1002,98,3.35,fa96b77d965c0656cb5ab3527202eff9d16cda61abbb88a7e300e5d0f48167b0,300,5,1.0E-10,1.0E-5,3000,ATOMIC,300,[K]  300,XYZ,True,4853,0.037131,-20.574092060256,2.712811716496,b59bb5517e404beb63834dab5adaadba5e8569af695ada1eb1452095f8074395,4853,4553,True,True,4853,0.037131,-20.574092060256,2.712811716496,b59bb5517e404beb63834dab5adaadba5e8569af695ada1eb1452095f8074395,4853,4553,True
SZV/IL_25_z3-35,95,85.5,True,True,2025.2,ENERGY,SZV-MOLOPT-GTH,True,True,22,1,20.0,207092ad2b8d24b02ab7896d81d43cc4517ebf1adc231855605cda7e781622f8,78020dc3c116ea2614fa48ba578271fe0808a0b5ff2f1ed7dbf0438d80f97b5e,2354,1250,1004,100,3.35,ad114e4dfcda23c3c98a9c840b5d67653323a126ff1a904bbb28280aaceb41cb,300,5,1.0E-10,1.0E-5,3000,ATOMIC,300,[K]  300,XYZ,True,4858,0.037541,-20.586119491984,2.7070156917040005,f0d7c9fabed47423c47b6f2582e90066dfec285b515a97a14bfbe31df34ec0c9,4858,4558,True,True,4858,0.037541,-20.586119491984,2.7070156917040005,f0d7c9fabed47423c47b6f2582e90066dfec285b515a97a14bfbe31df34ec0c9,4858,4558,True
SZV/IL_25_z3-35,96,86.4,True,True,2025.2,ENERGY,SZV-MOLOPT-GTH,True,True,22,2,20.0,207092ad2b8d24b02ab7896d81d43cc4517ebf1adc231855605cda7e781622f8,f283f68d126cadcbf20d09bd9fff46af8d3bd25910bbf9daa1ff1cfac0fd40cb,2348,1250,999,99,3.35,b2220ad8249c4da66542d56fc7c332e3f2df9a3a1a324224dc126fd0d4bfaf76,300,5,1.0E-10,1.0E-5,3000,ATOMIC,300,[K]  300,XYZ,True,4848,0.036457,-20.571343710471997,2.72766913216,b84a79abd64be7802fd7a8fb0db6ce9905c15bf2b1eccb9b379f1011ef1ffd8e,4848,4548,True,True,4847,0.036457,-20.571343710471997,2.7250568392959997,7b07f471b3ed0fecc5ab1437577135df44e1574cb203cdad45303463a1d277a1,4847,4547,True
SZV/IL_25_z3-35,97,87.3,True,True,2025.2,ENERGY,SZV-MOLOPT-GTH,True,True,79,2,20.0,207092ad2b8d24b02ab7896d81d43cc4517ebf1adc231855605cda7e781622f8,1342a97588a6e171d7983e8539d269b5490b8603c7b6576ef7bf48ecc7a3e613,2354,1250,1005,99,3.35,296a3c1bd33431fbed7c8030dd16eead284993726fa11cec02a2e83f648e7255,300,5,1.0E-10,1.0E-5,3000,ATOMIC,300,[K]  300,XYZ,True,4860,0.036304,-20.568078344392,2.73923397036,d85757662e8fd9e33cc56f482215a409763a34243cd3ea475ad225fd18e0d883,4860,4560,True,True,4859,0.036304,-20.568023921624,2.7380366694639995,6f314b6ef21fdc2f55e0c0a4ba9cb35f62ecbaddd085d6e9110ea5b8c6528cb6,4859,4559,True
SZV/IL_25_z3-35,98,88.2,True,True,2025.2,ENERGY,SZV-MOLOPT-GTH,True,True,22,1,20.0,207092ad2b8d24b02ab7896d81d43cc4517ebf1adc231855605cda7e781622f8,895f13df991eeb8960c486eca734dcd3f7e858562cbb0d6b9d3b2b7ff7d181e1,2356,1250,1006,100,3.35,6521cba52782932b1750fca051ff7e8e1c4c32164fbd7681d9b524d39b5110f3,300,5,1.0E-10,1.0E-5,3000,ATOMIC,300,[K]  300,XYZ,True,4862,0.036289,-20.565275571839997,2.736349563656,17c20e9cf171ede6b3c9505abd76b413369ed6739ab4d704a4d705ca35a9f5cc,4862,4562,True,True,4862,0.036289,-20.565275571839997,2.736349563656,17c20e9cf171ede6b3c9505abd76b413369ed6739ab4d704a4d705ca35a9f5cc,4862,4562,True
SZV/IL_25_z3-35,99,89.1,True,True,2025.2,ENERGY,SZV-MOLOPT-GTH,True,True,20,2,20.0,207092ad2b8d24b02ab7896d81d43cc4517ebf1adc231855605cda7e781622f8,b0abbeb06d048b2517fad566007dad8dd29d2be7560d9516eeb325f1392f87e8,2352,1250,1003,99,3.35,d5759b55ddf4ed8ff8b5a8de56d711e5f5cbcc762620431d2077af3bf51b5c66,300,5,1.0E-10,1.0E-5,3000,ATOMIC,300,[K]  300,XYZ,True,4856,0.036365,-20.56881305176,2.7294650835039995,732d6653e146ae321abc7d8795e904a22fa18b991248ef08976d5d7a8fe26aff,4856,4556,True,True,4855,0.036365,-20.56881305176,2.7275330752399998,2cbd4b6224afe90ed17a71cd70db74d9652ea38496d426d6af7eeddd302709fb,4855,4555,True
SZV/IL_25_z3-35,9,8.1,True,True,2025.2,ENERGY,SZV-MOLOPT-GTH,True,True,1378,2,20.0,7a059a9b41d868abc406ff6cdc5fd95f90262b9e69e7721fc861b798c7033fa9,1b838f4cad485b883121eaa2f11328f3f9a7111a35c174aa98c83510a3de413a,2326,1250,985,91,3.35,2881fce5a5d5ca1af5409a6ad3c7bd1c41bf1b066902c05d5a3eed891ae67991,300,5,1.0E-10,1.0E-5,10000,RESTART,300,[K]  300,XYZ,True,4816,0.036252,-20.564540864471997,2.7261180832719996,338fff0cf2299dfe8f7a598acc710f3aeb5fb9494e588a943a497f2f8aa5a3b4,4816,4516,True,True,4815,0.036252,-20.564595287239996,2.7198322535679993,8e00447fd4d5921aa2308d1619e937cfb89165c121c32a3a8dcd5bf978d9bbce,4815,4515,True
